location_name,cluster,air_quality_PM2.5,temperature_celsius,air_quality_us-epa-index,uv_index,math_danger_score,gnn_bias,final_danger_score,final_category
25.20_44.00,2,35.60612487792969,23.43128204345703,2.8458030223846436,3.0,99.5,32.4118,100.0,EXTREME DANGER
25.20_44.40,2,35.0982551574707,23.5933837890625,2.8156933784484863,3.0,97.5,30.972446,100.0,EXTREME DANGER
25.20_44.80,5,34.71426773071289,23.562007904052734,2.822080373764038,3.0,97.5,29.075665,100.0,EXTREME DANGER
25.20_45.20,5,37.767032623291016,23.510387420654297,3.0875911712646484,3.0,99.5,30.588814,100.0,EXTREME DANGER
25.20_45.60,2,39.14832305908203,23.51354217529297,3.1906933784484863,3.0,99.5,30.588272,100.0,EXTREME DANGER
25.20_46.00,2,40.970787048339844,23.347265243530273,3.3038320541381836,3.0,99.5,32.57702,100.0,EXTREME DANGER
25.20_46.40,5,48.51718521118164,23.518932342529297,3.6824817657470703,3.0,99.5,32.545113,100.0,EXTREME DANGER
25.20_46.80,5,55.75264358520508,23.677156448364258,3.875,3.0,99.5,33.24784,100.0,EXTREME DANGER
25.20_47.20,2,40.43891525268555,23.469160079956055,3.333029270172119,3.0,99.5,31.829195,100.0,EXTREME DANGER
25.20_47.60,2,36.22959899902344,23.502735137939453,3.041058301925659,3.0,99.5,30.540592,100.0,EXTREME DANGER
25.20_48.00,5,57.243831634521484,23.73322105407715,3.9817519187927246,3.0,99.5,33.277397,100.0,EXTREME DANGER
25.20_48.40,5,52.282386779785156,24.08727264404297,3.721715211868286,3.0,99.5,33.101078,100.0,EXTREME DANGER
25.20_48.80,2,45.536373138427734,24.194732666015625,3.3649635314941406,3.0,99.5,32.714603,100.0,EXTREME DANGER
25.20_49.20,2,44.63346862792969,24.385883331298828,3.149635076522827,3.0,99.5,30.886105,100.0,EXTREME DANGER
25.20_49.60,2,40.36494827270508,24.530961990356445,2.7700729370117188,3.0,97.5,34.120613,100.0,EXTREME DANGER
25.20_50.00,2,36.85539627075195,24.527860641479492,2.5711679458618164,3.0,97.5,34.339348,100.0,EXTREME DANGER
25.20_50.40,2,40.07191467285156,24.827287673950195,2.706204414367676,3.0,97.5,29.461372,100.0,EXTREME DANGER
25.20_50.80,2,44.991092681884766,25.540494918823242,3.0875911712646484,3.0,99.5,30.787415,100.0,EXTREME DANGER
25.20_51.20,2,42.79240798950195,26.19933319091797,3.0456204414367676,3.0,99.5,32.289314,100.0,EXTREME DANGER
25.20_51.60,1,36.60346984863281,25.78323745727539,2.5903284549713135,3.0,97.5,27.709198,100.0,EXTREME DANGER
25.20_52.00,1,33.63432693481445,25.700674057006836,2.430656909942627,3.0,97.5,24.948631,100.0,EXTREME DANGER
25.20_52.40,1,36.44367218017578,25.872692108154297,2.543795585632324,3.0,97.5,24.912794,100.0,EXTREME DANGER
25.20_52.80,1,50.451393127441406,26.083280563354492,2.927919626235962,3.0,97.5,29.821005,100.0,EXTREME DANGER
25.20_53.20,1,39.92915725708008,26.225019454956055,2.646897792816162,3.0,97.5,27.611046,100.0,EXTREME DANGER
25.20_53.60,1,33.769287109375,26.37203025817871,2.4352190494537354,3.0,97.5,20.045197,100.0,EXTREME DANGER
25.20_54.00,1,33.24010467529297,26.40562629699707,2.4124088287353516,3.0,80.0,6.0517306,86.05173063278198,EXTREME DANGER
25.20_54.40,1,34.023170471191406,26.406606674194336,2.460766315460205,3.0,80.0,1.401207,81.40120697021484,EXTREME DANGER
25.20_54.80,1,33.17095947265625,26.371339797973633,2.3987226486206055,3.0,80.0,3.1651015,83.16510152816772,EXTREME DANGER
25.20_55.20,1,38.78520584106445,26.027074813842773,2.66149640083313,3.0,58.0,-3.1944757,54.80552434921265,MODERATE RISK
25.20_55.60,2,38.64065170288086,26.050535202026367,2.699817419052124,3.0,97.5,37.690536,100.0,EXTREME DANGER
25.20_56.00,2,36.15736389160156,25.85411262512207,2.7098541259765625,3.0,97.5,37.18702,100.0,EXTREME DANGER
25.20_56.40,1,34.1413459777832,26.11634635925293,2.4479928016662598,3.0,97.5,23.705572,100.0,EXTREME DANGER
25.20_56.80,1,31.395963668823242,26.227371215820312,2.3074817657470703,3.0,80.0,-3.8692985,76.13070154190063,HIGH RISK
25.20_57.20,1,28.990392684936523,26.298961639404297,2.21350359916687,3.0,80.0,-1.0939615,78.90603852272034,HIGH RISK
25.20_57.60,1,27.2998046875,26.261659622192383,2.1541969776153564,3.0,80.0,-6.1028404,73.89715957641602,HIGH RISK
25.20_58.00,1,26.22368812561035,26.063068389892578,2.1149635314941406,3.0,80.0,-4.313939,75.68606090545654,HIGH RISK
25.20_58.40,1,25.133495330810547,25.967243194580078,2.0647809505462646,3.0,58.0,-10.453515,47.54648494720459,MODERATE RISK
25.20_58.80,1,24.266826629638672,25.790910720825195,2.041970729827881,3.0,58.0,-13.568157,44.43184280395508,MODERATE RISK
25.20_59.20,1,23.375320434570312,25.77738380432129,2.0036497116088867,3.0,58.0,-15.820495,42.179505348205566,MODERATE RISK
25.20_59.60,1,22.91675567626953,25.593143463134766,1.9726277589797974,3.0,58.0,-18.308868,39.691131591796875,LOW RISK
25.20_60.00,1,22.540891647338867,25.665451049804688,1.9580291509628296,3.0,58.0,-14.391361,43.608638763427734,MODERATE RISK
25.20_60.40,1,20.62001609802246,25.50963592529297,1.8868613243103027,3.0,80.0,-6.2435126,73.75648736953735,HIGH RISK
25.20_60.80,1,20.174043655395508,25.238037109375,1.8795620203018188,3.0,80.0,-11.854757,68.14524269104004,HIGH RISK
25.20_61.20,1,22.804086685180664,25.034900665283203,2.0875911712646484,3.0,97.5,12.434368,100.0,EXTREME DANGER
25.20_61.60,1,22.657255172729492,25.28350067138672,2.1012773513793945,3.0,97.5,15.202669,100.0,EXTREME DANGER
25.20_62.00,1,22.235342025756836,25.667835235595703,2.0930657386779785,3.0,97.5,23.321827,100.0,EXTREME DANGER
25.20_62.40,1,23.64537811279297,25.072601318359375,2.1560218334198,3.0,97.5,17.518906,100.0,EXTREME DANGER
25.20_62.80,1,21.729412078857422,24.924541473388672,2.013686180114746,3.0,97.5,15.039339,100.0,EXTREME DANGER
25.20_63.20,1,22.90005874633789,24.99860954284668,2.080291986465454,3.0,97.5,17.75156,100.0,EXTREME DANGER
25.20_63.60,1,23.72969627380371,25.09615707397461,2.1094889640808105,3.0,97.5,24.638916,100.0,EXTREME DANGER
25.20_64.00,1,23.037097930908203,25.182125091552734,2.0656933784484863,3.0,97.5,22.794144,100.0,EXTREME DANGER
25.60_44.00,2,33.5216064453125,23.503366470336914,2.6952555179595947,3.0,97.5,31.377943,100.0,EXTREME DANGER
25.60_44.40,5,34.02191925048828,23.534685134887695,2.75,3.0,97.5,32.28356,100.0,EXTREME DANGER
25.60_44.80,4,35.44249725341797,23.496170043945312,2.896897792816162,3.0,97.5,31.071432,100.0,EXTREME DANGER
25.60_45.20,5,38.4310417175293,23.36713981628418,3.1432480812072754,3.0,99.5,31.51706,100.0,EXTREME DANGER
25.60_45.60,5,38.58384704589844,23.44343376159668,3.155109405517578,3.0,99.5,33.634342,100.0,EXTREME DANGER
25.60_46.00,2,40.07106018066406,23.514631271362305,3.305656909942627,3.0,99.5,31.4682,100.0,EXTREME DANGER
25.60_46.40,5,46.06585693359375,23.455427169799805,3.6012773513793945,3.0,99.5,32.452255,100.0,EXTREME DANGER
25.60_46.80,2,45.07807922363281,23.313840866088867,3.6122262477874756,3.0,99.5,31.511776,100.0,EXTREME DANGER
25.60_47.20,2,41.01093673706055,23.374099731445312,3.4379560947418213,3.0,99.5,31.472235,100.0,EXTREME DANGER
25.60_47.60,2,39.42753219604492,23.60587501525879,3.347627639770508,3.0,99.5,32.569893,100.0,EXTREME DANGER
25.60_48.00,5,50.07622528076172,23.783899307250977,3.783759117126465,3.0,99.5,32.78438,100.0,EXTREME DANGER
25.60_48.40,5,48.930809020996094,23.992265701293945,3.6350364685058594,3.0,99.5,32.600327,100.0,EXTREME DANGER
25.60_48.80,2,46.10348129272461,24.125940322875977,3.416970729827881,3.0,99.5,32.172638,100.0,EXTREME DANGER
25.60_49.20,2,46.75421905517578,24.354736328125,3.271897792816162,3.0,99.5,32.344856,100.0,EXTREME DANGER
25.60_49.60,2,44.12712478637695,24.725927352905273,2.9981751441955566,3.0,99.5,32.852516,100.0,EXTREME DANGER
25.60_50.00,2,39.404502868652344,24.782276153564453,2.6742701530456543,3.0,97.5,32.676582,100.0,EXTREME DANGER
25.60_50.40,1,38.723480224609375,24.874591827392578,2.6094889640808105,3.0,97.5,31.401474,100.0,EXTREME DANGER
25.60_50.80,1,40.199729919433594,25.752521514892578,2.7572991847991943,3.0,97.5,31.306293,100.0,EXTREME DANGER
25.60_51.20,1,35.741024017333984,26.113239288330078,2.589416027069092,3.0,97.5,32.73694,100.0,EXTREME DANGER
25.60_51.60,1,33.15937423706055,25.538454055786133,2.400547504425049,3.0,97.5,26.846588,100.0,EXTREME DANGER
25.60_52.00,1,35.67194366455078,25.706531524658203,2.5264599323272705,3.0,97.5,25.006857,100.0,EXTREME DANGER
25.60_52.40,1,39.0152702331543,25.870044708251953,2.666970729827881,3.0,97.5,23.566025,100.0,EXTREME DANGER
25.60_52.80,1,37.44890594482422,26.092138290405273,2.5985400676727295,3.0,97.5,23.138279,100.0,EXTREME DANGER
25.60_53.20,1,34.802581787109375,26.193601608276367,2.458941698074341,3.0,80.0,7.82432,87.82431983947754,EXTREME DANGER
25.60_53.60,1,33.88010025024414,26.33742904663086,2.4096715450286865,3.0,80.0,0.64166224,80.64166224002838,EXTREME DANGER
25.60_54.00,1,33.648231506347656,26.383377075195312,2.400547504425049,3.0,80.0,1.5984683,81.59846830368042,EXTREME DANGER
25.60_54.40,1,34.88777542114258,26.481403350830078,2.4981751441955566,3.0,58.0,-5.428668,52.57133197784424,MODERATE RISK
25.60_54.80,1,31.880117416381836,26.493806838989258,2.3485400676727295,3.0,97.5,14.411224,100.0,EXTREME DANGER
25.60_55.20,1,33.506996154785156,26.289339065551758,2.4133212566375732,3.0,80.0,1.7513942,81.7513941526413,EXTREME DANGER
25.60_55.60,1,39.44785690307617,26.1828670501709,2.666058301925659,3.0,58.0,0.7948608,58.794860780239105,MODERATE RISK
25.60_56.00,1,32.82095718383789,25.68446159362793,2.3850364685058594,3.0,58.0,-6.9866858,51.01331424713135,MODERATE RISK
25.60_56.40,1,28.191259384155273,25.711774826049805,2.175182580947876,3.0,97.5,17.501911,100.0,EXTREME DANGER
25.60_56.80,1,28.205778121948242,25.85919761657715,2.194343090057373,3.0,58.0,-9.994482,48.00551795959473,MODERATE RISK
25.60_57.20,1,26.30121421813965,25.91065216064453,2.1067519187927246,3.0,58.0,-13.540995,44.45900535583496,MODERATE RISK
25.60_57.60,1,23.606456756591797,25.855636596679688,2.0072991847991943,3.0,58.0,-13.10843,44.89157009124756,MODERATE RISK
25.60_58.00,1,21.417207717895508,25.692514419555664,1.9005475044250488,3.0,58.0,-21.934017,36.065982818603516,LOW RISK
25.60_58.40,1,20.37050437927246,25.51572608947754,1.8558393716812134,3.0,58.0,-18.164127,39.835872650146484,LOW RISK
25.60_58.80,1,19.775245666503906,25.441097259521484,1.856751799583435,3.0,58.0,-16.088219,41.911781311035156,MODERATE RISK
25.60_59.20,4,18.609390258789062,25.757099151611328,1.805656909942627,3.0,58.0,-24.565779,33.434221267700195,LOW RISK
25.60_59.60,4,18.22604751586914,25.748035430908203,1.8147810697555542,3.0,58.0,-27.499454,30.500545501708984,LOW RISK
25.60_60.00,4,17.84566879272461,25.66640281677246,1.797445297241211,3.0,58.0,-27.487038,30.512962341308594,LOW RISK
25.60_60.40,4,18.022079467773438,25.640432357788086,1.7919708490371704,3.0,80.0,-24.003983,55.99601745605469,MODERATE RISK
25.60_60.80,4,20.353479385375977,25.51029396057129,1.9726277589797974,3.0,97.5,23.38815,100.0,EXTREME DANGER
25.60_61.20,4,28.796955108642578,25.46237564086914,2.635948896408081,3.0,97.5,35.0795,100.0,EXTREME DANGER
25.60_61.60,4,32.09908676147461,25.624431610107422,2.7071168422698975,3.0,97.5,35.38081,100.0,EXTREME DANGER
25.60_62.00,2,27.892494201660156,25.736570358276367,2.5875911712646484,3.0,97.5,36.510773,100.0,EXTREME DANGER
25.60_62.40,4,32.96507263183594,25.54328727722168,2.830291986465454,3.0,97.5,36.413826,100.0,EXTREME DANGER
25.60_62.80,4,27.650636672973633,25.401321411132812,2.399635076522827,3.0,97.5,38.36618,100.0,EXTREME DANGER
25.60_63.20,4,26.036497116088867,25.113807678222656,2.2992701530456543,3.0,97.5,37.422905,100.0,EXTREME DANGER
25.60_63.60,4,26.40117835998535,25.138662338256836,2.2709853649139404,3.0,97.5,37.014874,100.0,EXTREME DANGER
25.60_64.00,4,22.891826629638672,24.493202209472656,2.092153310775757,3.0,97.5,38.414333,100.0,EXTREME DANGER
26.00_44.00,4,35.30857849121094,23.4544677734375,2.858576536178589,3.0,97.5,34.291035,100.0,EXTREME DANGER
26.00_44.40,4,33.43244171142578,23.445110321044922,2.730839490890503,3.0,97.5,29.383343,100.0,EXTREME DANGER
26.00_44.80,5,38.903541564941406,23.440305709838867,3.1541969776153564,3.0,99.5,32.999924,100.0,EXTREME DANGER
26.00_45.20,5,41.07609558105469,23.27861213684082,3.3211679458618164,3.0,99.5,32.26072,100.0,EXTREME DANGER
26.00_45.60,2,38.22948455810547,23.165721893310547,3.1843066215515137,3.0,99.5,32.112465,100.0,EXTREME DANGER
26.00_46.00,2,38.84146499633789,23.252700805664062,3.227189779281616,3.0,99.5,31.776123,100.0,EXTREME DANGER
26.00_46.40,2,37.60112762451172,23.23790740966797,3.108576536178589,3.0,99.5,31.549866,100.0,EXTREME DANGER
26.00_46.80,2,43.39402770996094,23.178991317749023,3.541058301925659,3.0,99.5,31.992071,100.0,EXTREME DANGER
26.00_47.20,5,49.22190475463867,23.443483352661133,3.7901458740234375,3.0,99.5,33.671455,100.0,EXTREME DANGER
26.00_47.60,2,42.28573989868164,23.736982345581055,3.475364923477173,3.0,99.5,33.28614,100.0,EXTREME DANGER
26.00_48.00,2,44.17183303833008,23.76426124572754,3.5209853649139404,3.0,99.5,33.7882,100.0,EXTREME DANGER
26.00_48.40,5,51.13530349731445,23.891597747802734,3.7098541259765625,3.0,99.5,32.68985,100.0,EXTREME DANGER
26.00_48.80,5,54.97715759277344,24.082548141479492,3.725364923477173,3.0,99.5,33.24862,100.0,EXTREME DANGER
26.00_49.20,2,49.390071868896484,24.432464599609375,3.4133212566375732,3.0,97.5,33.72606,100.0,EXTREME DANGER
26.00_49.60,2,44.2314453125,24.601781845092773,3.0072991847991943,3.0,99.5,31.129147,100.0,EXTREME DANGER
26.00_50.00,1,42.41116714477539,24.69289207458496,2.766423463821411,3.0,97.5,32.416016,100.0,EXTREME DANGER
26.00_50.40,1,42.325965881347656,24.648536682128906,2.774635076522827,3.0,97.5,30.27818,100.0,EXTREME DANGER
26.00_50.80,1,38.01203536987305,24.97056007385254,2.6450729370117188,3.0,97.5,28.931332,100.0,EXTREME DANGER
26.00_51.20,1,34.44072341918945,25.256540298461914,2.469890594482422,3.0,97.5,26.32405,100.0,EXTREME DANGER
26.00_51.60,1,33.89348220825195,25.491300582885742,2.4370439052581787,3.0,97.5,24.202047,100.0,EXTREME DANGER
26.00_52.00,1,35.901248931884766,25.66507339477539,2.522810220718384,3.0,97.5,22.793554,100.0,EXTREME DANGER
26.00_52.40,1,36.23515701293945,25.903642654418945,2.547445297241211,3.0,97.5,20.126007,100.0,EXTREME DANGER
26.00_52.80,1,35.481014251708984,26.08295249938965,2.508211612701416,3.0,97.5,18.346424,100.0,EXTREME DANGER
26.00_53.20,1,34.11051940917969,26.120771408081055,2.4324817657470703,3.0,80.0,6.976214,86.97621393203735,EXTREME DANGER
26.00_53.60,1,33.05238342285156,26.267702102661133,2.3631386756896973,3.0,80.0,2.4651127,82.46511268615723,EXTREME DANGER
26.00_54.00,1,32.6086540222168,26.306053161621094,2.355839490890503,3.0,80.0,1.969418,81.96941804885864,EXTREME DANGER
26.00_54.40,1,29.622743606567383,26.38058090209961,2.258211612701416,3.0,80.0,1.6434503,81.64345026016235,EXTREME DANGER
26.00_54.80,1,28.664413452148438,26.375675201416016,2.2299270629882812,3.0,80.0,1.48109,81.48108994960785,EXTREME DANGER
26.00_55.20,1,27.944887161254883,26.173315048217773,2.169708013534546,3.0,58.0,-5.402366,52.597633838653564,MODERATE RISK
26.00_55.60,1,29.51399803161621,25.857807159423828,2.2427008152008057,3.0,58.0,-3.282736,54.71726393699646,MODERATE RISK
26.00_56.00,1,29.659103393554688,25.760622024536133,2.2381386756896973,3.0,58.0,-4.7985997,53.20140027999878,MODERATE RISK
26.00_56.40,1,25.469995498657227,25.958738327026367,2.058394193649292,3.0,58.0,-15.871807,42.12819290161133,MODERATE RISK
26.00_56.80,1,26.863372802734375,25.727561950683594,2.1450729370117188,3.0,58.0,-3.0425706,54.9574294090271,MODERATE RISK
26.00_57.20,1,24.643484115600586,25.75179100036621,2.047445297241211,3.0,58.0,-3.72535,54.27465009689331,MODERATE RISK
26.00_57.60,1,20.0609073638916,25.046287536621094,1.8604015111923218,3.0,58.0,-22.942398,35.05760192871094,LOW RISK
26.00_58.00,4,18.042991638183594,24.815078735351562,1.7591240406036377,3.0,58.0,-26.968056,31.031944274902344,LOW RISK
26.00_58.40,4,17.568212509155273,24.644289016723633,1.7554744482040405,3.0,58.0,-29.633867,28.366132736206055,LOW RISK
26.00_58.80,4,17.28816032409668,24.868741989135742,1.7618613243103027,3.0,58.0,-29.752304,28.247695922851562,LOW RISK
26.00_59.20,4,17.132043838500977,25.455913543701172,1.75,3.0,58.0,-30.022564,27.977436065673828,LOW RISK
26.00_59.60,4,16.73956298828125,25.633277893066406,1.7308393716812134,3.0,38.0,-33.6773,4.322700500488281,SAFE
26.00_60.00,4,16.522647857666016,25.096508026123047,1.705291986465454,3.0,58.0,-32.051025,25.948974609375,LOW RISK
26.00_60.40,4,16.656784057617188,24.749914169311523,1.7226277589797974,3.0,58.0,-26.624771,31.375228881835938,LOW RISK
26.00_60.80,4,19.369319915771484,24.92386817932129,1.9507299661636353,3.0,97.5,25.025578,100.0,EXTREME DANGER
26.00_61.20,4,29.745344161987305,25.106983184814453,2.6843066215515137,3.0,97.5,35.932327,100.0,EXTREME DANGER
26.00_61.60,4,29.7484188079834,25.323017120361328,2.6624088287353516,3.0,97.5,37.57628,100.0,EXTREME DANGER
26.00_62.00,4,28.756135940551758,25.544605255126953,2.5483577251434326,3.0,97.5,37.575687,100.0,EXTREME DANGER
26.00_62.40,4,33.00242614746094,25.393001556396484,2.783759117126465,3.0,97.5,37.315746,100.0,EXTREME DANGER
26.00_62.80,4,29.3787841796875,24.944808959960938,2.544708013534546,3.0,97.5,37.012985,100.0,EXTREME DANGER
26.00_63.20,4,27.7443790435791,24.544815063476562,2.4324817657470703,3.0,97.5,37.439514,100.0,EXTREME DANGER
26.00_63.60,5,37.624755859375,23.885883331298828,2.9343066215515137,3.0,99.5,34.686874,100.0,EXTREME DANGER
26.00_64.00,4,30.626834869384766,23.241291046142578,2.6560218334198,3.0,97.5,35.748253,100.0,EXTREME DANGER
26.40_44.00,4,33.64111328125,23.369564056396484,2.702554702758789,3.0,97.5,30.827694,100.0,EXTREME DANGER
26.40_44.40,4,32.47600173950195,23.091535568237305,2.6879560947418213,3.0,97.5,27.656261,100.0,EXTREME DANGER
26.40_44.80,2,37.521427154541016,23.039377212524414,3.114051103591919,3.0,99.5,31.121689,100.0,EXTREME DANGER
26.40_45.20,2,38.596309661865234,23.06429100036621,3.175182580947876,3.0,99.5,30.742836,100.0,EXTREME DANGER
26.40_45.60,2,35.112239837646484,22.984315872192383,2.927919626235962,3.0,97.5,31.844828,100.0,EXTREME DANGER
26.40_46.00,2,33.74953842163086,23.016435623168945,2.8375911712646484,3.0,97.5,30.069077,100.0,EXTREME DANGER
26.40_46.40,4,33.63970184326172,23.092641830444336,2.800182580947876,3.0,97.5,32.572792,100.0,EXTREME DANGER
26.40_46.80,2,38.82503890991211,23.262914657592773,3.1979928016662598,3.0,99.5,32.107067,100.0,EXTREME DANGER
26.40_47.20,5,44.88253402709961,23.394428253173828,3.5647809505462646,3.0,99.5,32.93354,100.0,EXTREME DANGER
26.40_47.60,2,41.35530090332031,23.685686111450195,3.3895986080169678,3.0,99.5,32.167458,100.0,EXTREME DANGER
26.40_48.00,5,44.776817321777344,23.746870040893555,3.555656909942627,3.0,99.5,32.975056,100.0,EXTREME DANGER
26.40_48.40,5,59.12984085083008,23.965438842773438,3.86952543258667,3.0,99.5,33.62294,100.0,EXTREME DANGER
26.40_48.80,5,63.38780212402344,24.30943489074707,3.875,3.0,99.5,33.340393,100.0,EXTREME DANGER
26.40_49.20,5,52.570594787597656,24.51825523376465,3.5711679458618164,3.0,99.5,33.648884,100.0,EXTREME DANGER
26.40_49.60,2,50.697078704833984,24.519664764404297,3.333941698074341,3.0,99.5,31.929241,100.0,EXTREME DANGER
26.40_50.00,2,48.66080093383789,24.683719635009766,3.021897792816162,3.0,97.5,31.077566,100.0,EXTREME DANGER
26.40_50.40,1,44.23119354248047,24.6817684173584,2.842153310775757,3.0,97.5,31.473015,100.0,EXTREME DANGER
26.40_50.80,1,37.22196960449219,24.99589729309082,2.585766315460205,3.0,97.5,28.432945,100.0,EXTREME DANGER
26.40_51.20,1,36.182125091552734,25.222030639648438,2.544708013534546,3.0,97.5,26.079363,100.0,EXTREME DANGER
26.40_51.60,1,37.49072265625,25.480642318725586,2.616788387298584,3.0,97.5,23.022825,100.0,EXTREME DANGER
26.40_52.00,1,38.053199768066406,25.682600021362305,2.6295621395111084,3.0,97.5,23.48715,100.0,EXTREME DANGER
26.40_52.40,1,36.37795639038086,25.907411575317383,2.558394193649292,3.0,97.5,20.302612,100.0,EXTREME DANGER
26.40_52.80,1,34.0315055847168,26.031877517700195,2.4297444820404053,3.0,97.5,17.768642,100.0,EXTREME DANGER
26.40_53.20,1,33.620792388916016,26.142663955688477,2.4133212566375732,3.0,97.5,17.339653,100.0,EXTREME DANGER
26.40_53.60,1,31.32357406616211,26.1602783203125,2.3202555179595947,3.0,80.0,3.9577932,83.95779323577881,EXTREME DANGER
26.40_54.00,1,30.938575744628906,26.11030387878418,2.305656909942627,3.0,80.0,0.63691354,80.63691353797913,EXTREME DANGER
26.40_54.40,1,28.72014808654785,26.026134490966797,2.2153284549713135,3.0,58.0,-7.1599917,50.84000825881958,MODERATE RISK
26.40_54.80,1,28.34947395324707,25.87259864807129,2.197080373764038,3.0,58.0,-5.999299,52.00070095062256,MODERATE RISK
26.40_55.20,1,27.552501678466797,25.816333770751953,2.1742701530456543,3.0,58.0,-5.754478,52.245522022247314,MODERATE RISK
26.40_55.60,1,27.23546028137207,25.851016998291016,2.157846689224243,3.0,58.0,-4.8733907,53.126609325408936,MODERATE RISK
26.40_56.00,1,26.344406127929688,26.159563064575195,2.1122262477874756,3.0,58.0,-4.583187,53.416812896728516,MODERATE RISK
26.40_56.40,1,31.87640953063965,26.148731231689453,2.239051103591919,3.0,97.5,22.809286,100.0,EXTREME DANGER
26.40_56.80,1,32.4796257019043,25.84880256652832,2.2208030223846436,3.0,97.5,23.354218,100.0,EXTREME DANGER
26.40_57.20,1,23.317241668701172,25.31880760192871,2.0,3.0,58.0,-4.8762517,53.12374830245972,MODERATE RISK
26.40_57.60,4,18.554311752319336,23.990795135498047,1.7846715450286865,3.0,58.0,-25.747105,32.25289535522461,LOW RISK
26.40_58.00,4,16.300317764282227,22.969932556152344,1.6952555179595947,3.0,38.0,-32.454964,5.545036315917969,SAFE
26.40_58.40,4,15.8679838180542,23.3438720703125,1.6961678266525269,3.0,58.0,-28.029469,29.970531463623047,LOW RISK
26.40_58.80,4,16.028549194335938,23.742969512939453,1.7007299661636353,3.0,58.0,-26.283165,31.716835021972656,LOW RISK
26.40_59.20,4,15.941068649291992,24.05208969116211,1.7043795585632324,3.0,58.0,-27.442787,30.557212829589844,LOW RISK
26.40_59.60,4,15.659208297729492,23.92605972290039,1.6861313581466675,3.0,58.0,-23.846582,34.15341758728027,LOW RISK
26.40_60.00,4,15.450167655944824,23.11566162109375,1.6852189302444458,3.0,58.0,-22.054123,35.94587707519531,LOW RISK
26.40_60.40,4,15.322721481323242,22.355932235717773,1.6487226486206055,3.0,80.0,0.06173432,80.06173431873322,EXTREME DANGER
26.40_60.80,4,15.903590202331543,22.45843505859375,1.6797444820404053,3.0,97.5,19.149132,100.0,EXTREME DANGER
26.40_61.20,4,20.085697174072266,22.590883255004883,1.9397810697555542,3.0,97.5,35.442623,100.0,EXTREME DANGER
26.40_61.60,4,24.13964080810547,22.77828025817871,2.2354013919830322,3.0,97.5,36.79948,100.0,EXTREME DANGER
26.40_62.00,4,26.13822364807129,23.1538143157959,2.3321168422698975,3.0,97.5,37.250927,100.0,EXTREME DANGER
26.40_62.40,4,26.04132652282715,23.172300338745117,2.3102190494537354,3.0,97.5,37.525776,100.0,EXTREME DANGER
26.40_62.80,4,24.587642669677734,22.74018096923828,2.1989049911499023,3.0,97.5,38.875164,100.0,EXTREME DANGER
26.40_63.20,4,29.330678939819336,22.79786491394043,2.5985400676727295,3.0,97.5,36.845478,100.0,EXTREME DANGER
26.40_63.60,5,42.983299255371094,22.463571548461914,3.227189779281616,3.0,99.5,34.33586,100.0,EXTREME DANGER
26.40_64.00,5,34.39356994628906,22.292591094970703,2.897810220718384,3.0,97.5,34.90621,100.0,EXTREME DANGER
26.80_44.00,4,31.259357452392578,23.00457191467285,2.58850359916687,3.0,97.5,31.574121,100.0,EXTREME DANGER
26.80_44.40,2,31.48171043395996,22.817367553710938,2.657846689224243,3.0,97.5,30.596558,100.0,EXTREME DANGER
26.80_44.80,2,33.85588073730469,22.811412811279297,2.875,3.0,97.5,31.072357,100.0,EXTREME DANGER
26.80_45.20,2,34.232784271240234,22.810636520385742,2.8822991847991943,3.0,97.5,29.37092,100.0,EXTREME DANGER
26.80_45.60,2,33.558170318603516,22.892940521240234,2.835766315460205,3.0,97.5,29.226189,100.0,EXTREME DANGER
26.80_46.00,2,33.18547439575195,23.074087142944336,2.791970729827881,3.0,97.5,29.724255,100.0,EXTREME DANGER
26.80_46.40,2,34.84162139892578,23.259971618652344,2.9215328693389893,3.0,97.5,34.238293,100.0,EXTREME DANGER
26.80_46.80,2,37.64345169067383,23.40424346923828,3.1286497116088867,3.0,99.5,31.8731,100.0,EXTREME DANGER
26.80_47.20,2,39.57368087768555,23.484844207763672,3.2618613243103027,3.0,99.5,31.550766,100.0,EXTREME DANGER
26.80_47.60,2,41.53729248046875,23.69120979309082,3.394160509109497,3.0,99.5,32.368748,100.0,EXTREME DANGER
26.80_48.00,5,48.15546798706055,23.945762634277344,3.657846689224243,3.0,99.5,33.417572,100.0,EXTREME DANGER
26.80_48.40,5,60.961578369140625,24.4473876953125,3.875,3.0,99.5,33.523758,100.0,EXTREME DANGER
26.80_48.80,5,61.599266052246094,24.570039749145508,3.824817419052124,3.0,99.5,33.422134,100.0,EXTREME DANGER
26.80_49.20,2,52.9625244140625,24.466541290283203,3.566605806350708,3.0,99.5,33.04679,100.0,EXTREME DANGER
26.80_49.60,2,54.1007194519043,24.369482040405273,3.2427008152008057,3.0,99.5,32.612366,100.0,EXTREME DANGER
26.80_50.00,1,47.870933532714844,24.57849884033203,2.99452543258667,3.0,97.5,30.972116,100.0,EXTREME DANGER
26.80_50.40,1,38.301658630371094,24.88277244567871,2.6341240406036377,3.0,97.5,29.599207,100.0,EXTREME DANGER
26.80_50.80,1,36.662498474121094,25.133163452148438,2.5739049911499023,3.0,97.5,27.52219,100.0,EXTREME DANGER
26.80_51.20,1,35.643516540527344,25.357269287109375,2.5209853649139404,3.0,97.5,23.222906,100.0,EXTREME DANGER
26.80_51.60,1,35.0426025390625,25.506139755249023,2.4799270629882812,3.0,97.5,20.06305,100.0,EXTREME DANGER
26.80_52.00,1,35.398929595947266,25.66964340209961,2.516423463821411,3.0,97.5,21.637814,100.0,EXTREME DANGER
26.80_52.40,1,34.90637969970703,26.07012176513672,2.491788387298584,3.0,97.5,18.935678,100.0,EXTREME DANGER
26.80_52.80,1,33.463462829589844,26.209699630737305,2.400547504425049,3.0,97.5,18.824345,100.0,EXTREME DANGER
26.80_53.20,1,35.09030532836914,25.695955276489258,2.4854013919830322,3.0,97.5,19.446194,100.0,EXTREME DANGER
26.80_53.60,2,29.719301223754883,24.913414001464844,2.2600364685058594,3.0,80.0,0.7747442,80.77474421262741,EXTREME DANGER
26.80_54.00,4,27.919824600219727,24.28985595703125,2.222627639770508,3.0,80.0,-0.3576709,79.64232909679413,HIGH RISK
26.80_54.40,4,27.120752334594727,24.279468536376953,2.180656909942627,3.0,58.0,-20.77131,37.228689193725586,LOW RISK
26.80_54.80,4,25.9788875579834,24.297836303710938,2.1286497116088867,3.0,58.0,-17.963783,40.036216735839844,MODERATE RISK
26.80_55.20,4,26.15052604675293,25.102550506591797,2.108576536178589,3.0,58.0,-14.275785,43.72421455383301,MODERATE RISK
26.80_55.60,4,26.77777099609375,25.730388641357422,2.141423463821411,3.0,58.0,-15.546229,42.45377063751221,MODERATE RISK
26.80_56.00,1,28.498071670532227,25.7862548828125,2.188868522644043,3.0,58.0,-5.483193,52.516807079315186,MODERATE RISK
26.80_56.40,1,29.67551040649414,25.7051944732666,2.188868522644043,3.0,97.5,19.863308,100.0,EXTREME DANGER
26.80_56.80,1,26.91018295288086,25.38701057434082,2.0821168422698975,3.0,80.0,15.312492,95.31249237060547,EXTREME DANGER
26.80_57.20,4,20.76896858215332,24.9139404296875,1.8649635314941406,3.0,58.0,-20.420551,37.57944869995117,LOW RISK
26.80_57.60,4,17.910810470581055,22.37415885925293,1.7563868761062622,3.0,58.0,-24.120623,33.879377365112305,LOW RISK
26.80_58.00,4,15.901932716369629,21.201364517211914,1.6970802545547485,3.0,38.0,-30.916351,7.083648681640625,SAFE
26.80_58.40,4,15.92821979522705,23.1475887298584,1.7144160270690918,3.0,80.0,-11.636936,68.36306381225586,HIGH RISK
26.80_58.80,4,16.925031661987305,24.06085205078125,1.808394193649292,3.0,97.5,13.757242,100.0,EXTREME DANGER
26.80_59.20,4,17.265016555786133,24.309520721435547,1.819343090057373,3.0,97.5,21.884857,100.0,EXTREME DANGER
26.80_59.60,4,16.624446868896484,24.11346435546875,1.768248200416565,3.0,97.5,18.660404,100.0,EXTREME DANGER
26.80_60.00,4,15.80350112915039,23.44557762145996,1.691605806350708,3.0,97.5,19.84151,100.0,EXTREME DANGER
26.80_60.40,4,15.020246505737305,22.381010055541992,1.627737283706665,3.0,97.5,18.174454,100.0,EXTREME DANGER
26.80_60.80,4,15.199155807495117,21.757976531982422,1.638686180114746,3.0,80.0,4.8783703,84.87837028503418,EXTREME DANGER
26.80_61.20,4,15.841819763183594,20.546138763427734,1.6578466892242432,3.0,80.0,11.624081,91.62408065795898,EXTREME DANGER
26.80_61.60,4,17.61911964416504,20.25968360900879,1.752737283706665,3.0,80.0,8.879201,88.87920093536377,EXTREME DANGER
26.80_62.00,4,19.281618118286133,20.646114349365234,1.848540186882019,3.0,80.0,14.734467,94.73446655273438,EXTREME DANGER
26.80_62.40,4,20.207387924194336,20.641864776611328,1.893248200416565,3.0,97.5,31.820057,100.0,EXTREME DANGER
26.80_62.80,4,21.963539123535156,20.59640884399414,2.058394193649292,3.0,97.5,34.43406,100.0,EXTREME DANGER
26.80_63.20,4,27.72894287109375,21.073062896728516,2.5428831577301025,3.0,97.5,35.95469,100.0,EXTREME DANGER
26.80_63.60,5,51.58454132080078,21.53421401977539,3.4215328693389893,3.0,99.5,34.093517,100.0,EXTREME DANGER
26.80_64.00,5,42.94791030883789,21.09465217590332,3.324817419052124,3.0,99.5,34.610924,100.0,EXTREME DANGER
27.20_44.00,4,29.46418571472168,22.40395164489746,2.524635076522827,3.0,97.5,26.769386,100.0,EXTREME DANGER
27.20_44.40,4,31.046213150024414,22.58611488342285,2.660583972930908,3.0,97.5,32.764816,100.0,EXTREME DANGER
27.20_44.80,2,32.65799331665039,22.760488510131836,2.8047444820404053,3.0,97.5,29.976044,100.0,EXTREME DANGER
27.20_45.20,2,35.45012283325195,22.808349609375,3.0620439052581787,3.0,97.5,31.105442,100.0,EXTREME DANGER
27.20_45.60,2,34.967674255371094,22.943452835083008,3.035583972930908,3.0,97.5,30.979456,100.0,EXTREME DANGER
27.20_46.00,2,34.3392219543457,23.19509506225586,2.9489049911499023,3.0,97.5,31.030247,100.0,EXTREME DANGER
27.20_46.40,2,35.37354278564453,23.342647552490234,3.0127737522125244,3.0,97.5,30.861305,100.0,EXTREME DANGER
27.20_46.80,2,37.61962890625,23.421977996826172,3.160583972930908,3.0,99.5,32.09922,100.0,EXTREME DANGER
27.20_47.20,5,40.35432434082031,23.55165672302246,3.3257298469543457,3.0,99.5,34.036865,100.0,EXTREME DANGER
27.20_47.60,5,44.06525802612305,23.75715446472168,3.5127737522125244,3.0,99.5,34.032013,100.0,EXTREME DANGER
27.20_48.00,5,49.991634368896484,24.27907943725586,3.6925182342529297,3.0,99.5,33.651443,100.0,EXTREME DANGER
27.20_48.40,5,65.29889678955078,24.647809982299805,3.9489049911499023,3.0,99.5,33.867096,100.0,EXTREME DANGER
27.20_48.80,5,52.27251052856445,24.509559631347656,3.4936132431030273,3.0,99.5,34.219055,100.0,EXTREME DANGER
27.20_49.20,2,43.933738708496094,24.25432777404785,2.8895986080169678,3.0,97.5,34.011036,100.0,EXTREME DANGER
27.20_49.60,1,51.839385986328125,24.106571197509766,3.1432480812072754,3.0,97.5,31.910233,100.0,EXTREME DANGER
27.20_50.00,1,40.04051208496094,24.736459732055664,2.6906933784484863,3.0,97.5,28.466007,100.0,EXTREME DANGER
27.20_50.40,1,37.45686721801758,25.007402420043945,2.592153310775757,3.0,97.5,27.46165,100.0,EXTREME DANGER
27.20_50.80,1,35.88295364379883,25.219552993774414,2.521897792816162,3.0,97.5,24.878395,100.0,EXTREME DANGER
27.20_51.20,1,35.05633544921875,25.326988220214844,2.491788387298584,3.0,97.5,19.850672,100.0,EXTREME DANGER
27.20_51.60,1,34.547149658203125,25.54988670349121,2.4762773513793945,3.0,97.5,21.118526,100.0,EXTREME DANGER
27.20_52.00,1,34.459495544433594,25.998424530029297,2.46350359916687,3.0,97.5,20.909935,100.0,EXTREME DANGER
27.20_52.40,1,32.4704475402832,26.040435791015625,2.3877737522125244,3.0,97.5,17.326834,100.0,EXTREME DANGER
27.20_52.80,2,31.246543884277344,24.805339813232422,2.3202555179595947,3.0,80.0,12.034384,92.03438377380371,EXTREME DANGER
27.20_53.20,2,29.1863956451416,23.395442962646484,2.2317519187927246,3.0,80.0,25.194881,100.0,EXTREME DANGER
27.20_53.60,4,26.916887283325195,22.173755645751953,2.1678831577301025,3.0,97.5,34.309853,100.0,EXTREME DANGER
27.20_54.00,4,24.380332946777344,21.642253875732422,2.114051103591919,3.0,97.5,31.221985,100.0,EXTREME DANGER
27.20_54.40,4,24.6304988861084,22.345611572265625,2.0958030223846436,3.0,97.5,30.088018,100.0,EXTREME DANGER
27.20_54.80,4,23.27958106994629,22.921016693115234,2.027372360229492,3.0,58.0,-19.67247,38.32752990722656,LOW RISK
27.20_55.20,4,23.786806106567383,23.740808486938477,2.0155110359191895,3.0,58.0,-18.736477,39.26352310180664,LOW RISK
27.20_55.60,4,26.527347564697266,25.15312957763672,2.1322991847991943,3.0,58.0,-16.059612,41.94038772583008,MODERATE RISK
27.20_56.00,4,31.8448429107666,25.925710678100586,2.3458030223846436,3.0,58.0,-13.409332,44.590667724609375,MODERATE RISK
27.20_56.40,4,29.513154983520508,26.154369354248047,2.2354013919830322,3.0,58.0,-14.524018,43.47598171234131,MODERATE RISK
27.20_56.80,4,22.651580810546875,25.526052474975586,1.948905110359192,3.0,58.0,-14.355717,43.644283294677734,MODERATE RISK
27.20_57.20,4,20.72504425048828,24.65482521057129,1.8686131238937378,3.0,58.0,-17.411232,40.588768005371094,MODERATE RISK
27.20_57.60,4,18.181806564331055,23.60265350341797,1.771897792816162,3.0,58.0,-24.228893,33.7711067199707,LOW RISK
27.20_58.00,4,16.254255294799805,23.85599708557129,1.7116788625717163,3.0,58.0,-26.818562,31.181438446044922,LOW RISK
27.20_58.40,4,21.20486831665039,25.118824005126953,2.0784671306610107,3.0,97.5,31.7501,100.0,EXTREME DANGER
27.20_58.80,4,19.514850616455078,25.64640235900879,1.9644160270690918,3.0,97.5,26.83591,100.0,EXTREME DANGER
27.20_59.20,4,22.44480323791504,25.774200439453125,2.092153310775757,3.0,97.5,33.807377,100.0,EXTREME DANGER
27.20_59.60,4,19.005769729614258,25.455516815185547,1.9078466892242432,3.0,97.5,32.325928,100.0,EXTREME DANGER
27.20_60.00,4,17.60017967224121,24.968006134033203,1.7810219526290894,3.0,97.5,27.509598,100.0,EXTREME DANGER
27.20_60.40,4,16.34455680847168,24.77968406677246,1.6797444820404053,3.0,97.5,25.252333,100.0,EXTREME DANGER
27.20_60.80,4,15.241911888122559,23.082138061523438,1.6122262477874756,3.0,80.0,2.976727,82.97672700881958,EXTREME DANGER
27.20_61.20,4,14.881098747253418,20.438568115234375,1.606751799583435,3.0,58.0,-25.846268,32.15373229980469,LOW RISK
27.20_61.60,4,15.635751724243164,19.697559356689453,1.651459813117981,3.0,80.0,6.615406,86.61540603637695,EXTREME DANGER
27.20_62.00,4,17.088998794555664,20.21485137939453,1.723540186882019,3.0,58.0,-16.442568,41.55743217468262,MODERATE RISK
27.20_62.40,4,18.338272094726562,20.061668395996094,1.801094889640808,3.0,80.0,10.403116,90.40311622619629,EXTREME DANGER
27.20_62.80,4,19.28306007385254,20.081043243408203,1.9051095247268677,3.0,97.5,31.008663,100.0,EXTREME DANGER
27.20_63.20,4,20.73436164855957,20.819820404052734,2.025547504425049,3.0,97.5,37.27739,100.0,EXTREME DANGER
27.20_63.60,4,26.43961524963379,21.334657669067383,2.4689781665802,3.0,97.5,37.261986,100.0,EXTREME DANGER
27.20_64.00,4,28.072986602783203,20.787446975708008,2.572080373764038,3.0,97.5,36.109306,100.0,EXTREME DANGER
27.60_44.00,5,33.00801086425781,22.24098777770996,2.958941698074341,3.0,97.5,33.505966,100.0,EXTREME DANGER
27.60_44.40,2,35.964176177978516,22.605979919433594,3.1377737522125244,3.0,99.5,32.743935,100.0,EXTREME DANGER
27.60_44.80,2,34.54299545288086,22.82402992248535,3.039233684539795,3.0,97.5,31.763998,100.0,EXTREME DANGER
27.60_45.20,2,35.305015563964844,22.987728118896484,3.096715211868286,3.0,97.5,31.642479,100.0,EXTREME DANGER
27.60_45.60,2,34.33744812011719,22.98624610900879,3.0173356533050537,3.0,97.5,30.299572,100.0,EXTREME DANGER
27.60_46.00,2,34.97906494140625,23.029644012451172,3.0145986080169678,3.0,97.5,29.787868,100.0,EXTREME DANGER
27.60_46.40,2,36.52583694458008,23.20674705505371,3.1341240406036377,3.0,99.5,32.13081,100.0,EXTREME DANGER
27.60_46.80,2,38.839473724365234,23.501605987548828,3.269160509109497,3.0,99.5,33.290024,100.0,EXTREME DANGER
27.60_47.20,5,39.60108947753906,23.7731990814209,3.2928831577301025,3.0,99.5,34.19527,100.0,EXTREME DANGER
27.60_47.60,5,43.665077209472656,24.214750289916992,3.5456204414367676,3.0,99.5,32.18753,100.0,EXTREME DANGER
27.60_48.00,2,46.11680603027344,24.218507766723633,3.502737283706665,3.0,99.5,32.40548,100.0,EXTREME DANGER
27.60_48.40,5,51.880088806152344,24.637901306152344,3.599452495574951,3.0,99.5,33.796074,100.0,EXTREME DANGER
27.60_48.80,2,39.6165657043457,24.783395767211914,2.8020071983337402,3.0,97.5,32.208694,100.0,EXTREME DANGER
27.60_49.20,1,38.92101287841797,23.922666549682617,2.677919626235962,3.0,97.5,26.143044,100.0,EXTREME DANGER
27.60_49.60,1,37.964134216308594,24.43625259399414,2.655109405517578,3.0,97.5,24.093441,100.0,EXTREME DANGER
27.60_50.00,1,35.82046890258789,24.792335510253906,2.5538320541381836,3.0,97.5,25.774546,100.0,EXTREME DANGER
27.60_50.40,1,35.537803649902344,24.983983993530273,2.5401458740234375,3.0,97.5,23.454922,100.0,EXTREME DANGER
27.60_50.80,1,34.8374137878418,25.080167770385742,2.49452543258667,3.0,97.5,21.050388,100.0,EXTREME DANGER
27.60_51.20,1,34.29219055175781,25.123756408691406,2.4434306621551514,3.0,97.5,20.290869,100.0,EXTREME DANGER
27.60_51.60,1,33.80887985229492,25.420011520385742,2.4479928016662598,3.0,97.5,23.134094,100.0,EXTREME DANGER
27.60_52.00,1,36.134490966796875,25.291263580322266,2.5200729370117188,3.0,97.5,25.347704,100.0,EXTREME DANGER
27.60_52.40,1,34.808780670166016,24.175247192382812,2.480839490890503,3.0,97.5,27.34776,100.0,EXTREME DANGER
27.60_52.80,2,32.53449249267578,22.349414825439453,2.3850364685058594,3.0,80.0,10.085039,90.08503913879395,EXTREME DANGER
27.60_53.20,4,27.476194381713867,21.629268646240234,2.177919626235962,3.0,80.0,5.9946074,85.99460744857788,EXTREME DANGER
27.60_53.60,4,23.97947120666504,21.797574996948242,2.044708013534546,3.0,58.0,-25.81847,32.1815299987793,LOW RISK
27.60_54.00,4,22.180438995361328,21.208330154418945,1.9744524955749512,3.0,58.0,-23.550945,34.44905471801758,LOW RISK
27.60_54.40,4,22.544034957885742,21.16607093811035,2.0072991847991943,3.0,80.0,1.4755981,81.47559809684753,EXTREME DANGER
27.60_54.80,4,22.329452514648438,22.06908416748047,1.9717153310775757,3.0,58.0,-20.771402,37.22859764099121,LOW RISK
27.60_55.20,4,21.629135131835938,22.7993106842041,1.9470802545547485,3.0,58.0,-16.861279,41.13872146606445,MODERATE RISK
27.60_55.60,4,21.500017166137695,23.510210037231445,1.9242700338363647,3.0,58.0,-16.657291,41.342708587646484,MODERATE RISK
27.60_56.00,4,21.852006912231445,23.62306022644043,1.9425182342529297,3.0,58.0,-20.71757,37.28243064880371,LOW RISK
27.60_56.40,4,21.83125877380371,23.15711212158203,1.9324817657470703,3.0,58.0,-15.555796,42.444204330444336,MODERATE RISK
27.60_56.80,4,21.552371978759766,23.355224609375,1.9160584211349487,3.0,58.0,-20.84405,37.15595054626465,LOW RISK
27.60_57.20,4,21.24875831604004,23.439668655395508,1.8996350765228271,3.0,58.0,-16.078842,41.92115783691406,MODERATE RISK
27.60_57.60,4,19.645641326904297,23.281343460083008,1.848540186882019,3.0,58.0,-21.11816,36.881839752197266,LOW RISK
27.60_58.00,0,17.89814567565918,24.35602569580078,1.798357605934143,3.0,58.0,-27.003162,30.996837615966797,LOW RISK
27.60_58.40,0,17.432199478149414,25.370628356933594,1.776459813117981,3.0,58.0,-23.805765,34.19423484802246,LOW RISK
27.60_58.80,4,17.907594680786133,25.3846435546875,1.8576642274856567,3.0,97.5,19.736866,100.0,EXTREME DANGER
27.60_59.20,4,19.73741340637207,25.39444351196289,1.9689780473709106,3.0,97.5,31.922182,100.0,EXTREME DANGER
27.60_59.60,4,18.192880630493164,24.40771484375,1.8768248558044434,3.0,97.5,33.265385,100.0,EXTREME DANGER
27.60_60.00,4,15.570419311523438,23.382888793945312,1.6815693378448486,3.0,97.5,23.387909,100.0,EXTREME DANGER
27.60_60.40,4,14.820269584655762,22.783649444580078,1.6012773513793945,3.0,80.0,5.443341,85.44334077835083,EXTREME DANGER
27.60_60.80,4,14.496850967407227,20.934120178222656,1.5857664346694946,3.0,80.0,-2.729646,77.27035403251648,HIGH RISK
27.60_61.20,0,14.18785285949707,18.948524475097656,1.5684306621551514,3.0,58.0,-24.283417,33.716583251953125,LOW RISK
27.60_61.60,0,14.564970970153809,18.723466873168945,1.5994524955749512,3.0,58.0,-23.030308,34.96969223022461,LOW RISK
27.60_62.00,4,15.545083999633789,18.94979476928711,1.6423357725143433,3.0,80.0,10.516085,90.51608467102051,EXTREME DANGER
27.60_62.40,4,17.4434814453125,20.140464782714844,1.7937955856323242,3.0,97.5,28.309927,100.0,EXTREME DANGER
27.60_62.80,4,23.383071899414062,21.98697853088379,2.324817419052124,3.0,97.5,36.363144,100.0,EXTREME DANGER
27.60_63.20,5,31.45967674255371,22.993650436401367,2.7992701530456543,3.0,97.5,35.09356,100.0,EXTREME DANGER
27.60_63.60,5,33.86902618408203,23.272254943847656,2.8604013919830322,3.0,97.5,34.720238,100.0,EXTREME DANGER
27.60_64.00,5,32.53976058959961,22.89094352722168,2.791970729827881,3.0,97.5,34.95309,100.0,EXTREME DANGER
28.00_44.00,2,31.259769439697266,22.218902587890625,2.8184306621551514,3.0,97.5,29.746233,100.0,EXTREME DANGER
28.00_44.40,2,34.29908752441406,22.27032470703125,3.0729928016662598,3.0,97.5,32.342155,100.0,EXTREME DANGER
28.00_44.80,2,35.085086822509766,22.530532836914062,3.1104013919830322,3.0,97.5,32.51645,100.0,EXTREME DANGER
28.00_45.20,2,33.90118408203125,22.78066635131836,2.9872262477874756,3.0,97.5,29.171278,100.0,EXTREME DANGER
28.00_45.60,2,33.8776741027832,22.8271484375,2.958941698074341,3.0,97.5,29.150177,100.0,EXTREME DANGER
28.00_46.00,2,34.82887649536133,22.838272094726562,3.030109405517578,3.0,97.5,31.541004,100.0,EXTREME DANGER
28.00_46.40,2,35.580421447753906,23.023780822753906,3.077554702758789,3.0,99.5,30.72655,100.0,EXTREME DANGER
28.00_46.80,2,37.6681022644043,23.286409378051758,3.241788387298584,3.0,99.5,30.77965,100.0,EXTREME DANGER
28.00_47.20,2,38.697837829589844,23.74412727355957,3.274635076522827,3.0,99.5,31.400162,100.0,EXTREME DANGER
28.00_47.60,2,40.99044418334961,24.143566131591797,3.2700729370117188,3.0,99.5,31.18951,100.0,EXTREME DANGER
28.00_48.00,2,49.82211685180664,24.25286102294922,3.633211612701416,3.0,99.5,31.851439,100.0,EXTREME DANGER
28.00_48.40,2,45.43857192993164,24.794160842895508,3.2180657386779785,3.0,99.5,30.88607,100.0,EXTREME DANGER
28.00_48.80,2,40.09824752807617,24.713054656982422,2.752737283706665,3.0,97.5,29.731339,100.0,EXTREME DANGER
28.00_49.20,1,42.24234390258789,24.211565017700195,2.8147809505462646,3.0,97.5,26.878033,100.0,EXTREME DANGER
28.00_49.60,1,39.757022857666016,24.559017181396484,2.7153284549713135,3.0,97.5,27.1909,100.0,EXTREME DANGER
28.00_50.00,1,35.81071472167969,24.785945892333984,2.544708013534546,3.0,97.5,24.754093,100.0,EXTREME DANGER
28.00_50.40,1,34.9454460144043,24.931142807006836,2.5091240406036377,3.0,97.5,23.233673,100.0,EXTREME DANGER
28.00_50.80,1,34.31839370727539,24.87205696105957,2.4735400676727295,3.0,97.5,22.534363,100.0,EXTREME DANGER
28.00_51.20,1,32.941429138183594,24.62105369567871,2.4215328693389893,3.0,97.5,24.14563,100.0,EXTREME DANGER
28.00_51.60,2,31.960044860839844,23.947481155395508,2.355839490890503,3.0,80.0,14.901108,94.90110778808594,EXTREME DANGER
28.00_52.00,2,37.90029525756836,22.979595184326172,2.6231751441955566,3.0,97.5,37.002373,100.0,EXTREME DANGER
28.00_52.40,2,31.296127319335938,22.296674728393555,2.335766315460205,3.0,97.5,40.296288,100.0,EXTREME DANGER
28.00_52.80,4,25.702178955078125,21.892175674438477,2.096715211868286,3.0,97.5,34.832787,100.0,EXTREME DANGER
28.00_53.20,4,24.287540435791016,21.382604598999023,2.041058301925659,3.0,80.0,4.419387,84.4193868637085,EXTREME DANGER
28.00_53.60,4,22.386520385742188,20.895517349243164,1.9698904752731323,3.0,58.0,-27.040565,30.959434509277344,LOW RISK
28.00_54.00,4,21.580774307250977,20.173978805541992,1.952554702758789,3.0,58.0,-26.385601,31.614398956298828,LOW RISK
28.00_54.40,4,20.65274429321289,19.999704360961914,1.9023722410202026,3.0,58.0,-20.586449,37.413551330566406,LOW RISK
28.00_54.80,4,19.4272518157959,21.178964614868164,1.8229926824569702,3.0,58.0,-34.629517,23.3704833984375,LOW RISK
28.00_55.20,4,19.185710906982422,21.6706485748291,1.8156933784484863,3.0,58.0,-28.05501,29.944990158081055,LOW RISK
28.00_55.60,4,19.292346954345703,20.99642562866211,1.8284671306610107,3.0,58.0,-23.669765,34.33023452758789,LOW RISK
28.00_56.00,4,18.74937629699707,20.705787658691406,1.8074817657470703,3.0,58.0,-21.869644,36.13035583496094,LOW RISK
28.00_56.40,4,17.755558013916016,20.26531219482422,1.7536495923995972,3.0,58.0,-21.935883,36.064117431640625,LOW RISK
28.00_56.80,4,16.79559326171875,20.33446502685547,1.6970802545547485,3.0,58.0,-17.240967,40.759033203125,MODERATE RISK
28.00_57.20,4,17.260616302490234,21.48793601989746,1.7299270629882812,3.0,58.0,-23.660116,34.33988380432129,LOW RISK
28.00_57.60,0,18.59567642211914,23.325998306274414,1.8357664346694946,3.0,58.0,-21.601284,36.39871597290039,LOW RISK
28.00_58.00,0,17.72848892211914,24.283010482788086,1.763686180114746,3.0,38.0,-28.683727,9.316272735595703,SAFE
28.00_58.40,4,16.47915267944336,23.684677124023438,1.7198904752731323,3.0,80.0,-9.394417,70.60558319091797,HIGH RISK
28.00_58.80,4,17.372766494750977,22.849872589111328,1.8293795585632324,3.0,97.5,22.438702,100.0,EXTREME DANGER
28.00_59.20,4,15.289867401123047,22.5275936126709,1.643248200416565,3.0,80.0,0.8710453,80.8710452914238,EXTREME DANGER
28.00_59.60,4,14.214859008789062,21.644624710083008,1.577554702758789,3.0,58.0,-28.930328,29.069671630859375,LOW RISK
28.00_60.00,0,13.636704444885254,20.17133140563965,1.529197096824646,3.0,38.0,-32.37927,5.620731353759766,SAFE
28.00_60.40,0,13.024226188659668,19.34009552001953,1.5045620203018188,3.0,58.0,-29.359344,28.640655517578125,LOW RISK
28.00_60.80,0,13.547896385192871,18.69927215576172,1.5228102207183838,3.0,58.0,-27.12897,30.871030807495117,LOW RISK
28.00_61.20,0,14.387748718261719,18.261730194091797,1.6085766553878784,3.0,97.5,19.087276,100.0,EXTREME DANGER
28.00_61.60,0,14.605498313903809,17.926462173461914,1.6450729370117188,3.0,97.5,22.441914,100.0,EXTREME DANGER
28.00_62.00,4,15.573784828186035,19.007322311401367,1.6870437860488892,3.0,97.5,26.98238,100.0,EXTREME DANGER
28.00_62.40,4,19.00072479248047,21.667232513427734,1.9762773513793945,3.0,97.5,31.941345,100.0,EXTREME DANGER
28.00_62.80,4,25.36998748779297,23.596435546875,2.4297444820404053,3.0,97.5,35.842594,100.0,EXTREME DANGER
28.00_63.20,4,27.204835891723633,23.84636878967285,2.433394193649292,3.0,97.5,35.206104,100.0,EXTREME DANGER
28.00_63.60,4,26.60393524169922,23.486602783203125,2.327554702758789,3.0,97.5,36.03042,100.0,EXTREME DANGER
28.00_64.00,4,26.814308166503906,23.255924224853516,2.3074817657470703,3.0,97.5,34.717777,100.0,EXTREME DANGER
28.40_44.00,2,34.1801643371582,22.05515480041504,3.096715211868286,3.0,97.5,31.828077,100.0,EXTREME DANGER
28.40_44.40,2,35.76580047607422,22.339988708496094,3.208941698074341,3.0,99.5,31.36744,100.0,EXTREME DANGER
28.40_44.80,2,34.09147262573242,22.520645141601562,3.028284788131714,3.0,97.5,29.387648,100.0,EXTREME DANGER
28.40_45.20,2,33.13715744018555,22.55144500732422,2.941605806350708,3.0,97.5,29.289392,100.0,EXTREME DANGER
28.40_45.60,2,33.08350372314453,22.633691787719727,2.902372360229492,3.0,97.5,30.54052,100.0,EXTREME DANGER
28.40_46.00,2,34.821346282958984,22.801210403442383,3.0127737522125244,3.0,97.5,30.85861,100.0,EXTREME DANGER
28.40_46.40,2,34.93075942993164,22.89137077331543,3.0492701530456543,3.0,97.5,30.94875,100.0,EXTREME DANGER
28.40_46.80,2,37.863792419433594,23.041479110717773,3.3102190494537354,3.0,99.5,30.882065,100.0,EXTREME DANGER
28.40_47.20,2,39.92403793334961,23.552268981933594,3.3959853649139404,3.0,99.5,31.599697,100.0,EXTREME DANGER
28.40_47.60,2,49.336910247802734,23.96719741821289,3.650547504425049,3.0,99.5,29.253586,100.0,EXTREME DANGER
28.40_48.00,2,55.243953704833984,24.336288452148438,3.646897792816162,3.0,99.5,29.559484,100.0,EXTREME DANGER
28.40_48.40,2,43.79903030395508,24.902725219726562,2.983576536178589,3.0,97.5,30.719152,100.0,EXTREME DANGER
28.40_48.80,1,42.0394401550293,23.938934326171875,2.827554702758789,3.0,97.5,29.276287,100.0,EXTREME DANGER
28.40_49.20,1,42.42502975463867,24.285140991210938,2.8704378604888916,3.0,97.5,27.643875,100.0,EXTREME DANGER
28.40_49.60,1,40.458045959472656,24.62384033203125,2.7618613243103027,3.0,97.5,27.408627,100.0,EXTREME DANGER
28.40_50.00,1,37.37704086303711,24.761972427368164,2.605839490890503,3.0,97.5,26.180767,100.0,EXTREME DANGER
28.40_50.40,1,35.91031265258789,24.740659713745117,2.5374088287353516,3.0,97.5,23.899769,100.0,EXTREME DANGER
28.40_50.80,1,33.85068130493164,24.597509384155273,2.4616787433624268,3.0,97.5,24.869133,100.0,EXTREME DANGER
28.40_51.20,2,31.692203521728516,23.79935646057129,2.3293795585632324,3.0,80.0,18.19574,98.19573974609375,EXTREME DANGER
28.40_51.60,2,29.892148971557617,22.920228958129883,2.272810220718384,3.0,97.5,34.670677,100.0,EXTREME DANGER
28.40_52.00,2,26.121383666992188,22.042604446411133,2.1432480812072754,3.0,97.5,39.14957,100.0,EXTREME DANGER
28.40_52.40,4,23.167985916137695,21.426414489746094,2.0091240406036377,3.0,97.5,33.15547,100.0,EXTREME DANGER
28.40_52.80,4,21.444995880126953,19.838258743286133,1.9543795585632324,3.0,97.5,30.369263,100.0,EXTREME DANGER
28.40_53.20,4,21.0570125579834,19.469438552856445,1.9315693378448486,3.0,97.5,29.57766,100.0,EXTREME DANGER
28.40_53.60,4,20.868268966674805,19.140522003173828,1.9087591171264648,3.0,97.5,25.603037,100.0,EXTREME DANGER
28.40_54.00,0,19.568449020385742,19.122407913208008,1.8476277589797974,3.0,80.0,1.3955848,81.39558482170105,EXTREME DANGER
28.40_54.40,0,20.020694732666016,19.195566177368164,1.8631386756896973,3.0,80.0,11.221655,91.22165489196777,EXTREME DANGER
28.40_54.80,4,17.84678077697754,18.297733306884766,1.7563868761062622,3.0,80.0,2.372942,82.3729419708252,EXTREME DANGER
28.40_55.20,4,17.37314224243164,17.847225189208984,1.7326642274856567,3.0,58.0,-23.777708,34.22229194641113,LOW RISK
28.40_55.60,4,16.860010147094727,18.457651138305664,1.6925182342529297,3.0,58.0,-25.7596,32.240400314331055,LOW RISK
28.40_56.00,4,16.396739959716797,19.43857765197754,1.694343090057373,3.0,58.0,-23.3665,34.63349914550781,LOW RISK
28.40_56.40,0,15.344329833984375,19.01849365234375,1.6213504076004028,3.0,58.0,-26.258072,31.741928100585938,LOW RISK
28.40_56.80,0,14.16952896118164,17.51934814453125,1.544708013534546,3.0,58.0,-19.836626,38.163373947143555,LOW RISK
28.40_57.20,0,14.210306167602539,18.39196014404297,1.5520073175430298,3.0,80.0,3.5765548,83.57655477523804,EXTREME DANGER
28.40_57.60,4,15.797849655151367,21.61815071105957,1.6350364685058594,3.0,58.0,-23.546017,34.453983306884766,LOW RISK
28.40_58.00,0,15.376575469970703,20.537412643432617,1.6040146350860596,3.0,38.0,-33.710224,4.289775848388672,SAFE
28.40_58.40,0,13.830700874328613,19.136363983154297,1.5383211374282837,3.0,38.0,-34.092392,3.9076080322265625,SAFE
28.40_58.80,0,13.632107734680176,21.488792419433594,1.5529197454452515,3.0,38.0,-34.638313,3.3616867065429688,SAFE
28.40_59.20,0,13.721894264221191,22.278181076049805,1.5574817657470703,3.0,38.0,-34.543808,3.4561920166015625,SAFE
28.40_59.60,0,13.262832641601562,22.592599868774414,1.5209853649139404,3.0,38.0,-35.95984,2.0401611328125,SAFE
28.40_60.00,0,12.420586585998535,20.64847183227539,1.459854006767273,3.0,38.0,-32.380394,5.619606018066406,SAFE
28.40_60.40,0,11.93026065826416,18.432775497436523,1.4297444820404053,3.0,38.0,-33.093163,4.906837463378906,SAFE
28.40_60.80,0,12.403046607971191,16.956762313842773,1.455291986465454,3.0,38.0,-34.47162,3.52838134765625,SAFE
28.40_61.20,0,13.482439994812012,16.610294342041016,1.576642394065857,3.0,97.5,23.38837,100.0,EXTREME DANGER
28.40_61.60,4,14.998368263244629,19.052791595458984,1.691605806350708,3.0,80.0,8.432112,88.4321117401123,EXTREME DANGER
28.40_62.00,4,16.479907989501953,21.476747512817383,1.7709853649139404,3.0,97.5,28.155046,100.0,EXTREME DANGER
28.40_62.40,4,21.631690979003906,22.965360641479492,2.1122262477874756,3.0,97.5,36.77951,100.0,EXTREME DANGER
28.40_62.80,5,29.264633178710938,23.887920379638672,2.532846689224243,3.0,97.5,34.791588,100.0,EXTREME DANGER
28.40_63.20,5,32.70787048339844,23.859275817871094,2.652372360229492,3.0,97.5,35.019806,100.0,EXTREME DANGER
28.40_63.60,4,29.305641174316406,23.45326805114746,2.4689781665802,3.0,97.5,34.780994,100.0,EXTREME DANGER
28.40_64.00,4,25.643253326416016,22.449817657470703,2.330291986465454,3.0,97.5,34.970352,100.0,EXTREME DANGER
28.80_44.00,2,35.80998992919922,22.038541793823242,3.2125911712646484,3.0,99.5,33.92386,100.0,EXTREME DANGER
28.80_44.40,2,35.43829345703125,22.34326934814453,3.1651458740234375,3.0,97.5,31.556938,100.0,EXTREME DANGER
28.80_44.80,2,34.69157409667969,22.413434982299805,3.0985400676727295,3.0,97.5,30.627914,100.0,EXTREME DANGER
28.80_45.20,2,33.422019958496094,22.442886352539062,2.9543795585632324,3.0,97.5,30.168194,100.0,EXTREME DANGER
28.80_45.60,2,32.146278381347656,22.550617218017578,2.8020071983337402,3.0,97.5,28.419844,100.0,EXTREME DANGER
28.80_46.00,2,33.217323303222656,22.709814071655273,2.8950729370117188,3.0,97.5,30.931221,100.0,EXTREME DANGER
28.80_46.40,2,35.06283950805664,22.8320255279541,3.0939781665802,3.0,97.5,31.594097,100.0,EXTREME DANGER
28.80_46.80,2,41.28471755981445,22.95233154296875,3.5401458740234375,3.0,99.5,32.18251,100.0,EXTREME DANGER
28.80_47.20,2,41.215362548828125,23.371124267578125,3.4963502883911133,3.0,99.5,31.120394,100.0,EXTREME DANGER
28.80_47.60,2,47.40913009643555,23.869699478149414,3.5182480812072754,3.0,99.5,27.338692,100.0,EXTREME DANGER
28.80_48.00,2,66.48896789550781,24.561853408813477,3.7764599323272705,3.0,99.5,27.382309,100.0,EXTREME DANGER
28.80_48.40,2,49.64102554321289,24.318138122558594,3.2682480812072754,3.0,99.5,30.544262,100.0,EXTREME DANGER
28.80_48.80,1,42.477420806884766,23.941926956176758,2.9124088287353516,3.0,99.5,28.863777,100.0,EXTREME DANGER
28.80_49.20,1,42.35757827758789,24.26247215270996,2.8567519187927246,3.0,97.5,27.695444,100.0,EXTREME DANGER
28.80_49.60,1,41.02642059326172,24.57345962524414,2.7810218334198,3.0,97.5,28.338074,100.0,EXTREME DANGER
28.80_50.00,1,36.27702331542969,24.58302879333496,2.5510950088500977,3.0,97.5,25.77272,100.0,EXTREME DANGER
28.80_50.40,1,34.47341537475586,24.489450454711914,2.4826643466949463,3.0,97.5,22.651564,100.0,EXTREME DANGER
28.80_50.80,1,32.70214080810547,23.946016311645508,2.3677008152008057,3.0,80.0,8.156165,88.15616512298584,EXTREME DANGER
28.80_51.20,2,30.187530517578125,22.986156463623047,2.285583972930908,3.0,97.5,37.00068,100.0,EXTREME DANGER
28.80_51.60,2,26.341737747192383,21.28092384338379,2.152372360229492,3.0,80.0,20.077988,100.0,EXTREME DANGER
28.80_52.00,4,22.31208610534668,20.04507064819336,2.0045621395111084,3.0,80.0,8.630369,88.63036918640137,EXTREME DANGER
28.80_52.40,4,20.22923469543457,17.30321502685547,1.8923357725143433,3.0,80.0,11.881385,91.88138484954834,EXTREME DANGER
28.80_52.80,0,18.980976104736328,15.834256172180176,1.8312044143676758,3.0,97.5,28.81576,100.0,EXTREME DANGER
28.80_53.20,0,20.096256256103516,17.002981185913086,1.845802903175354,3.0,97.5,28.216938,100.0,EXTREME DANGER
28.80_53.60,0,19.553115844726562,17.35321044921875,1.8202555179595947,3.0,97.5,26.61938,100.0,EXTREME DANGER
28.80_54.00,0,17.400501251220703,17.062959671020508,1.7627737522125244,3.0,97.5,22.988077,100.0,EXTREME DANGER
28.80_54.40,0,17.21135711669922,16.729005813598633,1.7463504076004028,3.0,80.0,9.764222,89.76422214508057,EXTREME DANGER
28.80_54.80,0,15.692106246948242,15.632168769836426,1.6587591171264648,3.0,80.0,4.587137,84.58713722229004,EXTREME DANGER
28.80_55.20,0,14.536202430725098,15.372932434082031,1.5821168422698975,3.0,58.0,-20.85867,37.14133071899414,LOW RISK
28.80_55.60,0,13.920780181884766,16.0968017578125,1.5410584211349487,3.0,58.0,-23.89328,34.106719970703125,LOW RISK
28.80_56.00,0,13.777146339416504,15.700221061706543,1.5392335653305054,3.0,58.0,-27.837906,30.162094116210938,LOW RISK
28.80_56.40,0,13.032021522521973,15.024619102478027,1.4762773513793945,3.0,58.0,-27.12101,30.878990173339844,LOW RISK
28.80_56.80,0,12.657720565795898,15.07323169708252,1.4507299661636353,3.0,58.0,-27.944725,30.055274963378906,LOW RISK
28.80_57.20,0,12.729277610778809,15.855265617370605,1.4571168422698975,3.0,58.0,-26.192158,31.807842254638672,LOW RISK
28.80_57.60,0,13.922295570373535,16.470657348632812,1.5355839729309082,3.0,80.0,-0.35526454,79.644735455513,HIGH RISK
28.80_58.00,0,13.788809776306152,15.741266250610352,1.5383211374282837,3.0,38.0,-30.299906,7.700094223022461,SAFE
28.80_58.40,0,13.122620582580566,19.017642974853516,1.5173357725143433,3.0,38.0,-36.103924,1.8960762023925781,SAFE
28.80_58.80,0,12.970539093017578,22.832561492919922,1.5228102207183838,3.0,38.0,-33.908253,4.091747283935547,SAFE
28.80_59.20,0,12.996901512145996,23.961416244506836,1.5209853649139404,3.0,38.0,-36.562645,1.4373550415039062,SAFE
28.80_59.60,0,12.633153915405273,23.87889862060547,1.4826642274856567,3.0,38.0,-34.50386,3.4961395263671875,SAFE
28.80_60.00,0,11.932564735412598,20.990188598632812,1.4361313581466675,3.0,38.0,-33.15554,4.844459533691406,SAFE
28.80_60.40,0,11.363834381103516,17.484586715698242,1.4105839729309082,3.0,20.5,-35.276886,0.0,SAFE
28.80_60.80,0,11.584529876708984,15.479554176330566,1.4169708490371704,3.0,38.0,-33.424824,4.575176239013672,SAFE
28.80_61.20,0,12.466595649719238,16.740966796875,1.5009124279022217,3.0,58.0,-31.770798,26.229202270507812,LOW RISK
28.80_61.60,4,14.92501163482666,20.371191024780273,1.6843066215515137,3.0,97.5,20.395163,100.0,EXTREME DANGER
28.80_62.00,4,25.322961807250977,21.869136810302734,2.4543795585632324,3.0,97.5,36.74865,100.0,EXTREME DANGER
28.80_62.40,5,33.83341598510742,22.55017852783203,2.6989049911499023,3.0,97.5,34.84574,100.0,EXTREME DANGER
28.80_62.80,5,28.071496963500977,22.63456916809082,2.4963502883911133,3.0,97.5,36.34475,100.0,EXTREME DANGER
28.80_63.20,5,31.091323852539062,22.82710838317871,2.633211612701416,3.0,97.5,34.858223,100.0,EXTREME DANGER
28.80_63.60,4,26.439146041870117,22.71622657775879,2.3485400676727295,3.0,97.5,35.362595,100.0,EXTREME DANGER
28.80_64.00,4,23.1651611328125,21.69034194946289,2.1879560947418213,3.0,97.5,36.111725,100.0,EXTREME DANGER
29.20_44.00,5,35.521522521972656,22.06986427307129,3.169708013534546,3.0,99.5,33.64346,100.0,EXTREME DANGER
29.20_44.40,2,38.056373596191406,22.34340476989746,3.3284671306610107,3.0,99.5,32.182014,100.0,EXTREME DANGER
29.20_44.80,2,37.00443649291992,22.486665725708008,3.291058301925659,3.0,99.5,30.722015,100.0,EXTREME DANGER
29.20_45.20,2,32.28773880004883,22.506595611572266,2.8658759593963623,3.0,97.5,29.310543,100.0,EXTREME DANGER
29.20_45.60,2,31.116985321044922,22.58461570739746,2.7071168422698975,3.0,97.5,28.600193,100.0,EXTREME DANGER
29.20_46.00,2,31.44691276550293,22.645444869995117,2.6879560947418213,3.0,97.5,30.049824,100.0,EXTREME DANGER
29.20_46.40,2,33.12422561645508,22.74690055847168,2.8549270629882812,3.0,97.5,32.08834,100.0,EXTREME DANGER
29.20_46.80,2,41.75340270996094,22.941923141479492,3.5766422748565674,3.0,99.5,33.57929,100.0,EXTREME DANGER
29.20_47.20,2,38.980220794677734,23.3290958404541,3.346715211868286,3.0,99.5,30.879562,100.0,EXTREME DANGER
29.20_47.60,2,48.21942901611328,24.140819549560547,3.7673356533050537,3.0,99.5,30.505878,100.0,EXTREME DANGER
29.20_48.00,2,63.17422103881836,24.023466110229492,4.019160747528076,3.0,99.5,31.262062,100.0,EXTREME DANGER
29.20_48.40,2,48.115989685058594,23.378881454467773,3.285583972930908,3.0,99.5,27.942596,100.0,EXTREME DANGER
29.20_48.80,1,43.45415496826172,23.63227081298828,2.9616787433624268,3.0,99.5,29.275229,100.0,EXTREME DANGER
29.20_49.20,1,41.65406036376953,24.202255249023438,2.7983577251434326,3.0,97.5,29.334805,100.0,EXTREME DANGER
29.20_49.60,1,39.58262634277344,24.328916549682617,2.7071168422698975,3.0,97.5,29.238335,100.0,EXTREME DANGER
29.20_50.00,1,35.54753875732422,24.21424674987793,2.5036497116088867,3.0,97.5,26.416344,100.0,EXTREME DANGER
29.20_50.40,1,34.320438385009766,23.896310806274414,2.4507298469543457,3.0,97.5,24.407322,100.0,EXTREME DANGER
29.20_50.80,2,31.525798797607422,23.276329040527344,2.3156933784484863,3.0,80.0,8.170855,88.17085456848145,EXTREME DANGER
29.20_51.20,2,26.521207809448242,21.92922019958496,2.1596715450286865,3.0,80.0,20.069595,100.0,EXTREME DANGER
29.20_51.60,4,22.847671508789062,20.069713592529297,2.032846689224243,3.0,97.5,36.622463,100.0,EXTREME DANGER
29.20_52.00,4,19.356910705566406,16.5806941986084,1.8549270629882812,3.0,97.5,33.214653,100.0,EXTREME DANGER
29.20_52.40,0,18.219789505004883,14.243602752685547,1.7928831577301025,3.0,58.0,-15.256195,42.743804931640625,MODERATE RISK
29.20_52.80,4,24.710742950439453,14.752561569213867,1.9771897792816162,3.0,97.5,28.945015,100.0,EXTREME DANGER
29.20_53.20,4,30.65583038330078,15.345556259155273,2.294708013534546,3.0,97.5,31.51126,100.0,EXTREME DANGER
29.20_53.60,0,18.137619018554688,15.668376922607422,1.7518248558044434,3.0,97.5,26.229073,100.0,EXTREME DANGER
29.20_54.00,0,16.22230339050293,15.62753963470459,1.712591290473938,3.0,80.0,9.927284,89.92728424072266,EXTREME DANGER
29.20_54.40,0,14.681600570678711,14.7697114944458,1.6158759593963623,3.0,80.0,3.3553987,83.35539865493774,EXTREME DANGER
29.20_54.80,0,13.508197784423828,14.43979263305664,1.5255475044250488,3.0,58.0,-22.00716,35.99283981323242,LOW RISK
29.20_55.20,0,12.538934707641602,14.909857749938965,1.4635035991668701,3.0,58.0,-24.45554,33.54446029663086,LOW RISK
29.20_55.60,0,12.842538833618164,15.283929824829102,1.4844890832901,3.0,58.0,-20.81165,37.188350677490234,LOW RISK
29.20_56.00,0,11.916674613952637,14.569844245910645,1.4169708490371704,3.0,58.0,-26.667942,31.33205795288086,LOW RISK
29.20_56.40,0,11.746870040893555,11.880423545837402,1.4114964008331299,3.0,38.0,-31.324522,6.675477981567383,SAFE
29.20_56.80,0,11.460409164428711,11.5651216506958,1.3868613243103027,3.0,58.0,-28.661427,29.338573455810547,LOW RISK
29.20_57.20,0,11.001819610595703,11.389222145080566,1.3512773513793945,3.0,58.0,-27.819134,30.180866241455078,LOW RISK
29.20_57.60,0,11.931100845336914,12.300251007080078,1.4169708490371704,3.0,58.0,-27.112457,30.887542724609375,LOW RISK
29.20_58.00,0,12.947699546813965,16.90166473388672,1.4954379796981812,3.0,58.0,-23.470266,34.529733657836914,LOW RISK
29.20_58.40,0,12.720495223999023,20.7729549407959,1.4936131238937378,3.0,38.0,-35.668427,2.331573486328125,SAFE
29.20_58.80,0,12.669400215148926,23.721878051757812,1.4917882680892944,3.0,38.0,-33.362877,4.637123107910156,SAFE
29.20_59.20,0,12.633402824401855,24.715198516845703,1.4963504076004028,3.0,38.0,-32.77451,5.225490570068359,SAFE
29.20_59.60,0,12.258475303649902,24.126083374023438,1.455291986465454,3.0,38.0,-36.122856,1.8771438598632812,SAFE
29.20_60.00,0,11.745927810668945,19.83765411376953,1.433394193649292,3.0,38.0,-35.156082,2.8439178466796875,SAFE
29.20_60.40,0,11.523736000061035,16.53800392150879,1.4142335653305054,3.0,38.0,-35.41576,2.584239959716797,SAFE
29.20_60.80,0,12.158080101013184,16.1511287689209,1.4607664346694946,3.0,38.0,-35.906624,2.0933761596679688,SAFE
29.20_61.20,0,12.475582122802734,18.008255004882812,1.4990875720977783,3.0,38.0,-36.687614,1.3123855590820312,SAFE
29.20_61.60,4,19.785240173339844,20.55437660217285,2.11952543258667,3.0,97.5,36.83728,100.0,EXTREME DANGER
29.20_62.00,5,33.656864166259766,21.501327514648438,2.736313819885254,3.0,97.5,35.3677,100.0,EXTREME DANGER
29.20_62.40,5,34.532752990722656,20.869136810302734,2.775547504425049,3.0,97.5,35.886887,100.0,EXTREME DANGER
29.20_62.80,4,27.76514434814453,20.60504150390625,2.4899635314941406,3.0,97.5,36.33506,100.0,EXTREME DANGER
29.20_63.20,5,32.07594680786133,19.750547409057617,2.8403284549713135,3.0,97.5,35.08574,100.0,EXTREME DANGER
29.20_63.60,4,27.152530670166016,19.453149795532227,2.5483577251434326,3.0,97.5,36.051376,100.0,EXTREME DANGER
29.20_64.00,4,20.314943313598633,19.651288986206055,2.0063867568969727,3.0,97.5,35.94565,100.0,EXTREME DANGER
29.60_44.00,5,38.752044677734375,22.015071868896484,3.3549270629882812,3.0,99.5,33.50769,100.0,EXTREME DANGER
29.60_44.40,5,39.96058654785156,22.23794174194336,3.416970729827881,3.0,99.5,33.09339,100.0,EXTREME DANGER
29.60_44.80,2,38.48545837402344,22.48652458190918,3.3704378604888916,3.0,99.5,32.360138,100.0,EXTREME DANGER
29.60_45.20,2,34.22662353515625,22.588815689086914,3.0483577251434326,3.0,97.5,31.625648,100.0,EXTREME DANGER
29.60_45.60,2,33.45011901855469,22.667144775390625,2.972627639770508,3.0,97.5,31.183739,100.0,EXTREME DANGER
29.60_46.00,2,32.89803695678711,22.70056915283203,2.8293795585632324,3.0,97.5,31.581863,100.0,EXTREME DANGER
29.60_46.40,2,31.378969192504883,22.769630432128906,2.650547504425049,3.0,97.5,32.12902,100.0,EXTREME DANGER
29.60_46.80,2,38.28059005737305,23.06623649597168,3.324817419052124,3.0,99.5,33.403236,100.0,EXTREME DANGER
29.60_47.20,2,45.17057418823242,23.437902450561523,3.7116787433624268,3.0,99.5,32.61946,100.0,EXTREME DANGER
29.60_47.60,5,54.77027893066406,24.148906707763672,4.010036468505859,3.0,99.5,32.538486,100.0,EXTREME DANGER
29.60_48.00,5,77.70220184326172,24.283275604248047,4.360401630401611,3.0,99.5,33.69742,100.0,EXTREME DANGER
29.60_48.40,2,46.51871871948242,23.106096267700195,3.2655110359191895,3.0,99.5,32.09822,100.0,EXTREME DANGER
29.60_48.80,1,41.98672103881836,23.460290908813477,2.855839490890503,3.0,97.5,30.778652,100.0,EXTREME DANGER
29.60_49.20,1,39.05681610107422,23.75320053100586,2.683394193649292,3.0,97.5,28.701889,100.0,EXTREME DANGER
29.60_49.60,1,38.729915618896484,23.736677169799805,2.650547504425049,3.0,97.5,27.362808,100.0,EXTREME DANGER
29.60_50.00,1,39.131874084472656,23.790145874023438,2.653284788131714,3.0,97.5,26.88929,100.0,EXTREME DANGER
29.60_50.40,2,38.40443801879883,23.39670181274414,2.6204378604888916,3.0,80.0,14.1543,94.15429973602295,EXTREME DANGER
29.60_50.80,2,31.102270126342773,22.3298397064209,2.282846689224243,3.0,80.0,14.621353,94.62135314941406,EXTREME DANGER
29.60_51.20,4,25.109495162963867,20.60251235961914,2.1131386756896973,3.0,97.5,33.950047,100.0,EXTREME DANGER
29.60_51.60,4,20.549278259277344,17.155759811401367,1.9133211374282837,3.0,80.0,11.511741,91.51174068450928,EXTREME DANGER
29.60_52.00,0,17.614465713500977,13.444267272949219,1.7673357725143433,3.0,80.0,8.611887,88.61188697814941,EXTREME DANGER
29.60_52.40,0,22.151622772216797,13.470985412597656,1.9105839729309082,3.0,80.0,12.677921,92.67792129516602,EXTREME DANGER
29.60_52.80,0,24.230195999145508,14.749004364013672,1.986313819885254,3.0,80.0,14.65826,94.65826034545898,EXTREME DANGER
29.60_53.20,0,21.761310577392578,15.460248947143555,1.915145993232727,3.0,97.5,26.123556,100.0,EXTREME DANGER
29.60_53.60,0,16.2823543548584,15.483498573303223,1.6925182342529297,3.0,80.0,2.3342814,82.33428144454956,EXTREME DANGER
29.60_54.00,0,14.780197143554688,15.344799995422363,1.6204379796981812,3.0,58.0,-17.737234,40.262765884399414,MODERATE RISK
29.60_54.40,0,13.350980758666992,14.555864334106445,1.5246350765228271,3.0,58.0,-12.378971,45.621028900146484,MODERATE RISK
29.60_54.80,0,12.098220825195312,14.499688148498535,1.433394193649292,3.0,58.0,-27.140087,30.859912872314453,LOW RISK
29.60_55.20,0,11.82809066772461,14.993505477905273,1.4005475044250488,3.0,58.0,-24.295052,33.70494842529297,LOW RISK
29.60_55.60,0,11.635021209716797,14.801431655883789,1.3895984888076782,3.0,58.0,-27.650284,30.349716186523438,LOW RISK
29.60_56.00,0,11.023032188415527,12.322668075561523,1.3585766553878784,3.0,58.0,-22.728472,35.271528244018555,LOW RISK
29.60_56.40,0,10.788681983947754,9.838481903076172,1.3293795585632324,3.0,58.0,-21.109848,36.89015197753906,LOW RISK
29.60_56.80,0,10.443382263183594,10.38132095336914,1.3111313581466675,3.0,38.0,-36.285812,1.7141876220703125,SAFE
29.60_57.20,0,10.146056175231934,10.366861343383789,1.2956204414367676,3.0,38.0,-37.387627,0.6123733520507812,SAFE
29.60_57.60,0,11.116419792175293,12.351680755615234,1.3768248558044434,3.0,38.0,-33.756603,4.243396759033203,SAFE
29.60_58.00,0,12.336270332336426,18.177228927612305,1.4744524955749512,3.0,38.0,-36.10048,1.8995208740234375,SAFE
29.60_58.40,0,12.600957870483398,23.012876510620117,1.4954379796981812,3.0,38.0,-34.60504,3.39495849609375,SAFE
29.60_58.80,0,12.39957046508789,24.761999130249023,1.4726277589797974,3.0,19.040000915527344,-34.44861,0.0,SAFE
29.60_59.20,0,12.039097785949707,24.962820053100586,1.448905110359192,3.0,20.5,-34.203423,0.0,SAFE
29.60_59.60,0,11.629071235656738,23.48381996154785,1.4206204414367676,3.0,38.0,-34.5572,3.442798614501953,SAFE
29.60_60.00,0,11.285351753234863,18.43163299560547,1.3996350765228271,3.0,38.0,-35.26555,2.7344512939453125,SAFE
29.60_60.40,0,11.366595268249512,16.413604736328125,1.4096715450286865,3.0,38.0,-37.29029,0.7097091674804688,SAFE
29.60_60.80,0,12.59521198272705,17.259197235107422,1.4927006959915161,3.0,38.0,-34.134735,3.865264892578125,SAFE
29.60_61.20,4,17.59248924255371,19.672094345092773,1.9990875720977783,3.0,97.5,27.78486,100.0,EXTREME DANGER
29.60_61.60,5,36.61790084838867,21.973445892333984,2.778284788131714,3.0,99.5,34.239197,100.0,EXTREME DANGER
29.60_62.00,5,54.346656799316406,22.377696990966797,3.0510950088500977,3.0,99.5,34.219,100.0,EXTREME DANGER
29.60_62.40,5,41.15749740600586,21.764339447021484,2.9452555179595947,3.0,99.5,34.627716,100.0,EXTREME DANGER
29.60_62.80,5,33.8188591003418,20.606510162353516,2.8567519187927246,3.0,97.5,36.017754,100.0,EXTREME DANGER
29.60_63.20,5,34.415977478027344,19.319873809814453,3.0118613243103027,3.0,97.5,35.636147,100.0,EXTREME DANGER
29.60_63.60,5,33.64678955078125,17.988529205322266,3.0593066215515137,3.0,97.5,35.72663,100.0,EXTREME DANGER
29.60_64.00,4,29.350854873657227,18.15977668762207,2.808394193649292,3.0,97.5,35.00167,100.0,EXTREME DANGER
30.00_44.00,5,40.691410064697266,21.979833602905273,3.427919626235962,3.0,99.5,32.97898,100.0,EXTREME DANGER
30.00_44.40,5,41.33551025390625,22.184234619140625,3.472627639770508,3.0,99.5,33.141167,100.0,EXTREME DANGER
30.00_44.80,5,42.56572723388672,22.468618392944336,3.5647809505462646,3.0,99.5,33.36335,100.0,EXTREME DANGER
30.00_45.20,5,43.412315368652344,22.758975982666016,3.622262716293335,3.0,99.5,32.753464,100.0,EXTREME DANGER
30.00_45.60,5,46.79486846923828,22.963043212890625,3.774635076522827,3.0,99.5,32.693928,100.0,EXTREME DANGER
30.00_46.00,5,38.20680618286133,23.072111129760742,3.2883212566375732,3.0,99.5,32.68457,100.0,EXTREME DANGER
30.00_46.40,2,33.383506774902344,23.163381576538086,2.83850359916687,3.0,97.5,32.60282,100.0,EXTREME DANGER
30.00_46.80,5,47.883216857910156,23.46820640563965,3.841240882873535,3.0,99.5,33.427048,100.0,EXTREME DANGER
30.00_47.20,5,56.17015075683594,23.877418518066406,4.05200719833374,3.0,99.5,33.742535,100.0,EXTREME DANGER
30.00_47.60,5,58.17193603515625,24.29595184326172,4.069343090057373,3.0,99.5,32.729904,100.0,EXTREME DANGER
30.00_48.00,2,75.03604888916016,24.76675033569336,3.914233684539795,3.0,99.5,30.633652,100.0,EXTREME DANGER
30.00_48.40,2,41.51396942138672,24.625877380371094,2.8877737522125244,3.0,97.5,33.397995,100.0,EXTREME DANGER
30.00_48.80,2,31.353778839111328,24.506744384765625,2.3567519187927246,3.0,97.5,27.325981,100.0,EXTREME DANGER
30.00_49.20,1,32.85432052612305,23.335586547851562,2.4124088287353516,3.0,97.5,29.760826,100.0,EXTREME DANGER
30.00_49.60,1,35.270057678222656,23.02849006652832,2.4963502883911133,3.0,97.5,27.72745,100.0,EXTREME DANGER
30.00_50.00,1,36.608673095703125,23.114049911499023,2.5538320541381836,3.0,97.5,31.173542,100.0,EXTREME DANGER
30.00_50.40,2,37.834774017333984,22.655221939086914,2.6268248558044434,3.0,80.0,19.379528,99.3795280456543,EXTREME DANGER
30.00_50.80,4,36.37652587890625,20.785402297973633,2.563868522644043,3.0,80.0,19.91636,99.91636085510254,EXTREME DANGER
30.00_51.20,0,25.935489654541016,18.419620513916016,2.105839490890503,3.0,80.0,16.848999,96.8489990234375,EXTREME DANGER
30.00_51.60,0,17.030935287475586,14.38940143585205,1.7244524955749512,3.0,80.0,1.3474677,81.34746766090393,EXTREME DANGER
30.00_52.00,0,14.594758033752441,11.446639060974121,1.5921533107757568,3.0,97.5,27.699512,100.0,EXTREME DANGER
30.00_52.40,0,14.649442672729492,12.631360054016113,1.576642394065857,3.0,58.0,-19.379911,38.62008857727051,LOW RISK
30.00_52.80,0,16.663551330566406,13.648244857788086,1.6952555179595947,3.0,97.5,26.012959,100.0,EXTREME DANGER
30.00_53.20,0,16.00052261352539,13.764420509338379,1.6751824617385864,3.0,97.5,24.78424,100.0,EXTREME DANGER
30.00_53.60,0,13.915386199951172,12.558740615844727,1.5492700338363647,3.0,80.0,11.179846,91.17984580993652,EXTREME DANGER
30.00_54.00,0,12.98935604095459,12.992374420166016,1.497262716293335,3.0,80.0,9.024858,89.02485847473145,EXTREME DANGER
30.00_54.40,0,12.7093505859375,15.382977485656738,1.486313819885254,3.0,80.0,-0.07646102,79.9235389828682,HIGH RISK
30.00_54.80,0,11.649430274963379,15.497885704040527,1.3804744482040405,3.0,58.0,-24.629295,33.370704650878906,LOW RISK
30.00_55.20,0,11.746140480041504,14.548773765563965,1.4032846689224243,3.0,58.0,-27.583563,30.41643714904785,LOW RISK
30.00_55.60,0,12.006180763244629,13.151958465576172,1.4343066215515137,3.0,58.0,-25.479006,32.52099418640137,LOW RISK
30.00_56.00,0,11.423172950744629,11.843620300292969,1.3914233446121216,3.0,58.0,-27.685333,30.314666748046875,LOW RISK
30.00_56.40,0,10.614530563354492,12.489692687988281,1.3430657386779785,3.0,58.0,-22.141748,35.85825157165527,LOW RISK
30.00_56.80,0,10.870065689086914,13.570923805236816,1.3649635314941406,3.0,38.0,-32.012547,5.987453460693359,SAFE
30.00_57.20,0,11.098889350891113,12.542208671569824,1.393248200416565,3.0,38.0,-37.04795,0.9520492553710938,SAFE
30.00_57.60,0,11.901965141296387,14.452507972717285,1.4315693378448486,3.0,38.0,-36.369133,1.6308670043945312,SAFE
30.00_58.00,0,12.661094665527344,20.913442611694336,1.4872262477874756,3.0,38.0,-34.30049,3.6995086669921875,SAFE
30.00_58.40,0,12.434551239013672,24.445188522338867,1.4835766553878784,3.0,38.0,-31.644037,6.355962753295898,SAFE
30.00_58.80,0,11.682378768920898,24.53591537475586,1.422445297241211,3.0,20.5,-34.531036,0.0,SAFE
30.00_59.20,0,11.170120239257812,23.956756591796875,1.393248200416565,3.0,20.5,-34.29207,0.0,SAFE
30.00_59.60,0,10.905193328857422,21.755130767822266,1.3740875720977783,3.0,20.5,-35.635284,0.0,SAFE
30.00_60.00,0,10.780511856079102,18.082904815673828,1.3740875720977783,3.0,20.5,-35.46832,0.0,SAFE
30.00_60.40,0,10.947307586669922,17.530550003051758,1.385948896408081,3.0,38.0,-36.651222,1.3487777709960938,SAFE
30.00_60.80,0,12.141318321228027,19.66656494140625,1.4790146350860596,3.0,38.0,-35.16368,2.8363189697265625,SAFE
30.00_61.20,4,15.21399974822998,21.92385482788086,1.7490875720977783,3.0,97.5,15.401468,100.0,EXTREME DANGER
30.00_61.60,4,19.605087280273438,22.61834716796875,2.1240875720977783,3.0,97.5,29.20948,100.0,EXTREME DANGER
30.00_62.00,5,27.558664321899414,22.32556915283203,2.566605806350708,3.0,97.5,33.62085,100.0,EXTREME DANGER
30.00_62.40,5,37.882503509521484,22.036178588867188,2.8686132431030273,3.0,99.5,34.938347,100.0,EXTREME DANGER
30.00_62.80,5,38.1351432800293,21.515666961669922,2.8905110359191895,3.0,99.5,34.94152,100.0,EXTREME DANGER
30.00_63.20,5,39.8021240234375,20.620519638061523,3.083029270172119,3.0,99.5,34.86228,100.0,EXTREME DANGER
30.00_63.60,5,42.127479553222656,19.71324920654297,3.293795585632324,3.0,99.5,34.97676,100.0,EXTREME DANGER
30.00_64.00,5,36.82262420654297,19.623451232910156,3.1377737522125244,3.0,99.5,34.938522,100.0,EXTREME DANGER
30.40_44.00,5,41.65171813964844,21.920169830322266,3.4479928016662598,3.0,99.5,33.564655,100.0,EXTREME DANGER
30.40_44.40,5,42.189353942871094,22.250791549682617,3.510948896408081,3.0,99.5,33.68009,100.0,EXTREME DANGER
30.40_44.80,5,44.61807632446289,22.57453727722168,3.600364923477173,3.0,99.5,33.97028,100.0,EXTREME DANGER
30.40_45.20,5,47.15172576904297,22.83448028564453,3.697080373764038,3.0,99.5,33.79354,100.0,EXTREME DANGER
30.40_45.60,5,48.28382110595703,23.203855514526367,3.7700729370117188,3.0,99.5,33.91185,100.0,EXTREME DANGER
30.40_46.00,2,39.00617218017578,23.495328903198242,3.2901458740234375,3.0,99.5,33.15103,100.0,EXTREME DANGER
30.40_46.40,5,45.81865692138672,23.6851749420166,3.6961679458618164,3.0,99.5,33.220062,100.0,EXTREME DANGER
30.40_46.80,5,54.29024887084961,23.995132446289062,4.009124279022217,3.0,99.5,33.617035,100.0,EXTREME DANGER
30.40_47.20,5,50.58991622924805,24.305570602416992,3.8594889640808105,3.0,99.5,34.238617,100.0,EXTREME DANGER
30.40_47.60,2,44.550819396972656,24.64893341064453,3.278284788131714,3.0,99.5,32.577972,100.0,EXTREME DANGER
30.40_48.00,2,38.820762634277344,24.725135803222656,2.7627737522125244,3.0,97.5,32.886734,100.0,EXTREME DANGER
30.40_48.40,2,30.906824111938477,24.767614364624023,2.346715211868286,3.0,97.5,36.364685,100.0,EXTREME DANGER
30.40_48.80,2,30.528921127319336,24.806989669799805,2.3439781665802,3.0,97.5,28.817007,100.0,EXTREME DANGER
30.40_49.20,2,35.616127014160156,24.468399047851562,2.524635076522827,3.0,97.5,34.363495,100.0,EXTREME DANGER
30.40_49.60,2,35.17303466796875,23.80339241027832,2.516423463821411,3.0,97.5,36.246407,100.0,EXTREME DANGER
30.40_50.00,2,38.47398376464844,23.000749588012695,2.666970729827881,3.0,97.5,36.12632,100.0,EXTREME DANGER
30.40_50.40,2,33.70812225341797,21.20504379272461,2.447080373764038,3.0,80.0,23.64915,100.0,EXTREME DANGER
30.40_50.80,2,26.112817764282227,18.091842651367188,2.144160509109497,3.0,80.0,13.44059,93.44058990478516,EXTREME DANGER
30.40_51.20,0,18.972909927368164,14.781665802001953,1.8403284549713135,3.0,97.5,28.32156,100.0,EXTREME DANGER
30.40_51.60,0,15.635969161987305,10.936983108520508,1.6523722410202026,3.0,97.5,25.03949,100.0,EXTREME DANGER
30.40_52.00,0,13.155594825744629,9.032326698303223,1.5246350765228271,3.0,58.0,-24.31111,33.68889045715332,LOW RISK
30.40_52.40,0,12.968551635742188,10.304765701293945,1.5127737522125244,3.0,97.5,27.30888,100.0,EXTREME DANGER
30.40_52.80,0,12.377042770385742,10.464872360229492,1.4644160270690918,3.0,97.5,24.315933,100.0,EXTREME DANGER
30.40_53.20,0,12.72126579284668,10.794698715209961,1.4908759593963623,3.0,58.0,-20.498518,37.501482009887695,LOW RISK
30.40_53.60,0,11.879414558410645,11.728397369384766,1.4288321733474731,3.0,58.0,-26.535757,31.464242935180664,LOW RISK
30.40_54.00,0,12.020840644836426,14.4363374710083,1.441605806350708,3.0,58.0,-28.643593,29.356407165527344,LOW RISK
30.40_54.40,0,12.190695762634277,16.052339553833008,1.4452555179595947,3.0,80.0,2.8199754,82.81997537612915,EXTREME DANGER
30.40_54.80,0,11.280521392822266,13.808420181274414,1.3695255517959595,3.0,58.0,-31.066296,26.933704376220703,LOW RISK
30.40_55.20,0,11.394430160522461,12.686576843261719,1.3795620203018188,3.0,38.0,-35.470222,2.5297775268554688,SAFE
30.40_55.60,0,11.724955558776855,14.266440391540527,1.3996350765228271,3.0,38.0,-34.325848,3.674152374267578,SAFE
30.40_56.00,0,12.128294944763184,15.493271827697754,1.4370437860488892,3.0,38.0,-32.30226,5.6977386474609375,SAFE
30.40_56.40,0,12.544351577758789,15.105902671813965,1.4680657386779785,3.0,58.0,-23.40242,34.59757995605469,LOW RISK
30.40_56.80,0,14.442214012145996,13.983853340148926,1.5684306621551514,3.0,58.0,-20.963968,37.03603172302246,LOW RISK
30.40_57.20,0,13.911606788635254,14.170989036560059,1.5428831577301025,3.0,38.0,-35.153625,2.84637451171875,SAFE
30.40_57.60,0,13.078805923461914,18.90264320373535,1.5191606283187866,3.0,38.0,-34.38498,3.615020751953125,SAFE
30.40_58.00,0,12.786067962646484,23.564289093017578,1.502737283706665,3.0,38.0,-30.767094,7.232906341552734,SAFE
30.40_58.40,0,11.855785369873047,24.334278106689453,1.4461678266525269,3.0,20.5,-34.71525,0.0,SAFE
30.40_58.80,0,10.945390701293945,24.28529930114746,1.3841240406036377,3.0,20.5,-33.94239,0.0,SAFE
30.40_59.20,0,10.45291519165039,23.086597442626953,1.3421533107757568,3.0,20.5,-35.422012,0.0,SAFE
30.40_59.60,0,10.2005615234375,21.02876091003418,1.3321168422698975,3.0,20.5,-34.608734,0.0,SAFE
30.40_60.00,0,10.291694641113281,18.026561737060547,1.3439780473709106,3.0,38.0,-33.98593,4.014068603515625,SAFE
30.40_60.40,0,10.399369239807129,17.826051712036133,1.353102207183838,3.0,38.0,-35.37238,2.6276206970214844,SAFE
30.40_60.80,0,11.590086936950684,20.434213638305664,1.4388686418533325,3.0,38.0,-34.137894,3.8621063232421875,SAFE
30.40_61.20,0,13.87391471862793,22.07229995727539,1.6049270629882812,3.0,97.5,15.116962,100.0,EXTREME DANGER
30.40_61.60,0,17.284730911254883,22.081586837768555,1.893248200416565,3.0,97.5,26.893497,100.0,EXTREME DANGER
30.40_62.00,5,39.890384674072266,21.919641494750977,2.8740875720977783,3.0,99.5,33.716885,100.0,EXTREME DANGER
30.40_62.40,5,65.746826171875,21.66558074951172,3.1487226486206055,3.0,99.5,34.203045,100.0,EXTREME DANGER
30.40_62.80,5,51.50698471069336,21.2497615814209,3.122262716293335,3.0,99.5,34.679474,100.0,EXTREME DANGER
30.40_63.20,5,44.834312438964844,20.930076599121094,3.074817419052124,3.0,99.5,34.804035,100.0,EXTREME DANGER
30.40_63.60,5,35.239234924316406,20.514272689819336,2.8868613243103027,3.0,97.5,35.094315,100.0,EXTREME DANGER
30.40_64.00,5,30.081037521362305,20.155479431152344,2.686131477355957,3.0,97.5,35.22925,100.0,EXTREME DANGER
30.80_44.00,5,41.19629669189453,21.945985794067383,3.458029270172119,3.0,99.5,34.2427,100.0,EXTREME DANGER
30.80_44.40,5,42.14257049560547,22.30008888244629,3.46350359916687,3.0,99.5,33.909637,100.0,EXTREME DANGER
30.80_44.80,5,44.71895217895508,22.688405990600586,3.5793795585632324,3.0,99.5,34.14823,100.0,EXTREME DANGER
30.80_45.20,5,45.049835205078125,23.131425857543945,3.5711679458618164,3.0,99.5,33.397026,100.0,EXTREME DANGER
30.80_45.60,5,42.69048309326172,23.655563354492188,3.475364923477173,3.0,99.5,33.383564,100.0,EXTREME DANGER
30.80_46.00,5,39.56513595581055,23.958234786987305,3.24452543258667,3.0,99.5,34.000587,100.0,EXTREME DANGER
30.80_46.40,5,37.6153564453125,24.325515747070312,3.0428831577301025,3.0,99.5,35.28663,100.0,EXTREME DANGER
30.80_46.80,4,35.402835845947266,24.526485443115234,2.839416027069092,3.0,97.5,34.071846,100.0,EXTREME DANGER
30.80_47.20,2,35.76713180541992,24.722936630249023,2.6569342613220215,3.0,97.5,34.117104,100.0,EXTREME DANGER
30.80_47.60,2,37.42151641845703,24.75128173828125,2.655109405517578,3.0,97.5,33.60885,100.0,EXTREME DANGER
30.80_48.00,2,39.85858154296875,24.403827667236328,2.7116787433624268,3.0,97.5,32.837944,100.0,EXTREME DANGER
30.80_48.40,2,33.63168716430664,24.583463668823242,2.4543795585632324,3.0,97.5,31.087334,100.0,EXTREME DANGER
30.80_48.80,2,34.831390380859375,24.438451766967773,2.5118613243103027,3.0,97.5,31.43287,100.0,EXTREME DANGER
30.80_49.20,2,37.533775329589844,24.072328567504883,2.6395986080169678,3.0,97.5,31.638186,100.0,EXTREME DANGER
30.80_49.60,2,38.606422424316406,23.612424850463867,2.652372360229492,3.0,97.5,31.499878,100.0,EXTREME DANGER
30.80_50.00,2,33.508056640625,21.30234718322754,2.4352190494537354,3.0,97.5,34.14693,100.0,EXTREME DANGER
30.80_50.40,2,23.180490493774414,17.885026931762695,2.030109405517578,3.0,80.0,7.2919683,87.29196834564209,EXTREME DANGER
30.80_50.80,0,17.74887466430664,13.47695255279541,1.7846715450286865,3.0,58.0,-24.896088,33.103912353515625,LOW RISK
30.80_51.20,0,16.96255111694336,9.855223655700684,1.702554702758789,3.0,58.0,-17.180637,40.81936264038086,MODERATE RISK
30.80_51.60,0,14.832978248596191,8.188916206359863,1.6149635314941406,3.0,97.5,28.34247,100.0,EXTREME DANGER
30.80_52.00,0,12.584997177124023,7.848797798156738,1.5045620203018188,3.0,58.0,-17.821018,40.17898178100586,MODERATE RISK
30.80_52.40,0,12.163644790649414,8.911430358886719,1.4726277589797974,3.0,58.0,-16.42019,41.57980918884277,MODERATE RISK
30.80_52.80,0,11.50101089477539,9.748383522033691,1.419708013534546,3.0,97.5,22.191387,100.0,EXTREME DANGER
30.80_53.20,0,11.694284439086914,12.187732696533203,1.4270073175430298,3.0,38.0,-35.362213,2.637786865234375,SAFE
30.80_53.60,0,11.53738784790039,14.872638702392578,1.4078466892242432,3.0,38.0,-36.129696,1.8703041076660156,SAFE
30.80_54.00,0,11.630890846252441,15.966782569885254,1.4096715450286865,3.0,38.0,-33.057297,4.9427032470703125,SAFE
30.80_54.40,0,11.403579711914062,15.046841621398926,1.3914233446121216,3.0,38.0,-35.070503,2.9294967651367188,SAFE
30.80_54.80,0,11.641535758972168,14.045953750610352,1.4087591171264648,3.0,38.0,-34.196724,3.8032760620117188,SAFE
30.80_55.20,0,11.611035346984863,15.441665649414062,1.393248200416565,3.0,38.0,-34.368477,3.6315231323242188,SAFE
30.80_55.60,0,12.294244766235352,16.803773880004883,1.4434306621551514,3.0,38.0,-32.103752,5.896247863769531,SAFE
30.80_56.00,0,12.912348747253418,16.11006736755371,1.489051103591919,3.0,38.0,-29.47797,8.522029876708984,SAFE
30.80_56.40,0,13.895729064941406,14.250150680541992,1.540145993232727,3.0,38.0,-31.960175,6.039825439453125,SAFE
30.80_56.80,0,14.173928260803223,13.939481735229492,1.5602189302444458,3.0,38.0,-30.936483,7.063516616821289,SAFE
30.80_57.20,0,12.90058422088623,16.353914260864258,1.502737283706665,3.0,38.0,-34.864006,3.1359939575195312,SAFE
30.80_57.60,0,12.870549201965332,21.651676177978516,1.510948896408081,3.0,38.0,-33.576485,4.423515319824219,SAFE
30.80_58.00,0,11.877449989318848,24.156333923339844,1.4215328693389893,3.0,58.0,-24.697155,33.3028450012207,LOW RISK
30.80_58.40,0,11.079795837402344,24.07929229736328,1.3959853649139404,3.0,38.0,-32.93091,5.069091796875,SAFE
30.80_58.80,0,10.522481918334961,23.6713924407959,1.3604015111923218,3.0,20.5,-34.78733,0.0,SAFE
30.80_59.20,0,10.124358177185059,21.838844299316406,1.3293795585632324,3.0,38.0,-33.715656,4.284343719482422,SAFE
30.80_59.60,0,9.855277061462402,20.26553726196289,1.3147810697555542,3.0,20.5,-35.178185,0.0,SAFE
30.80_60.00,0,9.894073486328125,18.177284240722656,1.3147810697555542,3.0,20.5,-35.6448,0.0,SAFE
30.80_60.40,0,10.123245239257812,18.413318634033203,1.327554702758789,3.0,38.0,-35.409134,2.5908660888671875,SAFE
30.80_60.80,0,11.40985107421875,20.688762664794922,1.422445297241211,3.0,58.0,-27.671185,30.328815460205078,LOW RISK
30.80_61.20,0,15.95827865600586,21.860017776489258,1.7837591171264648,3.0,97.5,21.042465,100.0,EXTREME DANGER
30.80_61.60,4,18.28354835510254,21.83547592163086,1.951642394065857,3.0,97.5,28.97053,100.0,EXTREME DANGER
30.80_62.00,5,28.23430061340332,21.74787139892578,2.455291986465454,3.0,97.5,33.50139,100.0,EXTREME DANGER
30.80_62.40,5,46.25852584838867,21.390037536621094,2.9543795585632324,3.0,99.5,34.0402,100.0,EXTREME DANGER
30.80_62.80,5,40.21523666381836,20.87834930419922,2.9598541259765625,3.0,99.5,34.33539,100.0,EXTREME DANGER
30.80_63.20,5,31.224451065063477,20.65598487854004,2.733576536178589,3.0,97.5,35.065056,100.0,EXTREME DANGER
30.80_63.60,5,25.800064086914062,20.711652755737305,2.489051103591919,3.0,97.5,35.69525,100.0,EXTREME DANGER
30.80_64.00,4,23.418182373046875,20.68165397644043,2.3093066215515137,3.0,97.5,35.482002,100.0,EXTREME DANGER
31.20_44.00,5,42.80085372924805,21.95564079284668,3.521897792816162,3.0,99.5,33.770493,100.0,EXTREME DANGER
31.20_44.40,5,40.715370178222656,22.43160629272461,3.358576536178589,3.0,99.5,32.85282,100.0,EXTREME DANGER
31.20_44.80,5,39.47907638549805,23.044414520263672,3.2372262477874756,3.0,99.5,32.931274,100.0,EXTREME DANGER
31.20_45.20,4,34.23970413208008,23.631410598754883,2.7655110359191895,3.0,97.5,32.885315,100.0,EXTREME DANGER
31.20_45.60,4,30.86914825439453,24.009967803955078,2.4872262477874756,3.0,97.5,32.137245,100.0,EXTREME DANGER
31.20_46.00,2,32.74722671508789,24.18023681640625,2.4908759593963623,3.0,97.5,33.511887,100.0,EXTREME DANGER
31.20_46.40,4,30.350603103637695,24.417722702026367,2.383211612701416,3.0,97.5,32.286575,100.0,EXTREME DANGER
31.20_46.80,4,28.877275466918945,24.53746223449707,2.339416027069092,3.0,97.5,27.182549,100.0,EXTREME DANGER
31.20_47.20,2,36.07283020019531,24.75887680053711,2.602189779281616,3.0,97.5,30.183878,100.0,EXTREME DANGER
31.20_47.60,2,37.43851852416992,24.511058807373047,2.6678831577301025,3.0,97.5,30.178684,100.0,EXTREME DANGER
31.20_48.00,2,44.37120056152344,24.245929718017578,2.891423463821411,3.0,97.5,30.910963,100.0,EXTREME DANGER
31.20_48.40,2,38.03425598144531,24.434362411499023,2.716240882873535,3.0,97.5,31.2243,100.0,EXTREME DANGER
31.20_48.80,2,44.37364959716797,24.274797439575195,3.0319342613220215,3.0,99.5,31.7644,100.0,EXTREME DANGER
31.20_49.20,2,43.554405212402344,23.66555404663086,2.902372360229492,3.0,97.5,35.13525,100.0,EXTREME DANGER
31.20_49.60,2,30.624637603759766,22.590394973754883,2.3649635314941406,3.0,97.5,34.184708,100.0,EXTREME DANGER
31.20_50.00,0,22.576284408569336,17.551328659057617,2.0401458740234375,3.0,97.5,30.281082,100.0,EXTREME DANGER
31.20_50.40,0,18.79354476928711,12.792351722717285,1.8120437860488892,3.0,80.0,11.718662,91.71866226196289,EXTREME DANGER
31.20_50.80,0,17.40319061279297,10.366486549377441,1.7372262477874756,3.0,58.0,-11.078526,46.92147445678711,MODERATE RISK
31.20_51.20,0,16.019468307495117,8.6596097946167,1.6423357725143433,3.0,58.0,-14.467404,43.53259563446045,MODERATE RISK
31.20_51.60,0,13.183173179626465,7.897110462188721,1.5191606283187866,3.0,58.0,-21.241272,36.75872802734375,LOW RISK
31.20_52.00,0,11.483945846557617,8.217823028564453,1.4315693378448486,3.0,58.0,-22.243368,35.75663185119629,LOW RISK
31.20_52.40,0,11.761348724365234,10.401802062988281,1.4470802545547485,3.0,58.0,-20.634413,37.36558723449707,LOW RISK
31.20_52.80,0,12.229583740234375,12.499842643737793,1.4543795585632324,3.0,58.0,-27.17481,30.8251895904541,LOW RISK
31.20_53.20,0,13.684136390686035,15.151540756225586,1.5866788625717163,3.0,97.5,19.912056,100.0,EXTREME DANGER
31.20_53.60,0,12.315938949584961,15.672906875610352,1.5054744482040405,3.0,80.0,-8.405243,71.59475708007812,HIGH RISK
31.20_54.00,0,11.435702323913574,13.942765235900879,1.4051095247268677,3.0,38.0,-35.87404,2.1259613037109375,SAFE
31.20_54.40,0,12.044109344482422,13.840496063232422,1.4434306621551514,3.0,38.0,-36.83712,1.1628799438476562,SAFE
31.20_54.80,0,12.337273597717285,15.543335914611816,1.4434306621551514,3.0,38.0,-35.03448,2.9655189514160156,SAFE
31.20_55.20,0,12.183100700378418,17.043752670288086,1.4352189302444458,3.0,38.0,-33.009163,4.990837097167969,SAFE
31.20_55.60,0,12.753171920776367,17.34328269958496,1.4762773513793945,3.0,38.0,-31.561398,6.438602447509766,SAFE
31.20_56.00,0,11.732674598693848,15.227825164794922,1.4051095247268677,3.0,38.0,-33.027206,4.9727935791015625,SAFE
31.20_56.40,0,11.859299659729004,13.408082962036133,1.4242700338363647,3.0,38.0,-36.585022,1.41497802734375,SAFE
31.20_56.80,0,13.133028984069824,16.15226936340332,1.513686180114746,3.0,38.0,-36.221592,1.7784080505371094,SAFE
31.20_57.20,0,13.34671688079834,19.92223358154297,1.5337591171264648,3.0,38.0,-34.152462,3.8475379943847656,SAFE
31.20_57.60,0,12.46473503112793,23.01432991027832,1.4854015111923218,3.0,38.0,-32.341637,5.658363342285156,SAFE
31.20_58.00,0,10.995780944824219,23.68038558959961,1.3759124279022217,3.0,38.0,-32.64087,5.359130859375,SAFE
31.20_58.40,0,10.597457885742188,23.58539581298828,1.3594890832901,3.0,38.0,-34.907547,3.0924530029296875,SAFE
31.20_58.80,0,10.089723587036133,22.30814552307129,1.3293795585632324,3.0,20.5,-36.154076,0.0,SAFE
31.20_59.20,0,9.885186195373535,20.134843826293945,1.3129562139511108,3.0,38.0,-34.290215,3.7097854614257812,SAFE
31.20_59.60,0,9.615757942199707,18.826583862304688,1.2965328693389893,3.0,20.5,-35.82412,0.0,SAFE
31.20_60.00,0,9.674877166748047,17.774869918823242,1.2883211374282837,3.0,38.0,-36.604218,1.395782470703125,SAFE
31.20_60.40,0,9.904914855957031,19.148088455200195,1.308394193649292,3.0,38.0,-35.467236,2.532764434814453,SAFE
31.20_60.80,0,10.495652198791504,20.79132843017578,1.356751799583435,3.0,80.0,-8.395145,71.60485458374023,HIGH RISK
31.20_61.20,4,20.961524963378906,21.46284294128418,2.241788387298584,3.0,97.5,31.579472,100.0,EXTREME DANGER
31.20_61.60,4,17.85220718383789,21.528310775756836,2.083029270172119,3.0,97.5,27.450096,100.0,EXTREME DANGER
31.20_62.00,4,19.00727081298828,21.540790557861328,1.9434306621551514,3.0,97.5,32.478355,100.0,EXTREME DANGER
31.20_62.40,5,24.15163230895996,21.57339859008789,2.1733577251434326,3.0,97.5,34.315285,100.0,EXTREME DANGER
31.20_62.80,5,27.564069747924805,21.11761474609375,2.4616787433624268,3.0,97.5,35.12669,100.0,EXTREME DANGER
31.20_63.20,4,19.31304168701172,20.411069869995117,2.0374088287353516,3.0,97.5,35.752663,100.0,EXTREME DANGER
31.20_63.60,4,18.45844268798828,20.047454833984375,1.9908759593963623,3.0,97.5,35.64445,100.0,EXTREME DANGER
31.20_64.00,4,19.175477981567383,20.174396514892578,2.0145986080169678,3.0,97.5,35.33724,100.0,EXTREME DANGER
31.60_44.00,5,40.33457565307617,22.04349708557129,3.375,3.0,99.5,33.109173,100.0,EXTREME DANGER
31.60_44.40,2,34.856544494628906,22.89312744140625,2.8485400676727295,3.0,97.5,33.89511,100.0,EXTREME DANGER
31.60_44.80,4,32.405555725097656,23.493362426757812,2.585766315460205,3.0,97.5,31.55619,100.0,EXTREME DANGER
31.60_45.20,4,31.060068130493164,23.85317611694336,2.4479928016662598,3.0,97.5,29.739439,100.0,EXTREME DANGER
31.60_45.60,4,30.281625747680664,23.833587646484375,2.3959853649139404,3.0,97.5,30.801529,100.0,EXTREME DANGER
31.60_46.00,2,33.4555549621582,23.9516544342041,2.5118613243103027,3.0,97.5,34.280807,100.0,EXTREME DANGER
31.60_46.40,4,29.26201820373535,24.148818969726562,2.3093066215515137,3.0,97.5,33.210873,100.0,EXTREME DANGER
31.60_46.80,4,27.806621551513672,24.182340621948242,2.2518248558044434,3.0,97.5,27.718613,100.0,EXTREME DANGER
31.60_47.20,2,32.011688232421875,24.371416091918945,2.5483577251434326,3.0,97.5,36.202274,100.0,EXTREME DANGER
31.60_47.60,2,37.128013610839844,24.114553451538086,2.8038320541381836,3.0,99.5,33.781555,100.0,EXTREME DANGER
31.60_48.00,2,40.42964172363281,23.995922088623047,2.9854013919830322,3.0,99.5,34.751526,100.0,EXTREME DANGER
31.60_48.40,2,39.92527389526367,24.08677864074707,2.8959853649139404,3.0,99.5,34.148014,100.0,EXTREME DANGER
31.60_48.80,2,48.137779235839844,23.912639617919922,3.308394193649292,3.0,99.5,33.068703,100.0,EXTREME DANGER
31.60_49.20,2,49.5525016784668,22.499425888061523,3.0866787433624268,3.0,97.5,34.13068,100.0,EXTREME DANGER
31.60_49.60,4,24.675979614257812,20.251941680908203,2.1049270629882812,3.0,97.5,33.35971,100.0,EXTREME DANGER
31.60_50.00,0,19.851436614990234,14.61628532409668,1.9060219526290894,3.0,58.0,-18.264872,39.73512840270996,LOW RISK
31.60_50.40,0,17.270414352416992,9.777271270751953,1.731751799583435,3.0,58.0,-14.057616,43.942383766174316,MODERATE RISK
31.60_50.80,0,16.430959701538086,9.011560440063477,1.6551095247268677,3.0,58.0,-13.287514,44.712486267089844,MODERATE RISK
31.60_51.20,0,14.639521598815918,7.973778247833252,1.5930657386779785,3.0,58.0,-14.335043,43.66495704650879,MODERATE RISK
31.60_51.60,0,12.342087745666504,7.999419689178467,1.470802903175354,3.0,58.0,-16.923796,41.07620429992676,MODERATE RISK
31.60_52.00,0,11.793977737426758,10.162920951843262,1.451642394065857,3.0,80.0,5.775584,85.77558422088623,EXTREME DANGER
31.60_52.40,0,12.528008460998535,12.777833938598633,1.4854015111923218,3.0,80.0,6.5046577,86.50465774536133,EXTREME DANGER
31.60_52.80,0,13.18810749053955,14.717374801635742,1.5155109167099,3.0,97.5,18.858582,100.0,EXTREME DANGER
31.60_53.20,0,11.834927558898926,15.174676895141602,1.4434306621551514,3.0,58.0,-34.55568,23.444320678710938,LOW RISK
31.60_53.60,0,11.95882797241211,13.23831844329834,1.4927006959915161,3.0,58.0,-33.391426,24.60857391357422,LOW RISK
31.60_54.00,0,12.119720458984375,12.872721672058105,1.4744524955749512,3.0,38.0,-34.50968,3.4903182983398438,SAFE
31.60_54.40,0,15.1082181930542,14.938131332397461,1.6268248558044434,3.0,38.0,-31.496906,6.503093719482422,SAFE
31.60_54.80,0,13.870993614196777,16.542667388916016,1.5593066215515137,3.0,38.0,-34.337498,3.6625022888183594,SAFE
31.60_55.20,0,13.19907283782959,18.04192352294922,1.5228102207183838,3.0,38.0,-32.442383,5.5576171875,SAFE
31.60_55.60,0,12.305155754089355,16.85619354248047,1.4343066215515137,3.0,58.0,-25.485058,32.51494216918945,LOW RISK
31.60_56.00,0,11.682538986206055,14.513922691345215,1.3941606283187866,3.0,58.0,-29.952389,28.047611236572266,LOW RISK
31.60_56.40,0,11.885416984558105,14.983736991882324,1.4215328693389893,3.0,58.0,-24.434402,33.56559753417969,LOW RISK
31.60_56.80,0,12.891871452331543,18.673704147338867,1.5063868761062622,3.0,38.0,-33.700905,4.299095153808594,SAFE
31.60_57.20,0,13.069093704223633,21.485727310180664,1.5155109167099,3.0,38.0,-34.125458,3.874542236328125,SAFE
31.60_57.60,0,11.786491394042969,22.25200843811035,1.4315693378448486,3.0,38.0,-33.07528,4.924720764160156,SAFE
31.60_58.00,0,10.48376750946045,22.49570083618164,1.3503649234771729,3.0,20.5,-35.939404,0.0,SAFE
31.60_58.40,0,10.150263786315918,22.550519943237305,1.3293795585632324,3.0,20.5,-36.144096,0.0,SAFE
31.60_58.80,0,9.657807350158691,20.699085235595703,1.2956204414367676,3.0,38.0,-35.615387,2.384613037109375,SAFE
31.60_59.20,0,9.543545722961426,18.12833023071289,1.2910584211349487,3.0,38.0,-35.649384,2.350616455078125,SAFE
31.60_59.60,0,9.229742050170898,16.48891258239746,1.2664233446121216,3.0,38.0,-34.78987,3.2101287841796875,SAFE
31.60_60.00,0,9.318289756774902,15.988595962524414,1.2700729370117188,3.0,38.0,-34.184093,3.815906524658203,SAFE
31.60_60.40,0,9.439620018005371,17.60200309753418,1.2773722410202026,3.0,58.0,-31.566721,26.433279037475586,LOW RISK
31.60_60.80,0,9.867559432983398,19.44788932800293,1.3065693378448486,3.0,58.0,-27.676361,30.323638916015625,LOW RISK
31.60_61.20,4,17.72967529296875,20.958797454833984,2.102189779281616,3.0,97.5,30.090618,100.0,EXTREME DANGER
31.60_61.60,0,13.289473533630371,21.37664222717285,1.6797444820404053,3.0,97.5,16.625618,100.0,EXTREME DANGER
31.60_62.00,0,15.111276626586914,21.30018424987793,1.747262716293335,3.0,97.5,27.458317,100.0,EXTREME DANGER
31.60_62.40,4,16.0406436920166,21.222570419311523,1.7454379796981812,3.0,97.5,33.509693,100.0,EXTREME DANGER
31.60_62.80,4,17.899944305419922,20.719236373901367,1.951642394065857,3.0,97.5,35.85797,100.0,EXTREME DANGER
31.60_63.20,0,13.069513320922852,20.09697914123535,1.529197096824646,3.0,97.5,33.477432,100.0,EXTREME DANGER
31.60_63.60,0,14.596138000488281,19.49225616455078,1.7144160270690918,3.0,97.5,32.785713,100.0,EXTREME DANGER
31.60_64.00,0,15.222806930541992,19.10765838623047,1.760948896408081,3.0,97.5,31.325693,100.0,EXTREME DANGER
32.00_44.00,5,37.66770553588867,22.095470428466797,3.1870439052581787,3.0,99.5,33.036537,100.0,EXTREME DANGER
32.00_44.40,2,33.974815368652344,23.179027557373047,2.694343090057373,3.0,97.5,34.901134,100.0,EXTREME DANGER
32.00_44.80,2,32.77645492553711,23.346296310424805,2.535583972930908,3.0,97.5,33.879913,100.0,EXTREME DANGER
32.00_45.20,2,31.754459381103516,23.42143440246582,2.4844889640808105,3.0,97.5,35.222893,100.0,EXTREME DANGER
32.00_45.60,2,30.76835060119629,23.473339080810547,2.407846689224243,3.0,97.5,36.329933,100.0,EXTREME DANGER
32.00_46.00,2,30.231639862060547,23.724021911621094,2.358576536178589,3.0,97.5,36.52349,100.0,EXTREME DANGER
32.00_46.40,2,28.780330657958984,23.725032806396484,2.3120439052581787,3.0,97.5,36.52872,100.0,EXTREME DANGER
32.00_46.80,2,30.24578094482422,23.604095458984375,2.4260950088500977,3.0,97.5,36.383675,100.0,EXTREME DANGER
32.00_47.20,5,39.90460968017578,23.497522354125977,3.105839490890503,3.0,99.5,35.64999,100.0,EXTREME DANGER
32.00_47.60,2,46.77960205078125,23.08518409729004,3.3239049911499023,3.0,99.5,34.794044,100.0,EXTREME DANGER
32.00_48.00,5,41.59053039550781,22.90217399597168,3.0711679458618164,3.0,99.5,34.087868,100.0,EXTREME DANGER
32.00_48.40,5,40.28081130981445,22.93353271484375,2.9288320541381836,3.0,99.5,35.00769,100.0,EXTREME DANGER
32.00_48.80,2,34.967369079589844,22.71803092956543,2.653284788131714,3.0,97.5,34.58037,100.0,EXTREME DANGER
32.00_49.20,2,35.796669006347656,21.16480827331543,2.563868522644043,3.0,97.5,36.98047,100.0,EXTREME DANGER
32.00_49.60,0,20.90027618408203,17.558984756469727,1.9270073175430298,3.0,97.5,31.947412,100.0,EXTREME DANGER
32.00_50.00,0,16.556529998779297,11.15438461303711,1.7253649234771729,3.0,58.0,-13.79789,44.202110290527344,MODERATE RISK
32.00_50.40,0,13.966989517211914,7.191308498382568,1.5729926824569702,3.0,58.0,-14.265238,43.73476219177246,MODERATE RISK
32.00_50.80,0,14.153194427490234,7.92193603515625,1.566605806350708,3.0,80.0,12.189892,92.18989181518555,EXTREME DANGER
32.00_51.20,0,14.423544883728027,8.740158081054688,1.5912408828735352,3.0,58.0,-12.146336,45.85366439819336,MODERATE RISK
32.00_51.60,0,17.40018081665039,10.461828231811523,1.7308393716812134,3.0,80.0,20.571548,100.0,EXTREME DANGER
32.00_52.00,0,14.799880981445312,12.622353553771973,1.627737283706665,3.0,97.5,26.807175,100.0,EXTREME DANGER
32.00_52.40,0,15.187447547912598,14.410383224487305,1.6487226486206055,3.0,97.5,28.305302,100.0,EXTREME DANGER
32.00_52.80,0,15.442290306091309,15.543318748474121,1.7509124279022217,3.0,97.5,28.393015,100.0,EXTREME DANGER
32.00_53.20,0,11.699509620666504,14.034797668457031,1.4498175382614136,3.0,38.0,-36.115913,1.8840866088867188,SAFE
32.00_53.60,0,12.097243309020996,12.864795684814453,1.4507299661636353,3.0,58.0,-32.81808,25.18191909790039,LOW RISK
32.00_54.00,0,13.148945808410645,15.797492027282715,1.521897792816162,3.0,58.0,-31.5844,26.415599822998047,LOW RISK
32.00_54.40,0,15.565869331359863,16.49139404296875,1.6633211374282837,3.0,58.0,-27.7767,30.22330093383789,LOW RISK
32.00_54.80,0,13.95264720916748,16.54193687438965,1.5675182342529297,3.0,58.0,-28.280048,29.719951629638672,LOW RISK
32.00_55.20,0,13.62203311920166,18.40436363220215,1.5319342613220215,3.0,58.0,-24.737856,33.26214408874512,LOW RISK
32.00_55.60,0,12.255729675292969,16.48660659790039,1.4352189302444458,3.0,80.0,4.310771,84.31077098846436,EXTREME DANGER
32.00_56.00,0,12.540654182434082,15.785721778869629,1.470802903175354,3.0,97.5,24.175777,100.0,EXTREME DANGER
32.00_56.40,0,12.790872573852539,17.976837158203125,1.470802903175354,3.0,80.0,5.8987727,85.89877271652222,EXTREME DANGER
32.00_56.80,0,12.573405265808105,19.279645919799805,1.4653284549713135,3.0,38.0,-31.136436,6.863563537597656,SAFE
32.00_57.20,0,11.834959983825684,20.465824127197266,1.4343066215515137,3.0,38.0,-32.56855,5.431449890136719,SAFE
32.00_57.60,0,11.409557342529297,21.423751831054688,1.4087591171264648,3.0,38.0,-34.95153,3.0484695434570312,SAFE
32.00_58.00,0,10.120999336242676,21.649154663085938,1.3248175382614136,3.0,20.5,-36.54531,0.0,SAFE
32.00_58.40,0,9.706680297851562,20.967100143432617,1.2855839729309082,3.0,20.5,-37.349304,0.0,SAFE
32.00_58.80,0,9.248851776123047,19.037586212158203,1.2518248558044434,3.0,38.0,-36.661472,1.3385276794433594,SAFE
32.00_59.20,0,9.048810005187988,15.947696685791016,1.2326642274856567,3.0,20.5,-37.390175,0.0,SAFE
32.00_59.60,0,8.934123992919922,14.062485694885254,1.2408759593963623,3.0,38.0,-36.773262,1.2267379760742188,SAFE
32.00_60.00,0,8.912171363830566,14.390512466430664,1.2299270629882812,3.0,38.0,-34.89701,3.1029891967773438,SAFE
32.00_60.40,0,9.051387786865234,16.0207462310791,1.2563868761062622,3.0,38.0,-34.87954,3.1204605102539062,SAFE
32.00_60.80,0,9.559380531311035,18.455623626708984,1.2965328693389893,3.0,58.0,-27.412838,30.587162017822266,LOW RISK
32.00_61.20,0,9.873906135559082,20.303878784179688,1.3138686418533325,3.0,58.0,-23.37465,34.62535095214844,LOW RISK
32.00_61.60,0,10.078384399414062,20.770036697387695,1.319343090057373,3.0,97.5,12.742968,100.0,EXTREME DANGER
32.00_62.00,0,10.807448387145996,20.73501968383789,1.372262716293335,3.0,97.5,19.285488,100.0,EXTREME DANGER
32.00_62.40,0,11.214456558227539,20.38393783569336,1.3841240406036377,3.0,97.5,29.133121,100.0,EXTREME DANGER
32.00_62.80,0,11.033414840698242,19.59075927734375,1.3822993040084839,3.0,97.5,26.114784,100.0,EXTREME DANGER
32.00_63.20,0,10.633176803588867,19.24973487854004,1.3558393716812134,3.0,97.5,24.92111,100.0,EXTREME DANGER
32.00_63.60,0,10.2788724899292,18.733854293823242,1.345802903175354,3.0,97.5,24.58221,100.0,EXTREME DANGER
32.00_64.00,0,10.037505149841309,17.788347244262695,1.3284671306610107,3.0,97.5,23.379553,100.0,EXTREME DANGER
32.40_44.00,2,36.91146469116211,22.3162841796875,3.0620439052581787,3.0,99.5,32.120293,100.0,EXTREME DANGER
32.40_44.40,2,34.157012939453125,23.05105972290039,2.6450729370117188,3.0,97.5,33.282383,100.0,EXTREME DANGER
32.40_44.80,2,33.324073791503906,22.888004302978516,2.5465328693389893,3.0,97.5,35.227432,100.0,EXTREME DANGER
32.40_45.20,2,32.33903884887695,23.134870529174805,2.519160509109497,3.0,97.5,35.590317,100.0,EXTREME DANGER
32.40_45.60,2,34.4733772277832,23.314481735229492,2.589416027069092,3.0,97.5,35.063904,100.0,EXTREME DANGER
32.40_46.00,2,32.62675476074219,23.266536712646484,2.5264599323272705,3.0,97.5,31.95806,100.0,EXTREME DANGER
32.40_46.40,2,33.20743179321289,23.20117950439453,2.6049270629882812,3.0,97.5,34.699844,100.0,EXTREME DANGER
32.40_46.80,5,45.962318420410156,22.795242309570312,3.366788387298584,3.0,99.5,34.977028,100.0,EXTREME DANGER
32.40_47.20,5,50.10903549194336,22.101743698120117,3.4881386756896973,3.0,99.5,35.427628,100.0,EXTREME DANGER
32.40_47.60,5,40.47676467895508,21.769405364990234,3.0510950088500977,3.0,99.5,35.256042,100.0,EXTREME DANGER
32.40_48.00,4,33.559059143066406,21.826276779174805,2.6322991847991943,3.0,97.5,32.440422,100.0,EXTREME DANGER
32.40_48.40,2,29.89964485168457,21.39103126525879,2.3905110359191895,3.0,97.5,32.86587,100.0,EXTREME DANGER
32.40_48.80,4,24.001911163330078,20.191913604736328,2.1350364685058594,3.0,97.5,34.41171,100.0,EXTREME DANGER
32.40_49.20,0,20.065750122070312,17.798664093017578,1.8914233446121216,3.0,97.5,31.22998,100.0,EXTREME DANGER
32.40_49.60,0,15.85081958770752,12.401777267456055,1.6706204414367676,3.0,97.5,29.236084,100.0,EXTREME DANGER
32.40_50.00,0,12.803123474121094,6.127338409423828,1.5100364685058594,3.0,80.0,8.777725,88.77772521972656,EXTREME DANGER
32.40_50.40,0,11.585807800292969,5.736801624298096,1.4388686418533325,3.0,80.0,10.377859,90.37785911560059,EXTREME DANGER
32.40_50.80,0,13.618134498596191,8.611627578735352,1.5346715450286865,3.0,80.0,12.697494,92.69749355316162,EXTREME DANGER
32.40_51.20,0,16.007877349853516,10.7004976272583,1.6587591171264648,3.0,80.0,13.703968,93.7039680480957,EXTREME DANGER
32.40_51.60,0,23.699447631835938,12.931748390197754,1.9945255517959595,3.0,97.5,28.975735,100.0,EXTREME DANGER
32.40_52.00,0,18.705129623413086,14.149811744689941,1.8093066215515137,3.0,97.5,28.445713,100.0,EXTREME DANGER
32.40_52.40,0,16.085424423217773,14.656451225280762,1.736313819885254,3.0,97.5,24.272472,100.0,EXTREME DANGER
32.40_52.80,0,19.677064895629883,14.661531448364258,2.0647809505462646,3.0,97.5,33.69176,100.0,EXTREME DANGER
32.40_53.20,0,13.7571382522583,14.832115173339844,1.5857664346694946,3.0,58.0,-22.373346,35.62665367126465,LOW RISK
32.40_53.60,0,13.631832122802734,16.506343841552734,1.5492700338363647,3.0,80.0,-8.139447,71.86055278778076,HIGH RISK
32.40_54.00,0,14.427671432495117,18.13536834716797,1.5912408828735352,3.0,58.0,-24.622467,33.377532958984375,LOW RISK
32.40_54.40,0,14.101395606994629,16.6185359954834,1.5602189302444458,3.0,58.0,-26.866093,31.133907318115234,LOW RISK
32.40_54.80,0,14.143403053283691,16.633630752563477,1.5729926824569702,3.0,97.5,23.316406,100.0,EXTREME DANGER
32.40_55.20,0,14.513848304748535,17.987215042114258,1.577554702758789,3.0,80.0,2.0271552,82.02715516090393,EXTREME DANGER
32.40_55.60,0,13.991994857788086,17.183073043823242,1.5593066215515137,3.0,97.5,22.39544,100.0,EXTREME DANGER
32.40_56.00,0,14.040409088134766,18.49018669128418,1.5383211374282837,3.0,97.5,20.91192,100.0,EXTREME DANGER
32.40_56.40,0,13.232339859008789,18.83040428161621,1.486313819885254,3.0,80.0,1.5809509,81.5809508562088,EXTREME DANGER
32.40_56.80,0,12.5119047164917,18.019624710083008,1.4580291509628296,3.0,58.0,-24.049305,33.9506950378418,LOW RISK
32.40_57.20,0,11.786724090576172,18.750564575195312,1.4324817657470703,3.0,38.0,-34.642876,3.3571243286132812,SAFE
32.40_57.60,0,11.546517372131348,19.771860122680664,1.4114964008331299,3.0,38.0,-33.836647,4.163352966308594,SAFE
32.40_58.00,0,9.885576248168945,20.215497970581055,1.3093066215515137,3.0,38.0,-36.09272,1.9072799682617188,SAFE
32.40_58.40,0,9.671892166137695,18.895694732666016,1.2773722410202026,3.0,20.5,-37.519463,0.0,SAFE
32.40_58.80,0,9.328624725341797,17.06468391418457,1.2518248558044434,3.0,20.5,-36.81629,0.0,SAFE
32.40_59.20,0,9.098843574523926,14.460492134094238,1.2417882680892944,3.0,20.5,-39.087864,0.0,SAFE
32.40_59.60,0,9.1129789352417,12.94714641571045,1.2490875720977783,3.0,38.0,-36.829323,1.1706771850585938,SAFE
32.40_60.00,0,8.827606201171875,13.440978050231934,1.2226277589797974,3.0,38.0,-36.979256,1.0207443237304688,SAFE
32.40_60.40,0,8.817554473876953,15.344597816467285,1.2335766553878784,3.0,38.0,-36.117706,1.882293701171875,SAFE
32.40_60.80,0,9.353123664855957,17.993534088134766,1.2755475044250488,3.0,38.0,-32.32618,5.673820495605469,SAFE
32.40_61.20,0,9.418773651123047,19.047948837280273,1.2782846689224243,3.0,58.0,-23.737503,34.26249694824219,LOW RISK
32.40_61.60,0,9.520452499389648,19.464881896972656,1.297445297241211,3.0,80.0,-2.906277,77.09372305870056,HIGH RISK
32.40_62.00,0,10.390298843383789,19.65986442565918,1.3366788625717163,3.0,97.5,16.626251,100.0,EXTREME DANGER
32.40_62.40,0,10.63575553894043,18.857402801513672,1.3439780473709106,3.0,97.5,19.347095,100.0,EXTREME DANGER
32.40_62.80,0,10.369253158569336,17.77099609375,1.3248175382614136,3.0,58.0,-23.528965,34.47103500366211,LOW RISK
32.40_63.20,0,9.85551929473877,17.108598709106445,1.3047444820404053,3.0,97.5,18.663635,100.0,EXTREME DANGER
32.40_63.60,0,9.2438383102417,15.994516372680664,1.2728102207183838,3.0,97.5,21.504082,100.0,EXTREME DANGER
32.40_64.00,0,8.785135269165039,14.248040199279785,1.2445255517959595,3.0,80.0,-18.085579,61.91442108154297,HIGH RISK
32.80_44.00,2,32.31106948852539,22.473400115966797,2.7016422748565674,3.0,97.5,34.574158,100.0,EXTREME DANGER
32.80_44.40,2,34.274044036865234,22.841163635253906,2.6186132431030273,3.0,97.5,34.99989,100.0,EXTREME DANGER
32.80_44.80,2,33.940364837646484,22.865087509155273,2.58850359916687,3.0,97.5,36.621994,100.0,EXTREME DANGER
32.80_45.20,2,31.83222007751465,22.864463806152344,2.4826643466949463,3.0,97.5,36.61475,100.0,EXTREME DANGER
32.80_45.60,2,32.83371353149414,22.482446670532227,2.550182580947876,3.0,97.5,35.62413,100.0,EXTREME DANGER
32.80_46.00,2,33.76980972290039,22.5299129486084,2.6715328693389893,3.0,97.5,36.120094,100.0,EXTREME DANGER
32.80_46.40,2,33.49266815185547,22.105764389038086,2.688868522644043,3.0,97.5,34.71882,100.0,EXTREME DANGER
32.80_46.80,5,39.531593322753906,20.1240177154541,3.166058301925659,3.0,99.5,35.61972,100.0,EXTREME DANGER
32.80_47.20,5,43.140899658203125,18.38779067993164,3.407846689224243,3.0,99.5,34.862686,100.0,EXTREME DANGER
32.80_47.60,5,36.49592971801758,18.397789001464844,3.033759117126465,3.0,99.5,35.127983,100.0,EXTREME DANGER
32.80_48.00,4,27.929771423339844,18.219173431396484,2.418795585632324,3.0,97.5,35.425194,100.0,EXTREME DANGER
32.80_48.40,0,21.03915023803711,17.04108428955078,1.9671533107757568,3.0,97.5,30.705032,100.0,EXTREME DANGER
32.80_48.80,0,18.738731384277344,15.72976016998291,1.8156933784484863,3.0,97.5,30.005484,100.0,EXTREME DANGER
32.80_49.20,0,16.004291534423828,12.807708740234375,1.6879562139511108,3.0,97.5,30.521276,100.0,EXTREME DANGER
32.80_49.60,0,12.674150466918945,7.9449920654296875,1.5127737522125244,3.0,97.5,25.83541,100.0,EXTREME DANGER
32.80_50.00,0,10.461725234985352,4.822324752807617,1.396897792816162,3.0,58.0,-13.98646,44.013540267944336,MODERATE RISK
32.80_50.40,0,10.697464942932129,6.166902542114258,1.3786495923995972,3.0,97.5,23.168814,100.0,EXTREME DANGER
32.80_50.80,0,12.5839204788208,8.841713905334473,1.4580291509628296,3.0,58.0,-14.093305,43.90669536590576,MODERATE RISK
32.80_51.20,0,13.980502128601074,11.876364707946777,1.529197096824646,3.0,58.0,-15.73469,42.265310287475586,MODERATE RISK
32.80_51.60,0,22.6066951751709,13.861544609069824,1.9425182342529297,3.0,58.0,-9.174854,48.82514572143555,MODERATE RISK
32.80_52.00,0,14.115982055664062,13.473687171936035,1.587591290473938,3.0,58.0,-22.56722,35.43277931213379,LOW RISK
32.80_52.40,0,12.635358810424805,11.938108444213867,1.4835766553878784,3.0,38.0,-36.02265,1.9773483276367188,SAFE
32.80_52.80,0,13.83161449432373,11.95602798461914,1.5839415788650513,3.0,58.0,-31.689903,26.310096740722656,LOW RISK
32.80_53.20,0,13.449179649353027,16.105575561523438,1.548357605934143,3.0,80.0,-7.3831787,72.6168212890625,HIGH RISK
32.80_53.60,0,13.827013969421387,18.50419807434082,1.5757299661636353,3.0,58.0,-26.28152,31.71847915649414,LOW RISK
32.80_54.00,0,14.278200149536133,18.34921646118164,1.576642394065857,3.0,80.0,-1.5576159,78.44238412380219,HIGH RISK
32.80_54.40,0,14.394861221313477,18.64034652709961,1.5748175382614136,3.0,80.0,3.9279041,83.92790412902832,EXTREME DANGER
32.80_54.80,0,14.9407377243042,19.191207885742188,1.6012773513793945,3.0,97.5,23.21947,100.0,EXTREME DANGER
32.80_55.20,0,15.580666542053223,17.68973731994629,1.6322993040084839,3.0,97.5,27.200022,100.0,EXTREME DANGER
32.80_55.60,0,16.441011428833008,17.30606460571289,1.6870437860488892,3.0,97.5,30.873516,100.0,EXTREME DANGER
32.80_56.00,0,15.395306587219238,18.65423011779785,1.6021897792816162,3.0,97.5,25.23804,100.0,EXTREME DANGER
32.80_56.40,0,13.44965648651123,17.622417449951172,1.5,3.0,80.0,0.17903107,80.17903107404709,EXTREME DANGER
32.80_56.80,0,13.216840744018555,18.600849151611328,1.5045620203018188,3.0,58.0,-21.908089,36.09191131591797,LOW RISK
32.80_57.20,0,12.08029842376709,19.53217887878418,1.4388686418533325,3.0,38.0,-34.273674,3.7263259887695312,SAFE
32.80_57.60,0,11.645956039428711,18.99686050415039,1.4096715450286865,3.0,38.0,-33.567535,4.432464599609375,SAFE
32.80_58.00,0,9.927438735961914,19.18195343017578,1.2910584211349487,3.0,38.0,-33.920036,4.079963684082031,SAFE
32.80_58.40,0,9.719915390014648,17.56865119934082,1.2700729370117188,3.0,20.5,-37.828953,0.0,SAFE
32.80_58.80,0,9.586553573608398,15.473675727844238,1.2591240406036377,3.0,38.0,-36.308567,1.6914329528808594,SAFE
32.80_59.20,0,9.330692291259766,13.239705085754395,1.2481751441955566,3.0,38.0,-37.91681,0.08319091796875,SAFE
32.80_59.60,0,8.949660301208496,11.549888610839844,1.2335766553878784,3.0,38.0,-36.315052,1.6849479675292969,SAFE
32.80_60.00,0,8.70051383972168,12.172698974609375,1.2189780473709106,3.0,38.0,-33.881622,4.118377685546875,SAFE
32.80_60.40,0,9.041733741760254,15.31954574584961,1.2490875720977783,3.0,38.0,-34.687428,3.312572479248047,SAFE
32.80_60.80,0,9.34861946105957,17.991748809814453,1.2618613243103027,3.0,58.0,-28.569351,29.430648803710938,LOW RISK
32.80_61.20,0,8.981744766235352,17.91721534729004,1.2463504076004028,3.0,58.0,-22.91513,35.084869384765625,LOW RISK
32.80_61.60,0,9.1694974899292,17.4573917388916,1.252737283706665,3.0,58.0,-22.10888,35.89112091064453,LOW RISK
32.80_62.00,0,9.589503288269043,17.25861358642578,1.2965328693389893,3.0,97.5,19.333637,100.0,EXTREME DANGER
32.80_62.40,0,9.352254867553711,16.991727828979492,1.260948896408081,3.0,97.5,10.600967,100.0,EXTREME DANGER
32.80_62.80,0,9.169639587402344,16.741670608520508,1.2536495923995972,3.0,58.0,-27.349953,30.650047302246094,LOW RISK
32.80_63.20,0,9.042698860168457,15.641124725341797,1.25,3.0,58.0,-28.9934,29.00659942626953,LOW RISK
32.80_63.60,0,8.458741188049316,12.947129249572754,1.2198904752731323,3.0,97.5,18.575657,100.0,EXTREME DANGER
32.80_64.00,0,7.791215896606445,9.123974800109863,1.1961678266525269,3.0,58.0,-28.481327,29.518672943115234,LOW RISK
33.20_44.00,2,34.426448822021484,22.368221282958984,2.7810218334198,3.0,97.5,33.831367,100.0,EXTREME DANGER
33.20_44.40,2,42.371070861816406,22.95139503479004,2.9343066215515137,3.0,99.5,29.44857,100.0,EXTREME DANGER
33.20_44.80,2,35.45235824584961,22.66606903076172,2.6259124279022217,3.0,97.5,35.607227,100.0,EXTREME DANGER
33.20_45.20,2,33.12045669555664,22.192630767822266,2.521897792816162,3.0,97.5,35.64819,100.0,EXTREME DANGER
33.20_45.60,2,36.08902359008789,21.91858673095703,2.7627737522125244,3.0,99.5,35.728638,100.0,EXTREME DANGER
33.20_46.00,2,38.24657440185547,21.16185760498047,3.0939781665802,3.0,99.5,33.499374,100.0,EXTREME DANGER
33.20_46.40,5,37.56211853027344,18.17760467529297,3.1322991847991943,3.0,99.5,33.975334,100.0,EXTREME DANGER
33.20_46.80,4,34.900718688964844,15.475361824035645,3.0346715450286865,3.0,97.5,34.87927,100.0,EXTREME DANGER
33.20_47.20,4,25.375885009765625,14.959676742553711,2.275547504425049,3.0,97.5,34.880806,100.0,EXTREME DANGER
33.20_47.60,0,23.560291290283203,15.584678649902344,2.1204378604888916,3.0,97.5,31.808844,100.0,EXTREME DANGER
33.20_48.00,0,19.778284072875977,14.492494583129883,1.9051095247268677,3.0,97.5,28.8868,100.0,EXTREME DANGER
33.20_48.40,0,16.38875389099121,12.120445251464844,1.728102207183838,3.0,97.5,26.647053,100.0,EXTREME DANGER
33.20_48.80,0,14.577821731567383,10.881539344787598,1.611313819885254,3.0,97.5,27.850441,100.0,EXTREME DANGER
33.20_49.20,0,12.809292793273926,8.414278984069824,1.5191606283187866,3.0,97.5,31.14832,100.0,EXTREME DANGER
33.20_49.60,0,11.01340103149414,6.416256427764893,1.4169708490371704,3.0,97.5,24.504982,100.0,EXTREME DANGER
33.20_50.00,0,9.963972091674805,6.5254316329956055,1.3540146350860596,3.0,58.0,-19.023247,38.97675323486328,LOW RISK
33.20_50.40,0,10.317544937133789,7.934612274169922,1.3540146350860596,3.0,58.0,-21.227451,36.77254867553711,LOW RISK
33.20_50.80,0,12.063135147094727,9.898630142211914,1.4370437860488892,3.0,58.0,-23.482967,34.517032623291016,LOW RISK
33.20_51.20,0,12.045050621032715,11.51906967163086,1.4361313581466675,3.0,38.0,-34.481483,3.5185165405273438,SAFE
33.20_51.60,0,12.555252075195312,11.646111488342285,1.4671533107757568,3.0,58.0,-26.775755,31.224245071411133,LOW RISK
33.20_52.00,0,14.727435111999512,12.188833236694336,1.5939780473709106,3.0,38.0,-31.532196,6.467803955078125,SAFE
33.20_52.40,0,12.538542747497559,12.92917537689209,1.455291986465454,3.0,58.0,-26.371983,31.62801742553711,LOW RISK
33.20_52.80,0,12.869861602783203,13.951035499572754,1.4881386756896973,3.0,58.0,-31.30384,26.69615936279297,LOW RISK
33.20_53.20,0,13.43750286102295,16.90923309326172,1.548357605934143,3.0,58.0,-30.14962,27.850379943847656,LOW RISK
33.20_53.60,0,13.676451683044434,17.328046798706055,1.5465328693389893,3.0,58.0,-33.818237,24.1817626953125,LOW RISK
33.20_54.00,0,14.064628601074219,17.65584373474121,1.5675182342529297,3.0,80.0,1.1743273,81.17432725429535,EXTREME DANGER
33.20_54.40,0,14.984851837158203,18.89168357849121,1.6195255517959595,3.0,80.0,-0.45170337,79.54829663038254,HIGH RISK
33.20_54.80,0,16.09166717529297,18.561017990112305,1.6797444820404053,3.0,80.0,9.358205,89.35820484161377,EXTREME DANGER
33.20_55.20,0,17.291900634765625,18.025856018066406,1.7326642274856567,3.0,97.5,26.957363,100.0,EXTREME DANGER
33.20_55.60,0,18.508747100830078,18.61806869506836,1.7864964008331299,3.0,97.5,30.53077,100.0,EXTREME DANGER
33.20_56.00,0,16.676979064941406,18.18049430847168,1.676094889640808,3.0,97.5,28.011103,100.0,EXTREME DANGER
33.20_56.40,0,14.36856460571289,17.55438995361328,1.5629562139511108,3.0,97.5,19.803596,100.0,EXTREME DANGER
33.20_56.80,0,14.799079895019531,19.681249618530273,1.5921533107757568,3.0,58.0,-20.175282,37.8247184753418,LOW RISK
33.20_57.20,0,11.246546745300293,18.810413360595703,1.385948896408081,3.0,38.0,-32.83812,5.1618804931640625,SAFE
33.20_57.60,0,10.940629959106445,16.95004653930664,1.3759124279022217,3.0,38.0,-35.55507,2.4449310302734375,SAFE
33.20_58.00,0,10.027872085571289,16.89381980895996,1.3120437860488892,3.0,38.0,-35.303535,2.6964645385742188,SAFE
33.20_58.40,0,9.288453102111816,15.938664436340332,1.2490875720977783,3.0,38.0,-35.99762,2.00238037109375,SAFE
33.20_58.80,0,9.074324607849121,14.413448333740234,1.2335766553878784,3.0,38.0,-35.354244,2.6457557678222656,SAFE
33.20_59.20,0,8.831640243530273,12.298006057739258,1.2116788625717163,3.0,38.0,-36.978966,1.0210342407226562,SAFE
33.20_59.60,0,8.642645835876465,10.087976455688477,1.2080291509628296,3.0,38.0,-38.520996,0.0,SAFE
33.20_60.00,0,8.609320640563965,10.934527397155762,1.2198904752731323,3.0,38.0,-37.70852,0.29148101806640625,SAFE
33.20_60.40,0,9.14652156829834,15.132353782653809,1.2463504076004028,3.0,38.0,-36.462982,1.537017822265625,SAFE
33.20_60.80,0,9.18496322631836,17.46959114074707,1.252737283706665,3.0,58.0,-28.663631,29.336368560791016,LOW RISK
33.20_61.20,0,8.563539505004883,17.02974510192871,1.2189780473709106,3.0,58.0,-26.52337,31.47662925720215,LOW RISK
33.20_61.60,0,8.681686401367188,16.296852111816406,1.2189780473709106,3.0,58.0,-27.35608,30.6439208984375,LOW RISK
33.20_62.00,0,8.736655235290527,15.53648567199707,1.2271897792816162,3.0,97.5,17.769468,100.0,EXTREME DANGER
33.20_62.40,0,8.258347511291504,15.40543270111084,1.1970802545547485,3.0,58.0,-25.827263,32.17273712158203,LOW RISK
33.20_62.80,0,8.08999252319336,14.709711074829102,1.1925182342529297,3.0,58.0,-27.668133,30.331867218017578,LOW RISK
33.20_63.20,0,8.183408737182617,13.228747367858887,1.1970802545547485,3.0,58.0,-27.556438,30.443561553955078,LOW RISK
33.20_63.60,0,8.002067565917969,12.465632438659668,1.2007299661636353,3.0,58.0,-29.263002,28.736997604370117,LOW RISK
33.20_64.00,0,7.152225494384766,8.884478569030762,1.1633211374282837,3.0,38.0,-38.2228,0.0,SAFE
33.60_44.00,2,34.123260498046875,21.961753845214844,2.7563867568969727,3.0,97.5,33.98445,100.0,EXTREME DANGER
33.60_44.40,2,35.22863006591797,22.50908088684082,2.686131477355957,3.0,97.5,36.26715,100.0,EXTREME DANGER
33.60_44.80,2,33.44270324707031,22.27573013305664,2.61952543258667,3.0,97.5,35.762253,100.0,EXTREME DANGER
33.60_45.20,2,39.340572357177734,21.839210510253906,2.855839490890503,3.0,97.5,36.666573,100.0,EXTREME DANGER
33.60_45.60,2,41.869144439697266,21.102054595947266,3.0538320541381836,3.0,99.5,35.167816,100.0,EXTREME DANGER
33.60_46.00,5,36.411521911621094,18.0694637298584,3.0684306621551514,3.0,99.5,34.986984,100.0,EXTREME DANGER
33.60_46.40,4,31.26945686340332,13.787435531616211,2.7563867568969727,3.0,97.5,35.597416,100.0,EXTREME DANGER
33.60_46.80,0,24.090238571166992,13.245986938476562,2.199817419052124,3.0,97.5,35.40351,100.0,EXTREME DANGER
33.60_47.20,0,19.129493713378906,13.784283638000488,1.8622262477874756,3.0,97.5,29.081713,100.0,EXTREME DANGER
33.60_47.60,0,17.605905532836914,13.487174034118652,1.7572993040084839,3.0,80.0,4.8175626,84.81756258010864,EXTREME DANGER
33.60_48.00,0,17.854387283325195,12.44200611114502,1.776459813117981,3.0,97.5,23.581997,100.0,EXTREME DANGER
33.60_48.40,0,16.18854522705078,10.412132263183594,1.6742700338363647,3.0,97.5,23.937904,100.0,EXTREME DANGER
33.60_48.80,0,13.987516403198242,9.77759075164795,1.5812044143676758,3.0,97.5,24.847054,100.0,EXTREME DANGER
33.60_49.20,0,12.76865291595459,8.96820068359375,1.521897792816162,3.0,97.5,26.348583,100.0,EXTREME DANGER
33.60_49.60,0,11.362518310546875,8.457765579223633,1.4352189302444458,3.0,80.0,1.9161164,81.91611635684967,EXTREME DANGER
33.60_50.00,0,10.72111988067627,9.458621978759766,1.3895984888076782,3.0,58.0,-26.066153,31.933847427368164,LOW RISK
33.60_50.40,0,10.892373085021973,11.208537101745605,1.3914233446121216,3.0,58.0,-30.36558,27.63442039489746,LOW RISK
33.60_50.80,0,11.175966262817383,11.094664573669434,1.412408709526062,3.0,38.0,-36.48319,1.5168113708496094,SAFE
33.60_51.20,0,11.622689247131348,9.923362731933594,1.4315693378448486,3.0,38.0,-35.26823,2.731769561767578,SAFE
33.60_51.60,0,12.367144584655762,10.829122543334961,1.4698904752731323,3.0,38.0,-34.646343,3.353656768798828,SAFE
33.60_52.00,0,15.306367874145508,14.644847869873047,1.6313868761062622,3.0,58.0,-31.56042,26.4395809173584,LOW RISK
33.60_52.40,0,14.835919380187988,17.078018188476562,1.6131386756896973,3.0,38.0,-33.87775,4.122249603271484,SAFE
33.60_52.80,0,18.12978172302246,17.102876663208008,1.7454379796981812,3.0,58.0,-27.766592,30.233407974243164,LOW RISK
33.60_53.20,0,13.532148361206055,17.488122940063477,1.5383211374282837,3.0,38.0,-36.66758,1.3324203491210938,SAFE
33.60_53.60,0,13.708508491516113,17.434598922729492,1.5419708490371704,3.0,38.0,-35.454483,2.5455169677734375,SAFE
33.60_54.00,0,14.606986045837402,18.12016487121582,1.5903284549713135,3.0,58.0,-25.886341,32.1136589050293,LOW RISK
33.60_54.40,0,15.833110809326172,17.54014015197754,1.6560219526290894,3.0,97.5,22.44326,100.0,EXTREME DANGER
33.60_54.80,0,16.748600006103516,17.174087524414062,1.709854006767273,3.0,97.5,26.24212,100.0,EXTREME DANGER
33.60_55.20,0,18.69968605041504,18.695188522338867,1.8038321733474731,3.0,97.5,27.82247,100.0,EXTREME DANGER
33.60_55.60,4,26.062211990356445,19.47916603088379,2.1541969776153564,3.0,97.5,32.71492,100.0,EXTREME DANGER
33.60_56.00,0,18.540098190307617,18.406400680541992,1.8394160270690918,3.0,97.5,29.72348,100.0,EXTREME DANGER
33.60_56.40,0,15.928998947143555,18.08146095275879,1.6797444820404053,3.0,97.5,24.139933,100.0,EXTREME DANGER
33.60_56.80,0,13.987602233886719,18.69297218322754,1.5647810697555542,3.0,58.0,-22.12846,35.87154006958008,LOW RISK
33.60_57.20,0,11.236297607421875,16.64654541015625,1.4005475044250488,3.0,38.0,-35.295685,2.704315185546875,SAFE
33.60_57.60,0,10.892498016357422,16.06294059753418,1.3804744482040405,3.0,38.0,-37.063812,0.936187744140625,SAFE
33.60_58.00,0,10.257782936096191,16.510601043701172,1.3293795585632324,3.0,38.0,-35.956467,2.0435333251953125,SAFE
33.60_58.40,0,10.052261352539062,14.923744201660156,1.305656909942627,3.0,38.0,-35.617813,2.3821868896484375,SAFE
33.60_58.80,0,10.278831481933594,13.294037818908691,1.319343090057373,3.0,38.0,-36.82644,1.1735610961914062,SAFE
33.60_59.20,0,10.035317420959473,12.564224243164062,1.3047444820404053,3.0,38.0,-37.073723,0.9262771606445312,SAFE
33.60_59.60,0,8.886436462402344,12.704039573669434,1.2198904752731323,3.0,38.0,-37.5063,0.4936981201171875,SAFE
33.60_60.00,0,9.548921585083008,13.829785346984863,1.2746350765228271,3.0,38.0,-36.122017,1.8779830932617188,SAFE
33.60_60.40,0,9.417631149291992,16.533451080322266,1.2664233446121216,3.0,38.0,-36.202152,1.7978477478027344,SAFE
33.60_60.80,0,8.827455520629883,17.467880249023438,1.2290146350860596,3.0,58.0,-27.992935,30.007064819335938,LOW RISK
33.60_61.20,0,8.268189430236816,16.686107635498047,1.202554702758789,3.0,38.0,-34.454674,3.5453262329101562,SAFE
33.60_61.60,0,8.311240196228027,15.802191734313965,1.201642394065857,3.0,38.0,-33.59635,4.403648376464844,SAFE
33.60_62.00,0,8.243288040161133,14.79283332824707,1.1879562139511108,3.0,58.0,-27.786516,30.213483810424805,LOW RISK
33.60_62.40,0,7.902034282684326,13.105842590332031,1.1706204414367676,3.0,58.0,-34.641518,23.358482360839844,LOW RISK
33.60_62.80,0,7.586687088012695,10.062795639038086,1.1560219526290894,3.0,38.0,-38.687706,0.0,SAFE
33.60_63.20,0,7.188469409942627,7.779903411865234,1.1596715450286865,3.0,38.0,-37.228767,0.7712326049804688,SAFE
33.60_63.60,0,7.3063154220581055,8.164608001708984,1.1614964008331299,3.0,58.0,-29.25586,28.744140625,LOW RISK
33.60_64.00,0,6.835605144500732,7.3311944007873535,1.1368613243103027,3.0,38.0,-37.374443,0.6255569458007812,SAFE
34.00_44.00,5,37.668617248535156,21.480623245239258,2.956204414367676,3.0,99.5,33.907955,100.0,EXTREME DANGER
34.00_44.40,4,33.5516471862793,21.832353591918945,2.6313867568969727,3.0,97.5,34.931084,100.0,EXTREME DANGER
34.00_44.80,2,36.99064636230469,21.74033546447754,2.9178831577301025,3.0,99.5,35.003883,100.0,EXTREME DANGER
34.00_45.20,2,50.40632247924805,21.090858459472656,3.361313819885254,3.0,99.5,35.285774,100.0,EXTREME DANGER
34.00_45.60,2,47.80910873413086,19.485212326049805,3.2481751441955566,3.0,99.5,35.598175,100.0,EXTREME DANGER
34.00_46.00,4,34.40766143798828,14.950409889221191,3.024635076522827,3.0,97.5,34.573433,100.0,EXTREME DANGER
34.00_46.40,0,21.701107025146484,11.53808307647705,2.0538320541381836,3.0,97.5,36.642532,100.0,EXTREME DANGER
34.00_46.80,0,19.00779151916504,12.300431251525879,1.856751799583435,3.0,97.5,33.155006,100.0,EXTREME DANGER
34.00_47.20,0,16.189287185668945,12.348549842834473,1.702554702758789,3.0,97.5,28.454426,100.0,EXTREME DANGER
34.00_47.60,0,14.720980644226074,11.48064136505127,1.6085766553878784,3.0,97.5,23.609755,100.0,EXTREME DANGER
34.00_48.00,0,13.795896530151367,10.367338180541992,1.5565693378448486,3.0,80.0,-3.4032674,76.59673261642456,HIGH RISK
34.00_48.40,0,12.943927764892578,9.12336540222168,1.5045620203018188,3.0,58.0,-20.980537,37.01946258544922,LOW RISK
34.00_48.80,0,13.339882850646973,9.3063383102417,1.521897792816162,3.0,97.5,23.585331,100.0,EXTREME DANGER
34.00_49.20,0,14.53996753692627,9.31433391571045,1.5620437860488892,3.0,97.5,24.020313,100.0,EXTREME DANGER
34.00_49.60,0,14.756804466247559,9.374676704406738,1.551094889640808,3.0,80.0,3.549727,83.54972696304321,EXTREME DANGER
34.00_50.00,0,12.75269603729248,11.068377494812012,1.5036495923995972,3.0,58.0,-25.379597,32.62040328979492,LOW RISK
34.00_50.40,0,12.588836669921875,12.345932960510254,1.470802903175354,3.0,58.0,-29.100315,28.89968490600586,LOW RISK
34.00_50.80,0,12.160396575927734,11.488641738891602,1.448905110359192,3.0,38.0,-38.09736,0.0,SAFE
34.00_51.20,0,13.755785942077637,12.99248218536377,1.5355839729309082,3.0,38.0,-35.157825,2.842174530029297,SAFE
34.00_51.60,0,15.986454963684082,16.05048179626465,1.665145993232727,3.0,38.0,-32.914944,5.085056304931641,SAFE
34.00_52.00,0,14.611624717712402,16.80150032043457,1.6167882680892944,3.0,38.0,-35.837727,2.162273406982422,SAFE
34.00_52.40,0,13.53264045715332,16.556127548217773,1.547445297241211,3.0,38.0,-34.80664,3.193359375,SAFE
34.00_52.80,0,13.606831550598145,16.90956687927246,1.5419708490371704,3.0,38.0,-34.805393,3.1946067810058594,SAFE
34.00_53.20,0,13.31661605834961,17.96802520751953,1.5328466892242432,3.0,38.0,-36.961124,1.0388755798339844,SAFE
34.00_53.60,0,13.74834156036377,18.50416374206543,1.5465328693389893,3.0,38.0,-32.01143,5.9885711669921875,SAFE
34.00_54.00,0,14.897194862365723,18.625593185424805,1.6058393716812134,3.0,58.0,-27.243023,30.756977081298828,LOW RISK
34.00_54.40,0,16.383092880249023,17.698801040649414,1.6906933784484863,3.0,80.0,4.8490763,84.84907627105713,EXTREME DANGER
34.00_54.80,0,17.883394241333008,17.638757705688477,1.7700729370117188,3.0,97.5,28.713367,100.0,EXTREME DANGER
34.00_55.20,0,21.293041229248047,18.30801773071289,1.9543795585632324,3.0,97.5,29.892899,100.0,EXTREME DANGER
34.00_55.60,4,27.816556930541992,18.958995819091797,2.2810218334198,3.0,97.5,32.448895,100.0,EXTREME DANGER
34.00_56.00,0,19.06985092163086,18.842636108398438,1.8312044143676758,3.0,97.5,28.391989,100.0,EXTREME DANGER
34.00_56.40,0,16.604148864746094,18.3304500579834,1.7116788625717163,3.0,97.5,24.187237,100.0,EXTREME DANGER
34.00_56.80,0,13.71043872833252,17.723758697509766,1.5638686418533325,3.0,58.0,-26.77343,31.22657012939453,LOW RISK
34.00_57.20,0,12.477302551269531,16.647247314453125,1.4881386756896973,3.0,38.0,-35.185875,2.8141250610351562,SAFE
34.00_57.60,0,11.607501029968262,17.618125915527344,1.4370437860488892,3.0,38.0,-36.301495,1.6985054016113281,SAFE
34.00_58.00,0,10.392722129821777,16.43388557434082,1.3321168422698975,3.0,38.0,-36.295876,1.7041244506835938,SAFE
34.00_58.40,0,10.054320335388184,13.265096664428711,1.301094889640808,3.0,38.0,-38.410168,0.0,SAFE
34.00_58.80,0,10.594121932983398,13.039586067199707,1.3558393716812134,3.0,38.0,-37.05433,0.9456710815429688,SAFE
34.00_59.20,0,10.24400806427002,13.80391788482666,1.3339415788650513,3.0,38.0,-36.781174,1.2188262939453125,SAFE
34.00_59.60,0,9.681719779968262,14.992117881774902,1.2755475044250488,3.0,20.5,-37.28327,0.0,SAFE
34.00_60.00,0,9.9044189453125,16.218061447143555,1.2956204414367676,3.0,38.0,-34.79162,3.2083816528320312,SAFE
34.00_60.40,0,9.156668663024902,16.993558883666992,1.2417882680892944,3.0,38.0,-36.821663,1.1783370971679688,SAFE
34.00_60.80,0,8.763818740844727,16.691225051879883,1.2144160270690918,3.0,38.0,-36.000626,1.9993743896484375,SAFE
34.00_61.20,0,8.318720817565918,15.674758911132812,1.202554702758789,3.0,38.0,-35.515297,2.4847030639648438,SAFE
34.00_61.60,0,8.19190788269043,14.39377498626709,1.1888686418533325,3.0,38.0,-35.49402,2.5059814453125,SAFE
34.00_62.00,0,8.204822540283203,13.84788703918457,1.1843066215515137,3.0,38.0,-36.503647,1.4963531494140625,SAFE
34.00_62.40,0,7.710794925689697,12.344160079956055,1.151459813117981,3.0,38.0,-37.85667,0.14332962036132812,SAFE
34.00_62.80,0,7.632646560668945,9.102243423461914,1.1505475044250488,3.0,58.0,-32.159267,25.84073257446289,LOW RISK
34.00_63.20,0,7.352600574493408,7.098662376403809,1.1532846689224243,3.0,38.0,-37.38669,0.613311767578125,SAFE
34.00_63.60,0,7.310616493225098,6.122066020965576,1.1669708490371704,3.0,38.0,-36.52091,1.4790916442871094,SAFE
34.00_64.00,0,6.8471150398254395,5.034531116485596,1.138686180114746,3.0,38.0,-35.96688,2.0331192016601562,SAFE
34.40_44.00,5,40.14321517944336,20.948049545288086,3.0538320541381836,3.0,99.5,34.26036,100.0,EXTREME DANGER
34.40_44.40,4,34.72932815551758,21.025423049926758,2.7290146350860596,3.0,97.5,35.041092,100.0,EXTREME DANGER
34.40_44.80,5,35.93918991088867,20.69564437866211,2.938868522644043,3.0,99.5,34.961903,100.0,EXTREME DANGER
34.40_45.20,4,38.1522216796875,20.12456703186035,2.8713502883911133,3.0,99.5,37.423637,100.0,EXTREME DANGER
34.40_45.60,4,32.167484283447266,18.280014038085938,2.525547504425049,3.0,97.5,36.42466,100.0,EXTREME DANGER
34.40_46.00,0,21.448984146118164,13.597583770751953,2.016423463821411,3.0,97.5,36.115906,100.0,EXTREME DANGER
34.40_46.40,0,18.013999938964844,10.707608222961426,1.8284671306610107,3.0,97.5,34.494347,100.0,EXTREME DANGER
34.40_46.80,0,16.986413955688477,11.487855911254883,1.7490875720977783,3.0,97.5,32.318424,100.0,EXTREME DANGER
34.40_47.20,0,15.2444429397583,10.738170623779297,1.6322993040084839,3.0,97.5,29.399242,100.0,EXTREME DANGER
34.40_47.60,0,14.307027816772461,10.51363754272461,1.5921533107757568,3.0,97.5,23.693064,100.0,EXTREME DANGER
34.40_48.00,0,13.576090812683105,10.570218086242676,1.5465328693389893,3.0,80.0,2.5519757,82.5519757270813,EXTREME DANGER
34.40_48.40,0,12.623957633972168,9.485785484313965,1.4881386756896973,3.0,58.0,-25.01173,32.9882698059082,LOW RISK
34.40_48.80,0,12.286532402038574,9.758479118347168,1.4744524955749512,3.0,80.0,1.5696812,81.56968116760254,EXTREME DANGER
34.40_49.20,0,12.84650707244873,10.567683219909668,1.4799270629882812,3.0,58.0,-22.452452,35.54754829406738,LOW RISK
34.40_49.60,0,13.593921661376953,10.31344985961914,1.5054744482040405,3.0,58.0,-23.554798,34.4452018737793,LOW RISK
34.40_50.00,0,12.986053466796875,10.879890441894531,1.4990875720977783,3.0,58.0,-24.522945,33.477054595947266,LOW RISK
34.40_50.40,0,13.985817909240723,12.878827095031738,1.5419708490371704,3.0,38.0,-35.186012,2.8139877319335938,SAFE
34.40_50.80,0,13.935633659362793,13.954343795776367,1.5456204414367676,3.0,38.0,-36.329628,1.6703720092773438,SAFE
34.40_51.20,0,14.745521545410156,16.08712387084961,1.6158759593963623,3.0,38.0,-35.130234,2.8697662353515625,SAFE
34.40_51.60,0,19.30632972717285,17.767860412597656,1.8047444820404053,3.0,58.0,-26.135351,31.864648818969727,LOW RISK
34.40_52.00,0,16.435449600219727,17.28357696533203,1.683394193649292,3.0,38.0,-29.3163,8.683700561523438,SAFE
34.40_52.40,0,13.306814193725586,17.093284606933594,1.540145993232727,3.0,38.0,-32.461216,5.538784027099609,SAFE
34.40_52.80,0,12.836673736572266,17.677526473999023,1.502737283706665,3.0,38.0,-35.995102,2.0048980712890625,SAFE
34.40_53.20,0,12.79865837097168,18.40163803100586,1.4981751441955566,3.0,38.0,-35.09571,2.9042892456054688,SAFE
34.40_53.60,0,14.2020902633667,18.444690704345703,1.5629562139511108,3.0,38.0,-32.89936,5.100639343261719,SAFE
34.40_54.00,0,14.139394760131836,18.5148868560791,1.5647810697555542,3.0,58.0,-30.406528,27.59347152709961,LOW RISK
34.40_54.40,0,16.512378692626953,18.45342445373535,1.694343090057373,3.0,58.0,-22.239225,35.76077461242676,LOW RISK
34.40_54.80,0,18.565763473510742,18.394485473632812,1.8622262477874756,3.0,97.5,27.742937,100.0,EXTREME DANGER
34.40_55.20,4,22.613649368286133,18.251789093017578,2.092153310775757,3.0,97.5,32.40406,100.0,EXTREME DANGER
34.40_55.60,4,23.30335235595703,18.544002532958984,2.0757298469543457,3.0,97.5,31.757322,100.0,EXTREME DANGER
34.40_56.00,4,24.050621032714844,18.7887020111084,2.089416027069092,3.0,97.5,33.03338,100.0,EXTREME DANGER
34.40_56.40,4,21.026674270629883,18.579931259155273,2.010948896408081,3.0,97.5,31.214973,100.0,EXTREME DANGER
34.40_56.80,0,13.638561248779297,18.078224182128906,1.5702555179595947,3.0,80.0,-5.844803,74.15519714355469,HIGH RISK
34.40_57.20,0,15.088552474975586,17.178611755371094,1.6751824617385864,3.0,97.5,21.866768,100.0,EXTREME DANGER
34.40_57.60,0,17.393001556396484,17.69186782836914,1.861313819885254,3.0,97.5,26.888802,100.0,EXTREME DANGER
34.40_58.00,0,11.113265991210938,16.126426696777344,1.3959853649139404,3.0,38.0,-34.50393,3.4960708618164062,SAFE
34.40_58.40,0,10.8177490234375,14.051340103149414,1.3503649234771729,3.0,38.0,-37.27069,0.72930908203125,SAFE
34.40_58.80,0,11.954394340515137,15.0184965133667,1.4854015111923218,3.0,80.0,-8.470915,71.52908515930176,HIGH RISK
34.40_59.20,0,10.135810852050781,15.591423988342285,1.3156933784484863,3.0,38.0,-33.726425,4.2735748291015625,SAFE
34.40_59.60,0,9.9778470993042,15.820058822631836,1.305656909942627,3.0,38.0,-34.006676,3.9933242797851562,SAFE
34.40_60.00,0,9.82528305053711,15.665644645690918,1.2810219526290894,3.0,38.0,-36.034325,1.9656753540039062,SAFE
34.40_60.40,0,9.124670028686523,15.04594898223877,1.252737283706665,3.0,38.0,-37.933315,0.06668472290039062,SAFE
34.40_60.80,0,9.225110054016113,15.232087135314941,1.239051103591919,3.0,58.0,-32.847992,25.152008056640625,LOW RISK
34.40_61.20,0,8.664433479309082,15.307718276977539,1.2144160270690918,3.0,38.0,-35.285576,2.7144241333007812,SAFE
34.40_61.60,0,8.261305809020996,14.225605010986328,1.1897810697555542,3.0,38.0,-35.570663,2.4293365478515625,SAFE
34.40_62.00,0,8.314453125,13.575296401977539,1.191605806350708,3.0,20.5,-37.816223,0.0,SAFE
34.40_62.40,0,7.646131992340088,12.711156845092773,1.1487226486206055,3.0,20.5,-39.965004,0.0,SAFE
34.40_62.80,0,7.894140720367432,10.01679801940918,1.1742700338363647,3.0,80.0,-12.35778,67.64221954345703,HIGH RISK
34.40_63.20,0,7.778001308441162,8.14886474609375,1.1569342613220215,3.0,80.0,-6.083645,73.91635513305664,HIGH RISK
34.40_63.60,0,7.294051170349121,6.6050872802734375,1.1405109167099,3.0,38.0,-39.674446,0.0,SAFE
34.40_64.00,0,6.872197151184082,5.1704583168029785,1.1313868761062622,3.0,38.0,-39.984756,0.0,SAFE
34.80_44.00,5,40.46156311035156,20.233022689819336,2.997262716293335,3.0,99.5,35.7902,100.0,EXTREME DANGER
34.80_44.40,5,37.75165557861328,20.221521377563477,3.019160509109497,3.0,99.5,36.40647,100.0,EXTREME DANGER
34.80_44.80,5,34.270172119140625,19.51040267944336,2.9270071983337402,3.0,97.5,35.114296,100.0,EXTREME DANGER
34.80_45.20,4,27.48099136352539,18.360979080200195,2.394160509109497,3.0,97.5,33.67428,100.0,EXTREME DANGER
34.80_45.60,4,24.099191665649414,16.887971878051758,2.150547504425049,3.0,97.5,35.02526,100.0,EXTREME DANGER
34.80_46.00,0,19.45034408569336,13.421222686767578,1.901459813117981,3.0,97.5,36.20524,100.0,EXTREME DANGER
34.80_46.40,0,16.053604125976562,9.93946647644043,1.7180657386779785,3.0,97.5,34.419838,100.0,EXTREME DANGER
34.80_46.80,0,15.010523796081543,9.55199146270752,1.643248200416565,3.0,97.5,31.639614,100.0,EXTREME DANGER
34.80_47.20,0,13.112897872924805,9.31974983215332,1.5228102207183838,3.0,97.5,29.131788,100.0,EXTREME DANGER
34.80_47.60,0,12.390321731567383,9.259307861328125,1.4872262477874756,3.0,97.5,22.85051,100.0,EXTREME DANGER
34.80_48.00,0,12.606794357299805,9.6133451461792,1.5036495923995972,3.0,97.5,19.814722,100.0,EXTREME DANGER
34.80_48.40,0,12.181634902954102,9.125231742858887,1.4671533107757568,3.0,58.0,-25.454575,32.54542541503906,LOW RISK
34.80_48.80,0,11.70715045928955,10.094531059265137,1.4370437860488892,3.0,38.0,-33.83613,4.163871765136719,SAFE
34.80_49.20,0,11.661672592163086,11.120098114013672,1.419708013534546,3.0,38.0,-34.26159,3.7384109497070312,SAFE
34.80_49.60,0,11.733509063720703,10.473060607910156,1.4324817657470703,3.0,38.0,-35.97869,2.0213088989257812,SAFE
34.80_50.00,0,12.163945198059082,10.987242698669434,1.433394193649292,3.0,38.0,-34.50415,3.495849609375,SAFE
34.80_50.40,0,14.82202434539795,14.634318351745605,1.6021897792816162,3.0,38.0,-34.679783,3.3202171325683594,SAFE
34.80_50.80,0,16.397096633911133,16.670249938964844,1.6596715450286865,3.0,38.0,-34.52401,3.4759902954101562,SAFE
34.80_51.20,0,16.553789138793945,17.25290298461914,1.6925182342529297,3.0,38.0,-31.281218,6.718782424926758,SAFE
34.80_51.60,0,17.385833740234375,17.01220703125,1.720802903175354,3.0,38.0,-31.146973,6.85302734375,SAFE
34.80_52.00,0,15.491846084594727,16.88338851928711,1.643248200416565,3.0,38.0,-29.772066,8.227933883666992,SAFE
34.80_52.40,0,12.980791091918945,17.035062789916992,1.5045620203018188,3.0,38.0,-32.542725,5.457275390625,SAFE
34.80_52.80,0,12.754361152648926,16.95119857788086,1.478102207183838,3.0,38.0,-33.61283,4.387168884277344,SAFE
34.80_53.20,0,12.626239776611328,17.237762451171875,1.4908759593963623,3.0,38.0,-33.530476,4.469524383544922,SAFE
34.80_53.60,0,13.322001457214355,17.40744972229004,1.526459813117981,3.0,38.0,-35.311104,2.6888961791992188,SAFE
34.80_54.00,0,12.487103462219238,17.751508712768555,1.4771897792816162,3.0,58.0,-28.25207,29.7479305267334,LOW RISK
34.80_54.40,0,14.07778263092041,18.048603057861328,1.5711678266525269,3.0,58.0,-15.064341,42.935659408569336,MODERATE RISK
34.80_54.80,0,16.524999618530273,18.19497299194336,1.763686180114746,3.0,97.5,20.727068,100.0,EXTREME DANGER
34.80_55.20,4,22.574419021606445,18.13563346862793,2.1633212566375732,3.0,97.5,32.24649,100.0,EXTREME DANGER
34.80_55.60,4,27.94610023498535,18.187692642211914,2.3257298469543457,3.0,97.5,34.64566,100.0,EXTREME DANGER
34.80_56.00,5,35.520751953125,18.263647079467773,2.6259124279022217,3.0,99.5,34.38387,100.0,EXTREME DANGER
34.80_56.40,5,32.03246307373047,18.413496017456055,2.5684306621551514,3.0,97.5,34.517307,100.0,EXTREME DANGER
34.80_56.80,0,14.56025505065918,17.953218460083008,1.638686180114746,3.0,97.5,20.521154,100.0,EXTREME DANGER
34.80_57.20,0,18.02906036376953,16.833845138549805,1.8905109167099,3.0,97.5,29.766201,100.0,EXTREME DANGER
34.80_57.60,4,23.178905487060547,16.6818904876709,2.2509124279022217,3.0,97.5,32.820152,100.0,EXTREME DANGER
34.80_58.00,0,16.186241149902344,16.635536193847656,1.7992700338363647,3.0,97.5,24.100359,100.0,EXTREME DANGER
34.80_58.40,0,12.073190689086914,16.072755813598633,1.4790146350860596,3.0,97.5,17.456367,100.0,EXTREME DANGER
34.80_58.80,0,12.949700355529785,15.834650039672852,1.5821168422698975,3.0,97.5,23.283512,100.0,EXTREME DANGER
34.80_59.20,0,10.015621185302734,15.366230964660645,1.308394193649292,3.0,97.5,14.827764,100.0,EXTREME DANGER
34.80_59.60,0,9.889450073242188,14.54791259765625,1.3001824617385864,3.0,80.0,-10.810035,69.18996524810791,HIGH RISK
34.80_60.00,0,9.710785865783691,12.749865531921387,1.2919708490371704,3.0,58.0,-33.581017,24.418983459472656,LOW RISK
34.80_60.40,0,9.459114074707031,12.707889556884766,1.2782846689224243,3.0,38.0,-38.803017,0.0,SAFE
34.80_60.80,0,9.576149940490723,14.475625991821289,1.2773722410202026,3.0,38.0,-38.33802,0.0,SAFE
34.80_61.20,0,8.923062324523926,14.955602645874023,1.2381386756896973,3.0,38.0,-35.804775,2.1952247619628906,SAFE
34.80_61.60,0,8.427010536193848,13.811127662658691,1.1952555179595947,3.0,38.0,-37.590286,0.4097137451171875,SAFE
34.80_62.00,0,8.249382972717285,12.96921157836914,1.1952555179595947,3.0,38.0,-38.786232,0.0,SAFE
34.80_62.40,0,7.848527908325195,12.227245330810547,1.1797444820404053,3.0,38.0,-39.654648,0.0,SAFE
34.80_62.80,0,7.885039806365967,10.807894706726074,1.173357605934143,3.0,58.0,-38.35691,19.643089294433594,SAFE
34.80_63.20,0,7.582418918609619,9.722696304321289,1.1560219526290894,3.0,58.0,-38.810463,19.189537048339844,SAFE
34.80_63.60,0,7.108126163482666,8.372288703918457,1.1368613243103027,3.0,38.0,-42.149063,0.0,SAFE
34.80_64.00,0,6.850843906402588,6.814988613128662,1.1304744482040405,3.0,58.0,-35.248055,22.75194549560547,LOW RISK
35.20_44.00,5,42.21613311767578,19.543930053710938,3.0739049911499023,3.0,99.5,35.865364,100.0,EXTREME DANGER
35.20_44.40,4,39.39048385620117,19.173412322998047,2.986313819885254,3.0,99.5,37.179916,100.0,EXTREME DANGER
35.20_44.80,4,31.43939208984375,17.635183334350586,2.5903284549713135,3.0,97.5,35.52281,100.0,EXTREME DANGER
35.20_45.20,4,25.140968322753906,16.18599510192871,2.186131477355957,3.0,97.5,34.96547,100.0,EXTREME DANGER
35.20_45.60,0,23.6595516204834,15.640325546264648,2.072080373764038,3.0,97.5,33.678284,100.0,EXTREME DANGER
35.20_46.00,0,19.80181884765625,13.292492866516113,1.8822993040084839,3.0,97.5,34.325157,100.0,EXTREME DANGER
35.20_46.40,0,15.408500671386719,9.312332153320312,1.6669708490371704,3.0,97.5,32.93931,100.0,EXTREME DANGER
35.20_46.80,0,13.359084129333496,7.750563621520996,1.5492700338363647,3.0,97.5,31.70438,100.0,EXTREME DANGER
35.20_47.20,0,13.033476829528809,8.729736328125,1.5310219526290894,3.0,97.5,29.360226,100.0,EXTREME DANGER
35.20_47.60,0,11.757673263549805,9.020469665527344,1.4562044143676758,3.0,97.5,25.851248,100.0,EXTREME DANGER
35.20_48.00,0,11.166631698608398,9.164165496826172,1.4032846689224243,3.0,97.5,19.318182,100.0,EXTREME DANGER
35.20_48.40,0,11.322113990783691,9.466472625732422,1.401459813117981,3.0,58.0,-26.189184,31.810815811157227,LOW RISK
35.20_48.80,0,10.826983451843262,10.067522048950195,1.3594890832901,3.0,38.0,-35.258987,2.7410125732421875,SAFE
35.20_49.20,0,10.583826065063477,9.801831245422363,1.361313819885254,3.0,38.0,-36.890144,1.1098556518554688,SAFE
35.20_49.60,0,10.487749099731445,9.057563781738281,1.3476277589797974,3.0,38.0,-37.1988,0.8012008666992188,SAFE
35.20_50.00,0,10.680241584777832,10.572945594787598,1.356751799583435,3.0,58.0,-26.910013,31.08998680114746,LOW RISK
35.20_50.40,0,13.322341918945312,13.790647506713867,1.5036495923995972,3.0,38.0,-34.719254,3.2807464599609375,SAFE
35.20_50.80,0,16.86601448059082,15.418055534362793,1.662408709526062,3.0,38.0,-27.711445,10.288555145263672,SAFE
35.20_51.20,0,19.556652069091797,16.369396209716797,1.7910584211349487,3.0,38.0,-28.51175,9.488250732421875,SAFE
35.20_51.60,0,16.578903198242188,16.42676544189453,1.6824817657470703,3.0,38.0,-34.24273,3.7572708129882812,SAFE
35.20_52.00,0,13.707368850708008,16.086549758911133,1.5593066215515137,3.0,38.0,-35.626934,2.373065948486328,SAFE
35.20_52.40,0,12.852481842041016,15.621829986572266,1.521897792816162,3.0,38.0,-33.975075,4.024925231933594,SAFE
35.20_52.80,0,12.278464317321777,15.380080223083496,1.4981751441955566,3.0,38.0,-34.48588,3.514118194580078,SAFE
35.20_53.20,0,11.98122501373291,15.950324058532715,1.4607664346694946,3.0,38.0,-34.64383,3.356170654296875,SAFE
35.20_53.60,0,11.36213493347168,16.151838302612305,1.4133211374282837,3.0,38.0,-32.91976,5.080238342285156,SAFE
35.20_54.00,0,11.125076293945312,15.583325386047363,1.388686180114746,3.0,38.0,-34.033867,3.9661331176757812,SAFE
35.20_54.40,0,11.518848419189453,15.81335735321045,1.4279197454452515,3.0,58.0,-23.636036,34.36396408081055,LOW RISK
35.20_54.80,0,11.59375286102295,16.98404312133789,1.4270073175430298,3.0,58.0,-24.16375,33.83625030517578,LOW RISK
35.20_55.20,0,16.55274772644043,17.543432235717773,1.7591240406036377,3.0,80.0,-0.1497669,79.85023309290409,HIGH RISK
35.20_55.60,4,29.05780792236328,17.929208755493164,2.425182580947876,3.0,97.5,32.108852,100.0,EXTREME DANGER
35.20_56.00,5,42.84905242919922,18.018827438354492,2.9653284549713135,3.0,99.5,34.720345,100.0,EXTREME DANGER
35.20_56.40,5,36.62125015258789,17.67014503479004,2.7016422748565674,3.0,99.5,34.080338,100.0,EXTREME DANGER
35.20_56.80,0,13.415824890136719,16.844179153442383,1.5857664346694946,3.0,97.5,19.297394,100.0,EXTREME DANGER
35.20_57.20,0,12.70058536529541,15.678912162780762,1.5091240406036377,3.0,58.0,-27.046465,30.953535079956055,LOW RISK
35.20_57.60,0,13.672694206237793,15.454167366027832,1.6158759593963623,3.0,97.5,22.097,100.0,EXTREME DANGER
35.20_58.00,0,13.195450782775879,15.337082862854004,1.5830291509628296,3.0,97.5,21.54314,100.0,EXTREME DANGER
35.20_58.40,0,11.132946968078613,14.507604598999023,1.3822993040084839,3.0,97.5,17.362022,100.0,EXTREME DANGER
35.20_58.80,0,10.570793151855469,13.293349266052246,1.3585766553878784,3.0,97.5,17.94137,100.0,EXTREME DANGER
35.20_59.20,0,9.668000221252441,12.86387825012207,1.2956204414367676,3.0,80.0,-12.251333,67.74866676330566,HIGH RISK
35.20_59.60,0,9.435786247253418,11.648561477661133,1.2709853649139404,3.0,58.0,-29.060476,28.939523696899414,LOW RISK
35.20_60.00,0,9.53560733795166,10.109380722045898,1.2819342613220215,3.0,58.0,-31.660812,26.339187622070312,LOW RISK
35.20_60.40,0,10.224335670471191,11.514169692993164,1.334854006767273,3.0,38.0,-37.84215,0.15784835815429688,SAFE
35.20_60.80,0,10.22307300567627,13.42117977142334,1.3248175382614136,3.0,38.0,-36.521717,1.4782829284667969,SAFE
35.20_61.20,0,9.812976837158203,14.24156379699707,1.2956204414367676,3.0,38.0,-35.963425,2.0365753173828125,SAFE
35.20_61.60,0,9.15361213684082,14.512063980102539,1.2563868761062622,3.0,38.0,-37.56938,0.4306182861328125,SAFE
35.20_62.00,0,9.053488731384277,14.467286109924316,1.2399635314941406,3.0,38.0,-38.988014,0.0,SAFE
35.20_62.40,0,8.901692390441895,14.664194107055664,1.2344890832901,3.0,38.0,-39.437675,0.0,SAFE
35.20_62.80,0,8.695319175720215,14.066300392150879,1.2153284549713135,3.0,20.5,-40.196686,0.0,SAFE
35.20_63.20,0,8.305301666259766,13.2550048828125,1.2071168422698975,3.0,38.0,-39.93912,0.0,SAFE
35.20_63.60,0,7.666202068328857,11.394282341003418,1.1715328693389893,3.0,38.0,-40.098534,0.0,SAFE
35.20_64.00,0,7.1756391525268555,8.264991760253906,1.1459853649139404,3.0,38.0,-39.46707,0.0,SAFE
35.60_44.00,4,43.77503967285156,18.70320701599121,2.9489049911499023,3.0,97.5,35.652725,100.0,EXTREME DANGER
35.60_44.40,4,32.11793899536133,17.665376663208008,2.4981751441955566,3.0,97.5,35.71557,100.0,EXTREME DANGER
35.60_44.80,4,24.968050003051758,16.157665252685547,2.1633212566375732,3.0,97.5,35.917236,100.0,EXTREME DANGER
35.60_45.20,0,23.048828125,14.127264022827148,2.0547444820404053,3.0,97.5,35.1632,100.0,EXTREME DANGER
35.60_45.60,0,20.561662673950195,12.753358840942383,1.9051095247268677,3.0,97.5,35.169006,100.0,EXTREME DANGER
35.60_46.00,0,16.896217346191406,11.089837074279785,1.739051103591919,3.0,97.5,33.52749,100.0,EXTREME DANGER
35.60_46.40,0,13.356224060058594,8.125679969787598,1.526459813117981,3.0,97.5,31.436047,100.0,EXTREME DANGER
35.60_46.80,0,11.069087982177734,6.831754684448242,1.412408709526062,3.0,97.5,28.097233,100.0,EXTREME DANGER
35.60_47.20,0,10.881206512451172,7.748266220092773,1.4051095247268677,3.0,97.5,25.373718,100.0,EXTREME DANGER
35.60_47.60,0,10.589591979980469,8.726390838623047,1.372262716293335,3.0,97.5,24.203121,100.0,EXTREME DANGER
35.60_48.00,0,9.996950149536133,9.353250503540039,1.3248175382614136,3.0,97.5,18.910904,100.0,EXTREME DANGER
35.60_48.40,0,10.049070358276367,9.124065399169922,1.323905110359192,3.0,58.0,-22.7751,35.22489929199219,LOW RISK
35.60_48.80,0,9.847615242004395,8.447903633117676,1.2992700338363647,3.0,38.0,-36.24576,1.7542381286621094,SAFE
35.60_49.20,0,10.231344223022461,8.346651077270508,1.3357664346694946,3.0,38.0,-35.11612,2.883880615234375,SAFE
35.60_49.60,0,9.811339378356934,8.985234260559082,1.3093066215515137,3.0,38.0,-35.831566,2.1684341430664062,SAFE
35.60_50.00,0,10.509170532226562,10.387028694152832,1.3339415788650513,3.0,58.0,-27.890892,30.109107971191406,LOW RISK
35.60_50.40,0,15.3538236618042,12.500563621520996,1.6094890832901,3.0,58.0,-26.341072,31.65892791748047,LOW RISK
35.60_50.80,0,22.37144660949707,14.03742504119873,1.9388686418533325,3.0,58.0,-15.2191925,42.78080749511719,MODERATE RISK
35.60_51.20,2,30.461896896362305,14.842181205749512,2.293795585632324,3.0,58.0,12.782093,70.7820930480957,HIGH RISK
35.60_51.60,2,20.433029174804688,13.561310768127441,1.872262716293335,3.0,58.0,-18.175335,39.82466506958008,LOW RISK
35.60_52.00,0,13.656332969665527,10.414166450500488,1.555656909942627,3.0,38.0,-39.655876,0.0,SAFE
35.60_52.40,0,11.640711784362793,8.722830772399902,1.4653284549713135,3.0,38.0,-39.260544,0.0,SAFE
35.60_52.80,0,10.687158584594727,8.996368408203125,1.3877737522125244,3.0,38.0,-37.86461,0.1353912353515625,SAFE
35.60_53.20,0,11.167097091674805,10.633946418762207,1.4096715450286865,3.0,38.0,-36.631813,1.3681869506835938,SAFE
35.60_53.60,0,10.9532470703125,12.269278526306152,1.4060219526290894,3.0,38.0,-33.163094,4.836906433105469,SAFE
35.60_54.00,0,10.55024242401123,13.076197624206543,1.3704379796981812,3.0,38.0,-33.074028,4.925971984863281,SAFE
35.60_54.40,0,10.686552047729492,14.188760757446289,1.3804744482040405,3.0,38.0,-32.199127,5.800872802734375,SAFE
35.60_54.80,0,10.634315490722656,14.855975151062012,1.3631386756896973,3.0,38.0,-34.815228,3.184772491455078,SAFE
35.60_55.20,0,10.315767288208008,14.973440170288086,1.3403284549713135,3.0,58.0,-29.338772,28.66122817993164,LOW RISK
35.60_55.60,0,14.228179931640625,15.638795852661133,1.611313819885254,3.0,80.0,4.730031,84.73003101348877,EXTREME DANGER
35.60_56.00,0,14.7846097946167,16.838483810424805,1.643248200416565,3.0,97.5,18.045387,100.0,EXTREME DANGER
35.60_56.40,0,11.046238899230957,16.566709518432617,1.4023722410202026,3.0,97.5,17.486187,100.0,EXTREME DANGER
35.60_56.80,0,10.15194034576416,15.057195663452148,1.3448904752731323,3.0,58.0,-30.24306,27.756940841674805,LOW RISK
35.60_57.20,0,9.927299499511719,14.030344009399414,1.3248175382614136,3.0,38.0,-38.11384,0.0,SAFE
35.60_57.60,0,9.758682250976562,12.90295124053955,1.3065693378448486,3.0,38.0,-36.790073,1.2099266052246094,SAFE
35.60_58.00,0,9.600939750671387,11.814031600952148,1.287408709526062,3.0,38.0,-37.889755,0.1102447509765625,SAFE
35.60_58.40,0,9.468661308288574,11.0259370803833,1.287408709526062,3.0,58.0,-29.145847,28.85415267944336,LOW RISK
35.60_58.80,0,8.921101570129395,10.487497329711914,1.2271897792816162,3.0,58.0,-31.24813,26.751869201660156,LOW RISK
35.60_59.20,0,8.969320297241211,9.80234432220459,1.2399635314941406,3.0,58.0,-31.57726,26.422740936279297,LOW RISK
35.60_59.60,0,8.893787384033203,9.15725326538086,1.239051103591919,3.0,58.0,-33.558563,24.441436767578125,LOW RISK
35.60_60.00,0,9.02892017364502,9.918069839477539,1.2463504076004028,3.0,38.0,-37.544224,0.4557762145996094,SAFE
35.60_60.40,0,9.620942115783691,11.200081825256348,1.297445297241211,3.0,38.0,-38.89251,0.0,SAFE
35.60_60.80,0,10.736700057983398,12.113655090332031,1.4051095247268677,3.0,80.0,-9.670925,70.32907485961914,HIGH RISK
35.60_61.20,0,11.790166854858398,13.972926139831543,1.4936131238937378,3.0,97.5,18.46138,100.0,EXTREME DANGER
35.60_61.60,0,10.000627517700195,14.95507526397705,1.3074817657470703,3.0,38.0,-37.212276,0.7877235412597656,SAFE
35.60_62.00,0,9.276843070983887,15.076394081115723,1.2673357725143433,3.0,38.0,-39.43554,0.0,SAFE
35.60_62.40,0,9.061538696289062,15.383987426757812,1.2463504076004028,3.0,38.0,-38.07368,0.0,SAFE
35.60_62.80,0,8.836301803588867,15.166688919067383,1.2372262477874756,3.0,38.0,-38.686344,0.0,SAFE
35.60_63.20,0,8.710046768188477,14.62834358215332,1.2354015111923218,3.0,38.0,-37.57115,0.4288482666015625,SAFE
35.60_63.60,0,8.281482696533203,13.12265682220459,1.2071168422698975,3.0,38.0,-39.87447,0.0,SAFE
35.60_64.00,0,7.854013442993164,10.509206771850586,1.1897810697555542,3.0,38.0,-41.328285,0.0,SAFE
36.00_44.00,4,25.261463165283203,17.590557098388672,2.1797444820404053,3.0,97.5,35.72352,100.0,EXTREME DANGER
36.00_44.40,4,23.177478790283203,16.498628616333008,2.099452495574951,3.0,97.5,33.842148,100.0,EXTREME DANGER
36.00_44.80,0,21.582073211669922,15.325550079345703,1.9854015111923218,3.0,97.5,34.291626,100.0,EXTREME DANGER
36.00_45.20,0,19.164587020874023,12.856131553649902,1.8366788625717163,3.0,97.5,33.310116,100.0,EXTREME DANGER
36.00_45.60,0,16.6024112701416,9.754250526428223,1.7262773513793945,3.0,97.5,31.287136,100.0,EXTREME DANGER
36.00_46.00,0,14.245737075805664,7.930335521697998,1.5967153310775757,3.0,97.5,30.106215,100.0,EXTREME DANGER
36.00_46.40,0,11.914005279541016,7.279590606689453,1.4662408828735352,3.0,97.5,27.249706,100.0,EXTREME DANGER
36.00_46.80,0,10.533939361572266,7.181500434875488,1.3877737522125244,3.0,97.5,26.528486,100.0,EXTREME DANGER
36.00_47.20,0,10.633056640625,7.585597991943359,1.377737283706665,3.0,97.5,23.539753,100.0,EXTREME DANGER
36.00_47.60,0,10.395493507385254,8.639277458190918,1.3649635314941406,3.0,97.5,21.827772,100.0,EXTREME DANGER
36.00_48.00,0,10.350802421569824,9.919044494628906,1.3631386756896973,3.0,97.5,19.368217,100.0,EXTREME DANGER
36.00_48.40,0,9.33586597442627,9.774046897888184,1.2837591171264648,3.0,80.0,-4.818508,75.18149185180664,HIGH RISK
36.00_48.80,0,9.745758056640625,8.245264053344727,1.3074817657470703,3.0,58.0,-28.749607,29.25039291381836,LOW RISK
36.00_49.20,0,10.519413948059082,8.528757095336914,1.356751799583435,3.0,38.0,-34.18771,3.8122901916503906,SAFE
36.00_49.60,0,12.161715507507324,10.98405647277832,1.4562044143676758,3.0,38.0,-35.003067,2.9969329833984375,SAFE
36.00_50.00,0,13.978614807128906,13.629288673400879,1.551094889640808,3.0,38.0,-33.62519,4.374809265136719,SAFE
36.00_50.40,0,15.429537773132324,13.919058799743652,1.6104015111923218,3.0,58.0,-21.691431,36.30856895446777,LOW RISK
36.00_50.80,0,15.591109275817871,9.436917304992676,1.6195255517959595,3.0,58.0,-25.027485,32.97251510620117,LOW RISK
36.00_51.20,0,14.908443450927734,5.262322425842285,1.6213504076004028,3.0,38.0,-31.790382,6.209617614746094,SAFE
36.00_51.60,0,13.332793235778809,3.3824474811553955,1.5602189302444458,3.0,38.0,-28.939905,9.060094833374023,SAFE
36.00_52.00,0,11.532302856445312,3.483403444290161,1.4498175382614136,3.0,38.0,-35.90119,2.0988082885742188,SAFE
36.00_52.40,0,9.61967658996582,4.635698318481445,1.3202555179595947,3.0,38.0,-41.176704,0.0,SAFE
36.00_52.80,0,9.19648551940918,6.425485610961914,1.2956204414367676,3.0,38.0,-40.045425,0.0,SAFE
36.00_53.20,0,9.52287483215332,7.317030906677246,1.3229926824569702,3.0,20.5,-40.776085,0.0,SAFE
36.00_53.60,0,9.5234956741333,7.804897785186768,1.3111313581466675,3.0,38.0,-35.2449,2.7551002502441406,SAFE
36.00_54.00,0,10.140256881713867,10.5413818359375,1.3604015111923218,3.0,38.0,-33.753098,4.2469024658203125,SAFE
36.00_54.40,0,11.77230453491211,13.769159317016602,1.4406933784484863,3.0,38.0,-32.782127,5.217872619628906,SAFE
36.00_54.80,0,11.527709007263184,14.665544509887695,1.4133211374282837,3.0,38.0,-34.620308,3.3796920776367188,SAFE
36.00_55.20,0,9.806239128112793,13.583744049072266,1.3312044143676758,3.0,38.0,-33.67147,4.328529357910156,SAFE
36.00_55.60,0,9.317421913146973,12.976223945617676,1.290145993232727,3.0,38.0,-33.15629,4.843711853027344,SAFE
36.00_56.00,0,9.662498474121094,14.268555641174316,1.3202555179595947,3.0,58.0,-26.306877,31.69312286376953,LOW RISK
36.00_56.40,0,9.509324073791504,15.973081588745117,1.3138686418533325,3.0,38.0,-31.657473,6.342527389526367,SAFE
36.00_56.80,0,9.102834701538086,16.179285049438477,1.2591240406036377,3.0,58.0,-25.996016,32.003984451293945,LOW RISK
36.00_57.20,0,9.30269718170166,15.089009284973145,1.2728102207183838,3.0,38.0,-34.970512,3.0294876098632812,SAFE
36.00_57.60,0,9.412541389465332,13.533638954162598,1.276459813117981,3.0,20.5,-37.496315,0.0,SAFE
36.00_58.00,0,9.177582740783691,13.073580741882324,1.2591240406036377,3.0,38.0,-37.807236,0.1927642822265625,SAFE
36.00_58.40,0,9.40123462677002,12.93193244934082,1.2883211374282837,3.0,38.0,-36.380684,1.6193161010742188,SAFE
36.00_58.80,0,9.78249740600586,11.46025276184082,1.3093066215515137,3.0,58.0,-29.055893,28.944107055664062,LOW RISK
36.00_59.20,0,9.919110298156738,9.879705429077148,1.3147810697555542,3.0,38.0,-35.85829,2.1417083740234375,SAFE
36.00_59.60,0,9.71250057220459,10.787312507629395,1.2819342613220215,3.0,58.0,-28.19754,29.802459716796875,LOW RISK
36.00_60.00,0,9.2449369430542,12.318733215332031,1.2582117319107056,3.0,38.0,-38.95484,0.0,SAFE
36.00_60.40,0,9.898836135864258,12.922913551330566,1.3120437860488892,3.0,38.0,-37.66606,0.3339385986328125,SAFE
36.00_60.80,0,10.511165618896484,13.803367614746094,1.353102207183838,3.0,58.0,-32.407074,25.592926025390625,LOW RISK
36.00_61.20,0,10.921440124511719,15.145825386047363,1.3822993040084839,3.0,58.0,-28.77416,29.225839614868164,LOW RISK
36.00_61.60,0,9.826096534729004,15.575000762939453,1.2919708490371704,3.0,38.0,-37.00441,0.9955902099609375,SAFE
36.00_62.00,0,9.270336151123047,15.616588592529297,1.2582117319107056,3.0,38.0,-37.038895,0.9611053466796875,SAFE
36.00_62.40,0,9.319697380065918,16.094118118286133,1.2591240406036377,3.0,38.0,-36.94757,1.05242919921875,SAFE
36.00_62.80,0,8.871668815612793,15.952171325683594,1.2262773513793945,3.0,38.0,-35.84117,2.1588287353515625,SAFE
36.00_63.20,0,8.468925476074219,15.439369201660156,1.2116788625717163,3.0,38.0,-36.20379,1.7962112426757812,SAFE
36.00_63.60,0,8.444012641906738,14.81674861907959,1.2089415788650513,3.0,38.0,-36.980812,1.0191879272460938,SAFE
36.00_64.00,0,8.54926872253418,14.210188865661621,1.2107664346694946,3.0,38.0,-38.389904,0.0,SAFE
36.40_44.00,0,22.26042366027832,16.07575035095215,1.9872262477874756,3.0,97.5,32.598507,100.0,EXTREME DANGER
36.40_44.40,0,19.775388717651367,13.813851356506348,1.8740875720977783,3.0,97.5,27.283566,100.0,EXTREME DANGER
36.40_44.80,0,16.89348030090332,10.90722370147705,1.7335766553878784,3.0,97.5,24.254673,100.0,EXTREME DANGER
36.40_45.20,0,15.373218536376953,8.925628662109375,1.654197096824646,3.0,97.5,28.628546,100.0,EXTREME DANGER
36.40_45.60,0,14.326974868774414,8.601468086242676,1.6058393716812134,3.0,97.5,27.35232,100.0,EXTREME DANGER
36.40_46.00,0,13.155922889709473,8.801300048828125,1.5282846689224243,3.0,97.5,23.154219,100.0,EXTREME DANGER
36.40_46.40,0,12.210700988769531,8.994105339050293,1.4808393716812134,3.0,97.5,24.794212,100.0,EXTREME DANGER
36.40_46.80,0,10.737822532653809,8.023741722106934,1.393248200416565,3.0,97.5,26.56631,100.0,EXTREME DANGER
36.40_47.20,0,9.799599647521973,6.628596305847168,1.3257299661636353,3.0,97.5,24.501347,100.0,EXTREME DANGER
36.40_47.60,0,9.362030029296875,7.097084999084473,1.294708013534546,3.0,97.5,23.197819,100.0,EXTREME DANGER
36.40_48.00,0,10.393701553344727,8.523831367492676,1.3521897792816162,3.0,97.5,22.940289,100.0,EXTREME DANGER
36.40_48.40,0,9.979430198669434,8.515308380126953,1.334854006767273,3.0,97.5,19.140709,100.0,EXTREME DANGER
36.40_48.80,0,9.82555866241455,7.6502790451049805,1.323905110359192,3.0,80.0,-9.184711,70.81528854370117,HIGH RISK
36.40_49.20,0,10.395262718200684,8.20119857788086,1.3448904752731323,3.0,58.0,-29.240038,28.75996208190918,LOW RISK
36.40_49.60,0,12.681354522705078,9.797443389892578,1.5,3.0,38.0,-35.685043,2.3149566650390625,SAFE
36.40_50.00,0,14.04931640625,9.820737838745117,1.5228102207183838,3.0,38.0,-36.830826,1.1691741943359375,SAFE
36.40_50.40,0,10.971324920654297,6.909102439880371,1.3813868761062622,3.0,38.0,-37.92167,0.07833099365234375,SAFE
36.40_50.80,0,11.391141891479492,5.2307047843933105,1.4005475044250488,3.0,38.0,-37.615738,0.3842620849609375,SAFE
36.40_51.20,0,10.664116859436035,5.509364128112793,1.377737283706665,3.0,38.0,-42.168514,0.0,SAFE
36.40_51.60,0,9.69649887084961,7.294742107391357,1.334854006767273,3.0,20.5,-40.133476,0.0,SAFE
36.40_52.00,0,10.24058723449707,9.931838035583496,1.3877737522125244,3.0,38.0,-38.02266,0.0,SAFE
36.40_52.40,3,11.494253158569336,12.723997116088867,1.444343090057373,3.0,38.0,-34.494484,3.5055160522460938,SAFE
36.40_52.80,3,12.216127395629883,14.415224075317383,1.478102207183838,3.0,38.0,-30.350328,7.64967155456543,SAFE
36.40_53.20,3,10.622368812561035,12.8422212600708,1.3576642274856567,3.0,38.0,-34.461113,3.5388870239257812,SAFE
36.40_53.60,0,9.8311128616333,9.807842254638672,1.316605806350708,3.0,20.5,-37.391304,0.0,SAFE
36.40_54.00,0,10.202254295349121,8.353806495666504,1.3512773513793945,3.0,38.0,-37.6411,0.3588981628417969,SAFE
36.40_54.40,0,10.062896728515625,9.059202194213867,1.3394160270690918,3.0,20.5,-39.077877,0.0,SAFE
36.40_54.80,0,10.458011627197266,9.751627922058105,1.3740875720977783,3.0,38.0,-37.169537,0.8304634094238281,SAFE
36.40_55.20,0,10.455167770385742,10.954111099243164,1.3622262477874756,3.0,38.0,-34.681286,3.318714141845703,SAFE
36.40_55.60,0,9.307304382324219,12.021142959594727,1.2864964008331299,3.0,38.0,-33.86432,4.13568115234375,SAFE
36.40_56.00,0,8.824396133422852,13.35649585723877,1.2673357725143433,3.0,38.0,-35.655994,2.344005584716797,SAFE
36.40_56.40,0,8.609289169311523,14.59177303314209,1.2408759593963623,3.0,20.5,-35.799892,0.0,SAFE
36.40_56.80,0,8.995710372924805,14.26162338256836,1.2709853649139404,3.0,20.5,-36.295265,0.0,SAFE
36.40_57.20,0,10.141154289245605,13.195978164672852,1.3394160270690918,3.0,20.5,-37.346035,0.0,SAFE
36.40_57.60,0,11.469610214233398,12.80578327178955,1.4270073175430298,3.0,38.0,-36.45775,1.5422515869140625,SAFE
36.40_58.00,0,10.404952049255371,12.548633575439453,1.3695255517959595,3.0,20.5,-37.627144,0.0,SAFE
36.40_58.40,0,10.982673645019531,11.216571807861328,1.3813868761062622,3.0,20.5,-37.6537,0.0,SAFE
36.40_58.80,0,11.461441040039062,9.378081321716309,1.4105839729309082,3.0,38.0,-34.902218,3.0977821350097656,SAFE
36.40_59.20,0,13.63251781463623,9.485694885253906,1.510948896408081,3.0,58.0,-28.260399,29.739601135253906,LOW RISK
36.40_59.60,0,20.9925479888916,11.0226469039917,1.8558393716812134,3.0,58.0,-13.771278,44.228721618652344,MODERATE RISK
36.40_60.00,0,13.078125,11.72183895111084,1.4717153310775757,3.0,38.0,-35.113075,2.8869247436523438,SAFE
36.40_60.40,0,11.201881408691406,13.314558029174805,1.4169708490371704,3.0,38.0,-38.941,0.0,SAFE
36.40_60.80,0,13.135456085205078,15.651091575622559,1.558394193649292,3.0,97.5,19.244911,100.0,EXTREME DANGER
36.40_61.20,0,11.99057388305664,16.6451358795166,1.462591290473938,3.0,97.5,17.035038,100.0,EXTREME DANGER
36.40_61.60,0,9.520646095275879,16.688156127929688,1.2746350765228271,3.0,38.0,-33.318554,4.681446075439453,SAFE
36.40_62.00,0,8.97585391998291,16.4820499420166,1.2408759593963623,3.0,38.0,-35.532043,2.46795654296875,SAFE
36.40_62.40,0,8.795331001281738,16.253000259399414,1.2326642274856567,3.0,38.0,-36.367264,1.6327362060546875,SAFE
36.40_62.80,0,8.391192436218262,15.395511627197266,1.209854006767273,3.0,38.0,-35.509285,2.4907150268554688,SAFE
36.40_63.20,0,8.269570350646973,14.579889297485352,1.209854006767273,3.0,38.0,-36.05032,1.9496803283691406,SAFE
36.40_63.60,0,8.382465362548828,14.062756538391113,1.2043795585632324,3.0,38.0,-36.769905,1.2300949096679688,SAFE
36.40_64.00,0,8.676398277282715,14.149584770202637,1.2253649234771729,3.0,38.0,-37.05562,0.9443817138671875,SAFE
36.80_44.00,0,17.879405975341797,13.315752983093262,1.7737226486206055,3.0,97.5,25.247742,100.0,EXTREME DANGER
36.80_44.40,0,17.017169952392578,11.316184043884277,1.720802903175354,3.0,97.5,26.957638,100.0,EXTREME DANGER
36.80_44.80,0,13.46859359741211,7.184927940368652,1.5301095247268677,3.0,97.5,25.077019,100.0,EXTREME DANGER
36.80_45.20,0,12.344829559326172,7.124848365783691,1.4607664346694946,3.0,97.5,22.102776,100.0,EXTREME DANGER
36.80_45.60,0,11.833277702331543,8.748258590698242,1.444343090057373,3.0,97.5,18.435986,100.0,EXTREME DANGER
36.80_46.00,0,12.047469139099121,9.744253158569336,1.4470802545547485,3.0,97.5,20.340685,100.0,EXTREME DANGER
36.80_46.40,0,11.4081449508667,9.304913520812988,1.415145993232727,3.0,80.0,-6.1228704,73.87712955474854,HIGH RISK
36.80_46.80,0,9.502594947814941,7.200972557067871,1.305656909942627,3.0,97.5,22.4777,100.0,EXTREME DANGER
36.80_47.20,0,8.665321350097656,5.604909896850586,1.2627737522125244,3.0,97.5,20.575863,100.0,EXTREME DANGER
36.80_47.60,0,8.988418579101562,7.494706153869629,1.2563868761062622,3.0,97.5,20.648493,100.0,EXTREME DANGER
36.80_48.00,0,10.353433609008789,8.828957557678223,1.3558393716812134,3.0,97.5,21.246937,100.0,EXTREME DANGER
36.80_48.40,0,10.844393730163574,8.07670783996582,1.3987226486206055,3.0,97.5,20.47361,100.0,EXTREME DANGER
36.80_48.80,0,10.430765151977539,7.954538822174072,1.361313819885254,3.0,80.0,-8.526546,71.47345447540283,HIGH RISK
36.80_49.20,0,11.159562110900879,10.039938926696777,1.423357605934143,3.0,38.0,-38.59887,0.0,SAFE
36.80_49.60,0,13.488977432250977,11.50699234008789,1.5337591171264648,3.0,38.0,-40.921345,0.0,SAFE
36.80_50.00,0,10.967708587646484,9.097003936767578,1.3950729370117188,3.0,38.0,-39.914658,0.0,SAFE
36.80_50.40,0,9.975555419921875,7.659353256225586,1.3312044143676758,3.0,38.0,-42.19455,0.0,SAFE
36.80_50.80,3,10.287283897399902,11.611112594604492,1.3658759593963623,3.0,38.0,-33.11914,4.880859375,SAFE
36.80_51.20,3,10.370586395263672,15.173190116882324,1.3704379796981812,3.0,20.5,-30.59671,0.0,SAFE
36.80_51.60,3,10.493857383728027,16.742298126220703,1.3576642274856567,3.0,38.0,-27.071177,10.928823471069336,SAFE
36.80_52.00,3,10.845925331115723,17.094934463500977,1.3759124279022217,3.0,38.0,-24.605656,13.394344329833984,SAFE
36.80_52.40,3,12.44245433807373,17.60658073425293,1.4498175382614136,3.0,38.0,-24.561516,13.438484191894531,SAFE
36.80_52.80,3,11.990814208984375,17.05821990966797,1.4425182342529297,3.0,38.0,-26.737846,11.262153625488281,SAFE
36.80_53.20,3,10.948649406433105,16.057140350341797,1.3813868761062622,3.0,20.5,-32.931587,0.0,SAFE
36.80_53.60,3,10.938654899597168,15.598380088806152,1.3768248558044434,3.0,38.0,-30.644518,7.35548210144043,SAFE
36.80_54.00,3,10.760247230529785,13.388572692871094,1.3768248558044434,3.0,38.0,-35.046722,2.953277587890625,SAFE
36.80_54.40,0,10.784347534179688,11.750508308410645,1.3759124279022217,3.0,38.0,-37.29653,0.7034683227539062,SAFE
36.80_54.80,0,10.447881698608398,10.474035263061523,1.3549270629882812,3.0,20.5,-38.77234,0.0,SAFE
36.80_55.20,0,9.902897834777832,9.513611793518066,1.3312044143676758,3.0,38.0,-36.816772,1.1832275390625,SAFE
36.80_55.60,0,9.295393943786621,11.147107124328613,1.2883211374282837,3.0,38.0,-38.650314,0.0,SAFE
36.80_56.00,0,8.651371002197266,11.979668617248535,1.2454379796981812,3.0,20.5,-38.789253,0.0,SAFE
36.80_56.40,0,8.459689140319824,13.277000427246094,1.228102207183838,3.0,20.5,-36.216316,0.0,SAFE
36.80_56.80,0,8.91873836517334,13.300185203552246,1.2664233446121216,3.0,20.5,-36.815926,0.0,SAFE
36.80_57.20,0,9.389968872070312,12.419252395629883,1.3029197454452515,3.0,20.5,-36.62826,0.0,SAFE
36.80_57.60,0,9.25235652923584,11.35827350616455,1.297445297241211,3.0,20.5,-37.190617,0.0,SAFE
36.80_58.00,0,9.250784873962402,9.952155113220215,1.294708013534546,3.0,38.0,-36.19558,1.8044204711914062,SAFE
36.80_58.40,0,10.076403617858887,9.099284172058105,1.3312044143676758,3.0,38.0,-36.19384,1.8061599731445312,SAFE
36.80_58.80,0,10.208623886108398,8.704172134399414,1.3366788625717163,3.0,38.0,-35.598183,2.4018173217773438,SAFE
36.80_59.20,0,10.705554962158203,8.941040992736816,1.3576642274856567,3.0,38.0,-37.79368,0.20632171630859375,SAFE
36.80_59.60,0,10.85720157623291,9.953499794006348,1.3786495923995972,3.0,38.0,-38.591644,0.0,SAFE
36.80_60.00,0,10.739227294921875,12.484334945678711,1.3585766553878784,3.0,38.0,-39.014076,0.0,SAFE
36.80_60.40,0,10.817957878112793,15.425573348999023,1.3804744482040405,3.0,38.0,-35.597507,2.4024925231933594,SAFE
36.80_60.80,0,15.27108097076416,16.7813663482666,1.7354015111923218,3.0,97.5,29.709839,100.0,EXTREME DANGER
36.80_61.20,0,11.397224426269531,17.121856689453125,1.4315693378448486,3.0,97.5,14.811033,100.0,EXTREME DANGER
36.80_61.60,0,8.844943046569824,17.193368911743164,1.2244524955749512,3.0,38.0,-33.663605,4.336395263671875,SAFE
36.80_62.00,0,8.657577514648438,16.852943420410156,1.223540186882019,3.0,38.0,-36.243248,1.7567520141601562,SAFE
36.80_62.40,0,8.65017318725586,16.59075164794922,1.2262773513793945,3.0,38.0,-35.1914,2.8086013793945312,SAFE
36.80_62.80,0,8.33061408996582,16.234010696411133,1.209854006767273,3.0,20.5,-36.325447,0.0,SAFE
36.80_63.20,0,8.212313652038574,15.663690567016602,1.2107664346694946,3.0,38.0,-34.691452,3.3085479736328125,SAFE
36.80_63.60,0,8.344087600708008,15.469697952270508,1.2144160270690918,3.0,38.0,-34.520485,3.4795150756835938,SAFE
36.80_64.00,0,8.656399726867676,15.27324104309082,1.2335766553878784,3.0,58.0,-31.284609,26.715391159057617,LOW RISK
37.20_44.00,0,11.306097984313965,7.432428359985352,1.393248200416565,3.0,97.5,23.246908,100.0,EXTREME DANGER
37.20_44.40,0,10.834263801574707,5.876415729522705,1.3832117319107056,3.0,97.5,23.743559,100.0,EXTREME DANGER
37.20_44.80,0,11.144133567810059,7.334911823272705,1.4096715450286865,3.0,97.5,20.116282,100.0,EXTREME DANGER
37.20_45.20,0,10.85561752319336,8.403797149658203,1.3804744482040405,3.0,97.5,17.809586,100.0,EXTREME DANGER
37.20_45.60,0,11.272661209106445,10.38801383972168,1.404197096824646,3.0,97.5,15.415579,100.0,EXTREME DANGER
37.20_46.00,0,11.65221881866455,11.035194396972656,1.4087591171264648,3.0,80.0,-2.4012704,77.59872961044312,HIGH RISK
37.20_46.40,0,11.0867338180542,9.023728370666504,1.3813868761062622,3.0,80.0,-11.264703,68.73529720306396,HIGH RISK
37.20_46.80,0,9.576595306396484,6.825519561767578,1.297445297241211,3.0,58.0,-27.255426,30.74457359313965,LOW RISK
37.20_47.20,0,9.457741737365723,7.805872440338135,1.2956204414367676,3.0,58.0,-28.890766,29.109233856201172,LOW RISK
37.20_47.60,0,10.11644458770752,10.022453308105469,1.3284671306610107,3.0,80.0,-13.043633,66.95636653900146,HIGH RISK
37.20_48.00,0,10.052907943725586,10.266427993774414,1.3257299661636353,3.0,97.5,12.3305435,100.0,EXTREME DANGER
37.20_48.40,0,9.786797523498535,8.538068771362305,1.3029197454452515,3.0,97.5,21.148552,100.0,EXTREME DANGER
37.20_48.80,0,10.006505012512207,8.143510818481445,1.3202555179595947,3.0,58.0,-31.897854,26.10214614868164,LOW RISK
37.20_49.20,0,11.789876937866211,11.546001434326172,1.4379562139511108,3.0,38.0,-42.85428,0.0,SAFE
37.20_49.60,3,13.792130470275879,14.31973648071289,1.5383211374282837,3.0,38.0,-38.28266,0.0,SAFE
37.20_50.00,3,10.973189353942871,13.971559524536133,1.4187955856323242,3.0,38.0,-35.872368,2.1276321411132812,SAFE
37.20_50.40,3,9.587617874145508,15.084028244018555,1.3065693378448486,3.0,20.5,-31.223278,0.0,SAFE
37.20_50.80,3,9.72050666809082,16.964937210083008,1.3047444820404053,3.0,38.0,-27.558025,10.441974639892578,SAFE
37.20_51.20,3,9.501274108886719,17.488218307495117,1.297445297241211,3.0,38.0,-25.75473,12.245269775390625,SAFE
37.20_51.60,3,9.477334022521973,17.2803955078125,1.3029197454452515,3.0,58.0,-18.47866,39.521339416503906,LOW RISK
37.20_52.00,3,9.467233657836914,17.41592788696289,1.298357605934143,3.0,58.0,-19.491297,38.50870323181152,LOW RISK
37.20_52.40,3,9.49551010131836,17.326204299926758,1.3111313581466675,3.0,58.0,-19.725939,38.27406120300293,LOW RISK
37.20_52.80,3,9.445453643798828,17.18975067138672,1.3129562139511108,3.0,58.0,-19.340326,38.6596736907959,LOW RISK
37.20_53.20,3,9.474005699157715,17.172494888305664,1.305656909942627,3.0,38.0,-28.459707,9.540292739868164,SAFE
37.20_53.60,3,9.819540023803711,17.48863410949707,1.3175182342529297,3.0,58.0,-16.994255,41.00574493408203,MODERATE RISK
37.20_54.00,3,10.168886184692383,17.417129516601562,1.3184306621551514,3.0,58.0,-20.979904,37.02009582519531,LOW RISK
37.20_54.40,0,10.711235046386719,16.436756134033203,1.3677006959915161,3.0,58.0,-26.987823,31.012176513671875,LOW RISK
37.20_54.80,0,11.48062801361084,16.454750061035156,1.4096715450286865,3.0,38.0,-33.527267,4.4727325439453125,SAFE
37.20_55.20,0,10.514671325683594,14.435023307800293,1.3394160270690918,3.0,38.0,-35.611984,2.3880157470703125,SAFE
37.20_55.60,0,9.05305290222168,11.303023338317871,1.2536495923995972,3.0,20.5,-38.578102,0.0,SAFE
37.20_56.00,0,8.376115798950195,10.870306968688965,1.212591290473938,3.0,20.5,-38.748596,0.0,SAFE
37.20_56.40,0,8.548550605773926,10.872074127197266,1.2308393716812134,3.0,20.5,-37.14969,0.0,SAFE
37.20_56.80,0,8.968297004699707,11.412545204162598,1.2618613243103027,3.0,20.5,-37.61737,0.0,SAFE
37.20_57.20,0,9.674113273620605,10.932109832763672,1.3202555179595947,3.0,38.0,-35.07582,2.9241790771484375,SAFE
37.20_57.60,0,9.57685661315918,9.719914436340332,1.3220802545547485,3.0,20.5,-37.24041,0.0,SAFE
37.20_58.00,0,9.383248329162598,8.68968391418457,1.3029197454452515,3.0,20.5,-37.204533,0.0,SAFE
37.20_58.40,0,9.730646133422852,8.153736114501953,1.3129562139511108,3.0,38.0,-37.298843,0.7011566162109375,SAFE
37.20_58.80,0,9.597616195678711,9.013330459594727,1.301094889640808,3.0,38.0,-38.183716,0.0,SAFE
37.20_59.20,0,9.73283863067627,10.21832275390625,1.2965328693389893,3.0,38.0,-39.284775,0.0,SAFE
37.20_59.60,0,10.240192413330078,12.554741859436035,1.3229926824569702,3.0,38.0,-36.80534,1.1946601867675781,SAFE
37.20_60.00,0,10.096124649047852,15.401116371154785,1.3111313581466675,3.0,38.0,-36.677868,1.3221321105957031,SAFE
37.20_60.40,0,10.061747550964355,16.806556701660156,1.3038321733474731,3.0,38.0,-35.595192,2.4048080444335938,SAFE
37.20_60.80,0,9.755413055419922,16.700044631958008,1.2782846689224243,3.0,38.0,-34.876534,3.1234664916992188,SAFE
37.20_61.20,0,9.23827075958252,16.7963809967041,1.247262716293335,3.0,20.5,-34.59661,0.0,SAFE
37.20_61.60,0,8.847959518432617,16.58742904663086,1.2308393716812134,3.0,38.0,-34.322098,3.6779022216796875,SAFE
37.20_62.00,0,8.716164588928223,16.291013717651367,1.2335766553878784,3.0,38.0,-34.91173,3.088268280029297,SAFE
37.20_62.40,0,8.55585765838623,16.564449310302734,1.2262773513793945,3.0,38.0,-34.44613,3.5538711547851562,SAFE
37.20_62.80,0,8.213090896606445,16.44260025024414,1.2135035991668701,3.0,38.0,-35.21395,2.7860488891601562,SAFE
37.20_63.20,0,8.26191520690918,16.450788497924805,1.2162408828735352,3.0,38.0,-34.30846,3.691539764404297,SAFE
37.20_63.60,0,8.38506031036377,16.45833396911621,1.223540186882019,3.0,58.0,-30.740475,27.259525299072266,LOW RISK
37.20_64.00,0,8.97459602355957,16.547666549682617,1.2582117319107056,3.0,58.0,-29.569155,28.430845260620117,LOW RISK
37.60_44.00,0,7.687870025634766,1.9510411024093628,1.212591290473938,3.0,80.0,-3.0536585,76.9463415145874,HIGH RISK
37.60_44.40,0,8.371097564697266,3.9555423259735107,1.252737283706665,3.0,80.0,2.6751058,82.6751058101654,EXTREME DANGER
37.60_44.80,0,8.937021255493164,6.088469505310059,1.2755475044250488,3.0,97.5,17.276154,100.0,EXTREME DANGER
37.60_45.20,0,10.808836936950684,9.904314041137695,1.3695255517959595,3.0,97.5,21.401054,100.0,EXTREME DANGER
37.60_45.60,0,11.36644172668457,11.82080078125,1.396897792816162,3.0,58.0,-24.269958,33.73004150390625,LOW RISK
37.60_46.00,0,10.242897987365723,8.756237983703613,1.327554702758789,3.0,58.0,-23.408354,34.59164619445801,LOW RISK
37.60_46.40,0,9.684835433959961,6.143964767456055,1.305656909942627,3.0,58.0,-28.239433,29.76056671142578,LOW RISK
37.60_46.80,0,10.082645416259766,6.35452938079834,1.3284671306610107,3.0,58.0,-28.454477,29.545522689819336,LOW RISK
37.60_47.20,0,10.47674560546875,8.08763313293457,1.3403284549713135,3.0,58.0,-30.849459,27.150541305541992,LOW RISK
37.60_47.60,0,9.348397254943848,7.812747001647949,1.2837591171264648,3.0,58.0,-30.54768,27.452320098876953,LOW RISK
37.60_48.00,0,8.717131614685059,8.030317306518555,1.2490875720977783,3.0,58.0,-33.600327,24.399673461914062,LOW RISK
37.60_48.40,0,9.030000686645508,8.21920108795166,1.2509124279022217,3.0,58.0,-33.663113,24.33688735961914,LOW RISK
37.60_48.80,0,9.8648681640625,8.486468315124512,1.3403284549713135,3.0,58.0,-40.976364,17.023635864257812,SAFE
37.60_49.20,3,10.9718599319458,14.311731338500977,1.3704379796981812,3.0,38.0,-30.68069,7.319309234619141,SAFE
37.60_49.60,3,11.47911262512207,16.767230987548828,1.415145993232727,3.0,38.0,-28.030544,9.96945571899414,SAFE
37.60_50.00,3,10.05936336517334,16.021244049072266,1.3421533107757568,3.0,38.0,-26.375166,11.624834060668945,SAFE
37.60_50.40,3,9.386724472045898,16.943647384643555,1.2846715450286865,3.0,38.0,-27.197708,10.802291870117188,SAFE
37.60_50.80,3,9.171165466308594,16.970335006713867,1.3001824617385864,3.0,58.0,-15.794014,42.20598602294922,MODERATE RISK
37.60_51.20,3,9.15688705444336,17.044889450073242,1.297445297241211,3.0,58.0,-15.834639,42.165361404418945,MODERATE RISK
37.60_51.60,3,9.22434139251709,17.20110321044922,1.297445297241211,3.0,58.0,-18.094818,39.905181884765625,LOW RISK
37.60_52.00,3,9.284055709838867,17.154800415039062,1.3093066215515137,3.0,80.0,-6.7578197,73.24218034744263,HIGH RISK
37.60_52.40,3,9.380708694458008,17.110126495361328,1.3184306621551514,3.0,80.0,-6.228436,73.77156400680542,HIGH RISK
37.60_52.80,3,9.582460403442383,16.978017807006836,1.330291986465454,3.0,58.0,-16.166206,41.83379364013672,MODERATE RISK
37.60_53.20,3,9.632363319396973,16.761199951171875,1.3284671306610107,3.0,58.0,-19.995602,38.004398345947266,LOW RISK
37.60_53.60,3,9.801331520080566,16.52595329284668,1.3257299661636353,3.0,80.0,-3.7037144,76.29628562927246,HIGH RISK
37.60_54.00,3,9.66734790802002,16.76496124267578,1.3156933784484863,3.0,80.0,-5.011858,74.9881420135498,HIGH RISK
37.60_54.40,0,10.148473739624023,17.16700553894043,1.3385035991668701,3.0,80.0,-13.02961,66.97039031982422,HIGH RISK
37.60_54.80,0,10.959559440612793,17.381872177124023,1.3868613243103027,3.0,58.0,-25.877441,32.12255859375,LOW RISK
37.60_55.20,0,10.3927583694458,17.08287811279297,1.3339415788650513,3.0,38.0,-32.305386,5.694614410400391,SAFE
37.60_55.60,0,9.021540641784668,14.063908576965332,1.2518248558044434,3.0,38.0,-35.489227,2.510772705078125,SAFE
37.60_56.00,0,8.62344741821289,12.548295021057129,1.2326642274856567,3.0,38.0,-37.679245,0.3207550048828125,SAFE
37.60_56.40,0,8.816252708435059,12.068660736083984,1.2463504076004028,3.0,38.0,-35.32834,2.671661376953125,SAFE
37.60_56.80,0,9.031249046325684,11.513853073120117,1.2773722410202026,3.0,38.0,-37.304092,0.6959075927734375,SAFE
37.60_57.20,0,9.5055570602417,10.703290939331055,1.3029197454452515,3.0,38.0,-35.56719,2.432811737060547,SAFE
37.60_57.60,0,9.357370376586914,9.267833709716797,1.3065693378448486,3.0,20.5,-38.749496,0.0,SAFE
37.60_58.00,0,9.367525100708008,8.598983764648438,1.3020073175430298,3.0,20.5,-38.24731,0.0,SAFE
37.60_58.40,0,10.023334503173828,9.667881965637207,1.327554702758789,3.0,38.0,-34.945873,3.054126739501953,SAFE
37.60_58.80,0,10.151925086975098,11.86386489868164,1.3220802545547485,3.0,58.0,-31.953224,26.046775817871094,LOW RISK
37.60_59.20,0,10.16098403930664,14.545867919921875,1.2928831577301025,3.0,38.0,-37.35988,0.6401214599609375,SAFE
37.60_59.60,0,9.837421417236328,16.472003936767578,1.2819342613220215,3.0,38.0,-34.100212,3.8997879028320312,SAFE
37.60_60.00,0,9.380297660827637,16.83361053466797,1.2645984888076782,3.0,38.0,-33.74974,4.2502593994140625,SAFE
37.60_60.40,0,9.39478874206543,16.702905654907227,1.2700729370117188,3.0,38.0,-32.354126,5.6458740234375,SAFE
37.60_60.80,0,8.956984519958496,16.712684631347656,1.2436131238937378,3.0,38.0,-33.98546,4.0145416259765625,SAFE
37.60_61.20,0,8.833633422851562,16.641733169555664,1.2463504076004028,3.0,38.0,-32.927567,5.0724334716796875,SAFE
37.60_61.60,0,8.814915657043457,16.260398864746094,1.2372262477874756,3.0,38.0,-32.5791,5.4208984375,SAFE
37.60_62.00,0,8.752233505249023,16.06191635131836,1.2372262477874756,3.0,38.0,-33.359047,4.640953063964844,SAFE
37.60_62.40,0,8.378222465515137,16.329044342041016,1.2226277589797974,3.0,38.0,-35.44938,2.5506210327148438,SAFE
37.60_62.80,0,8.182186126708984,16.54235076904297,1.2153284549713135,3.0,38.0,-35.232796,2.7672042846679688,SAFE
37.60_63.20,0,8.228550910949707,16.68709945678711,1.2089415788650513,3.0,38.0,-33.888077,4.1119232177734375,SAFE
37.60_63.60,0,8.4933443069458,16.780376434326172,1.2344890832901,3.0,38.0,-34.538345,3.4616546630859375,SAFE
37.60_64.00,0,9.097253799438477,16.812103271484375,1.276459813117981,3.0,38.0,-33.886574,4.113426208496094,SAFE
38.00_44.00,0,6.034925937652588,1.112508773803711,1.1213504076004028,3.0,60.97999954223633,-25.549706,35.430294036865234,LOW RISK
38.00_44.40,0,6.735640048980713,3.47757625579834,1.1505475044250488,3.0,58.0,-26.887527,31.112472534179688,LOW RISK
38.00_44.80,0,9.090633392333984,7.337079048156738,1.25,3.0,58.0,-28.887108,29.112892150878906,LOW RISK
38.00_45.20,0,11.253796577453613,10.733438491821289,1.377737283706665,3.0,38.0,-36.914494,1.0855064392089844,SAFE
38.00_45.60,0,12.5108060836792,10.805590629577637,1.4635035991668701,3.0,58.0,-27.551811,30.44818878173828,LOW RISK
38.00_46.00,0,12.0230131149292,8.14570140838623,1.4379562139511108,3.0,58.0,-19.283844,38.716156005859375,LOW RISK
38.00_46.40,0,11.744874954223633,6.923907279968262,1.4242700338363647,3.0,58.0,-22.040579,35.959421157836914,LOW RISK
38.00_46.80,0,11.649232864379883,7.190315246582031,1.4060219526290894,3.0,80.0,-5.9658484,74.03415155410767,HIGH RISK
38.00_47.20,0,10.216403007507324,7.002247333526611,1.3257299661636353,3.0,80.0,-12.47814,67.52186012268066,HIGH RISK
38.00_47.60,0,7.978598117828369,5.822663307189941,1.2135035991668701,3.0,58.0,-33.615673,24.384326934814453,LOW RISK
38.00_48.00,0,8.152287483215332,5.772434234619141,1.2162408828735352,3.0,58.0,-37.030815,20.96918487548828,LOW RISK
38.00_48.40,0,8.843246459960938,7.632297515869141,1.2490875720977783,3.0,38.0,-42.445435,0.0,SAFE
38.00_48.80,0,9.674981117248535,10.197516441345215,1.3293795585632324,3.0,20.5,-40.38484,0.0,SAFE
38.00_49.20,3,9.722216606140137,15.44741439819336,1.2965328693389893,3.0,38.0,-29.06217,8.937829971313477,SAFE
38.00_49.60,3,9.22274398803711,16.824037551879883,1.2956204414367676,3.0,38.0,-28.595737,9.40426254272461,SAFE
38.00_50.00,3,8.873230934143066,16.12666893005371,1.2728102207183838,3.0,38.0,-27.983273,10.016727447509766,SAFE
38.00_50.40,3,8.901298522949219,16.80181121826172,1.2810219526290894,3.0,38.0,-26.807732,11.192268371582031,SAFE
38.00_50.80,3,8.888822555541992,16.646209716796875,1.2819342613220215,3.0,58.0,-16.992271,41.007728576660156,MODERATE RISK
38.00_51.20,3,8.965835571289062,16.8404598236084,1.2910584211349487,3.0,58.0,-18.109179,39.89082145690918,LOW RISK
38.00_51.60,3,9.14210319519043,16.848451614379883,1.3047444820404053,3.0,80.0,-7.012352,72.9876480102539,HIGH RISK
38.00_52.00,3,9.303330421447754,16.796092987060547,1.308394193649292,3.0,97.5,15.180183,100.0,EXTREME DANGER
38.00_52.40,3,9.680809020996094,16.759490966796875,1.326642394065857,3.0,97.5,15.417926,100.0,EXTREME DANGER
38.00_52.80,3,10.042116165161133,16.46820068359375,1.3494524955749512,3.0,97.5,18.298725,100.0,EXTREME DANGER
38.00_53.20,3,10.423724174499512,16.046459197998047,1.3695255517959595,3.0,80.0,2.5885878,82.5885877609253,EXTREME DANGER
38.00_53.60,3,10.542167663574219,15.880377769470215,1.3832117319107056,3.0,97.5,20.737827,100.0,EXTREME DANGER
38.00_54.00,3,10.323357582092285,16.381244659423828,1.361313819885254,3.0,97.5,22.097149,100.0,EXTREME DANGER
38.00_54.40,0,10.373952865600586,16.854446411132812,1.3759124279022217,3.0,80.0,2.96659,82.96658992767334,EXTREME DANGER
38.00_54.80,0,10.172263145446777,17.07806968688965,1.3585766553878784,3.0,58.0,-26.891144,31.108856201171875,LOW RISK
38.00_55.20,0,9.861727714538574,16.812517166137695,1.337591290473938,3.0,58.0,-27.801369,30.198631286621094,LOW RISK
38.00_55.60,0,9.509515762329102,16.28874397277832,1.2846715450286865,3.0,38.0,-36.131653,1.86834716796875,SAFE
38.00_56.00,0,8.960795402526855,15.085561752319336,1.2518248558044434,3.0,38.0,-35.7988,2.2011985778808594,SAFE
38.00_56.40,0,8.530797004699707,13.3704833984375,1.2217153310775757,3.0,20.5,-38.15533,0.0,SAFE
38.00_56.80,0,8.472943305969238,12.005707740783691,1.2372262477874756,3.0,20.5,-37.43407,0.0,SAFE
38.00_57.20,0,8.580342292785645,10.822521209716797,1.2445255517959595,3.0,20.5,-39.045532,0.0,SAFE
38.00_57.60,0,8.518433570861816,10.2428617477417,1.2354015111923218,3.0,38.0,-37.941948,0.05805206298828125,SAFE
38.00_58.00,0,10.015701293945312,11.85124683380127,1.3111313581466675,3.0,20.5,-37.884552,0.0,SAFE
38.00_58.40,0,11.416064262390137,13.812665939331055,1.3978102207183838,3.0,38.0,-34.86712,3.1328811645507812,SAFE
38.00_58.80,0,9.902262687683105,15.335953712463379,1.2782846689224243,3.0,38.0,-33.54016,4.4598388671875,SAFE
38.00_59.20,0,9.431700706481934,16.51388931274414,1.2627737522125244,3.0,38.0,-34.5009,3.4990997314453125,SAFE
38.00_59.60,0,8.886672973632812,16.834962844848633,1.231751799583435,3.0,38.0,-34.329353,3.6706466674804688,SAFE
38.00_60.00,0,8.631097793579102,16.94654083251953,1.2217153310775757,3.0,38.0,-33.115894,4.884105682373047,SAFE
38.00_60.40,0,8.585613250732422,16.913660049438477,1.2198904752731323,3.0,38.0,-31.60844,6.391559600830078,SAFE
38.00_60.80,0,8.350201606750488,16.7248477935791,1.212591290473938,3.0,58.0,-28.098993,29.9010066986084,LOW RISK
38.00_61.20,0,8.274989128112793,16.60048484802246,1.2144160270690918,3.0,58.0,-28.103426,29.896574020385742,LOW RISK
38.00_61.60,0,8.222328186035156,16.416290283203125,1.201642394065857,3.0,58.0,-25.84548,32.15452003479004,LOW RISK
38.00_62.00,0,8.173165321350098,16.31064224243164,1.2062044143676758,3.0,38.0,-33.826855,4.173145294189453,SAFE
38.00_62.40,0,8.081390380859375,16.40683364868164,1.2107664346694946,3.0,38.0,-34.2219,3.7780990600585938,SAFE
38.00_62.80,0,7.994479656219482,16.591022491455078,1.201642394065857,3.0,38.0,-35.41008,2.5899200439453125,SAFE
38.00_63.20,0,8.084716796875,16.58194351196289,1.201642394065857,3.0,38.0,-34.05883,3.9411697387695312,SAFE
38.00_63.60,0,8.36841869354248,16.63101577758789,1.220802903175354,3.0,38.0,-35.286255,2.7137451171875,SAFE
38.00_64.00,0,8.91074275970459,16.573585510253906,1.2518248558044434,3.0,38.0,-35.925285,2.0747146606445312,SAFE
38.40_44.00,0,6.444705009460449,2.24296498298645,1.106751799583435,3.0,38.95000076293945,-33.06438,5.8856201171875,SAFE
38.40_44.40,0,6.379889965057373,3.437997579574585,1.1158759593963623,3.0,38.0,-34.842842,3.1571578979492188,SAFE
38.40_44.80,0,8.971305847167969,7.210817337036133,1.2308393716812134,3.0,38.0,-38.323433,0.0,SAFE
38.40_45.20,0,11.076011657714844,9.484437942504883,1.3768248558044434,3.0,38.0,-34.006195,3.993804931640625,SAFE
38.40_45.60,0,11.012677192687988,9.083871841430664,1.3795620203018188,3.0,38.0,-33.589684,4.410316467285156,SAFE
38.40_46.00,0,10.563431739807129,7.757547378540039,1.356751799583435,3.0,38.0,-36.00782,1.9921798706054688,SAFE
38.40_46.40,0,10.207026481628418,6.965136528015137,1.3412408828735352,3.0,58.0,-26.952267,31.047733306884766,LOW RISK
38.40_46.80,0,10.09028434753418,6.509823322296143,1.330291986465454,3.0,58.0,-28.490173,29.50982666015625,LOW RISK
38.40_47.20,0,9.876946449279785,7.066217422485352,1.3211678266525269,3.0,80.0,-3.6531532,76.34684681892395,HIGH RISK
38.40_47.60,0,9.338184356689453,8.54162311553955,1.2819342613220215,3.0,58.0,-31.470669,26.52933120727539,LOW RISK
38.40_48.00,0,8.074624061584473,7.901153564453125,1.223540186882019,3.0,38.0,-41.9666,0.0,SAFE
38.40_48.40,0,8.811264038085938,8.346638679504395,1.2591240406036377,3.0,20.5,-43.489067,0.0,SAFE
38.40_48.80,3,10.363030433654785,12.303812026977539,1.3631386756896973,3.0,38.0,-34.90776,3.0922393798828125,SAFE
38.40_49.20,3,9.39146900177002,15.7236909866333,1.2864964008331299,3.0,38.0,-26.593105,11.40689468383789,SAFE
38.40_49.60,3,8.779897689819336,16.224380493164062,1.260948896408081,3.0,38.0,-27.036194,10.96380615234375,SAFE
38.40_50.00,3,8.587937355041504,16.246809005737305,1.2481751441955566,3.0,38.0,-25.67308,12.326919555664062,SAFE
38.40_50.40,3,8.608861923217773,16.388090133666992,1.2645984888076782,3.0,58.0,-21.812866,36.1871337890625,LOW RISK
38.40_50.80,3,8.702486038208008,16.31977081298828,1.2819342613220215,3.0,58.0,-19.521397,38.47860336303711,LOW RISK
38.40_51.20,3,8.843143463134766,16.524105072021484,1.2828466892242432,3.0,58.0,-18.814613,39.185386657714844,LOW RISK
38.40_51.60,3,9.093805313110352,16.606481552124023,1.3029197454452515,3.0,80.0,-2.7526455,77.24735450744629,HIGH RISK
38.40_52.00,3,9.458545684814453,16.589624404907227,1.327554702758789,3.0,97.5,17.787502,100.0,EXTREME DANGER
38.40_52.40,3,10.022668838500977,16.35918617248535,1.3649635314941406,3.0,97.5,20.434914,100.0,EXTREME DANGER
38.40_52.80,3,10.790565490722656,15.898180961608887,1.4142335653305054,3.0,97.5,24.198793,100.0,EXTREME DANGER
38.40_53.20,3,11.364785194396973,15.502132415771484,1.4452555179595947,3.0,97.5,25.73136,100.0,EXTREME DANGER
38.40_53.60,3,11.77077865600586,15.460640907287598,1.4753649234771729,3.0,97.5,27.602465,100.0,EXTREME DANGER
38.40_54.00,3,11.91999626159668,15.936832427978516,1.497262716293335,3.0,97.5,22.479593,100.0,EXTREME DANGER
38.40_54.40,0,11.198152542114258,16.446063995361328,1.4580291509628296,3.0,97.5,19.877687,100.0,EXTREME DANGER
38.40_54.80,0,11.450568199157715,16.620447158813477,1.5209853649139404,3.0,97.5,22.136213,100.0,EXTREME DANGER
38.40_55.20,0,11.66981315612793,16.206714630126953,1.5656933784484863,3.0,97.5,22.258718,100.0,EXTREME DANGER
38.40_55.60,0,10.581282615661621,15.6932954788208,1.4507299661636353,3.0,97.5,19.814526,100.0,EXTREME DANGER
38.40_56.00,0,9.165855407714844,15.172231674194336,1.2864964008331299,3.0,80.0,-16.856592,63.14340782165527,HIGH RISK
38.40_56.40,0,8.185242652893066,13.62386703491211,1.2189780473709106,3.0,38.0,-35.681976,2.318023681640625,SAFE
38.40_56.80,0,7.969969272613525,12.140710830688477,1.1870437860488892,3.0,20.5,-38.693153,0.0,SAFE
38.40_57.20,0,8.319478988647461,12.199247360229492,1.202554702758789,3.0,20.5,-39.23779,0.0,SAFE
38.40_57.60,0,9.278879165649414,14.540970802307129,1.2563868761062622,3.0,38.0,-35.323425,2.67657470703125,SAFE
38.40_58.00,0,9.618612289428711,16.51650619506836,1.271897792816162,3.0,38.0,-36.226532,1.773468017578125,SAFE
38.40_58.40,0,9.301591873168945,16.689645767211914,1.260948896408081,3.0,38.0,-35.136135,2.8638648986816406,SAFE
38.40_58.80,0,8.653331756591797,16.62445640563965,1.231751799583435,3.0,38.0,-33.467293,4.532707214355469,SAFE
38.40_59.20,0,8.662693977355957,16.513816833496094,1.2299270629882812,3.0,38.0,-35.062057,2.9379425048828125,SAFE
38.40_59.60,0,8.515406608581543,16.75705909729004,1.2253649234771729,3.0,38.0,-32.516182,5.483818054199219,SAFE
38.40_60.00,0,8.418106079101562,16.718263626098633,1.2217153310775757,3.0,38.0,-34.130592,3.8694076538085938,SAFE
38.40_60.40,0,8.269676208496094,16.457408905029297,1.2180657386779785,3.0,58.0,-29.879444,28.120555877685547,LOW RISK
38.40_60.80,0,8.118358612060547,16.269840240478516,1.2089415788650513,3.0,58.0,-24.788507,33.21149253845215,LOW RISK
38.40_61.20,0,8.009990692138672,16.34483528137207,1.2034671306610107,3.0,58.0,-22.8895,35.11050033569336,LOW RISK
38.40_61.60,0,7.98904275894165,16.187223434448242,1.205291986465454,3.0,58.0,-22.40447,35.595529556274414,LOW RISK
38.40_62.00,0,7.841444969177246,16.144386291503906,1.1970802545547485,3.0,58.0,-26.44252,31.557479858398438,LOW RISK
38.40_62.40,0,7.853710651397705,16.221654891967773,1.1925182342529297,3.0,38.0,-32.416023,5.583976745605469,SAFE
38.40_62.80,0,7.950581073760986,16.233959197998047,1.2043795585632324,3.0,38.0,-35.725876,2.2741241455078125,SAFE
38.40_63.20,0,8.094820022583008,16.244522094726562,1.1961678266525269,3.0,38.0,-34.470165,3.529834747314453,SAFE
38.40_63.60,0,8.403532981872559,16.27507972717285,1.2171533107757568,3.0,38.0,-34.61946,3.3805389404296875,SAFE
38.40_64.00,0,8.87194538116455,16.29730224609375,1.2399635314941406,3.0,38.0,-35.849983,2.1500167846679688,SAFE
38.80_44.00,0,7.477275848388672,3.118454694747925,1.1715328693389893,3.0,58.0,-25.48257,32.51742935180664,LOW RISK
38.80_44.40,0,6.4117751121521,3.744999408721924,1.1049270629882812,3.0,38.0,-36.067104,1.9328956604003906,SAFE
38.80_44.80,0,7.898030757904053,6.987307071685791,1.1751824617385864,3.0,38.0,-35.982994,2.0170059204101562,SAFE
38.80_45.20,0,10.899958610534668,9.634464263916016,1.3503649234771729,3.0,38.0,-33.430473,4.569526672363281,SAFE
38.80_45.60,0,11.905399322509766,9.381762504577637,1.4105839729309082,3.0,38.0,-32.999817,5.00018310546875,SAFE
38.80_46.00,0,11.069936752319336,7.925473213195801,1.3786495923995972,3.0,38.0,-34.26201,3.7379913330078125,SAFE
38.80_46.40,0,10.012378692626953,7.578361988067627,1.3330291509628296,3.0,38.0,-36.09942,1.9005813598632812,SAFE
38.80_46.80,0,8.587924003601074,7.281308174133301,1.2490875720977783,3.0,38.0,-40.066914,0.0,SAFE
38.80_47.20,0,8.889697074890137,7.603368282318115,1.2691606283187866,3.0,38.0,-40.187977,0.0,SAFE
38.80_47.60,0,9.14586353302002,9.282912254333496,1.2855839729309082,3.0,38.0,-41.457867,0.0,SAFE
38.80_48.00,0,8.136818885803223,8.680858612060547,1.2253649234771729,3.0,20.5,-42.447044,0.0,SAFE
38.80_48.40,0,8.986172676086426,9.061447143554688,1.2746350765228271,3.0,38.0,-42.121147,0.0,SAFE
38.80_48.80,3,11.189042091369629,13.467220306396484,1.3905109167099,3.0,38.0,-31.4528,6.547199249267578,SAFE
38.80_49.20,3,9.208382606506348,15.827228546142578,1.2855839729309082,3.0,38.0,-27.640823,10.359176635742188,SAFE
38.80_49.60,3,8.612080574035645,15.587165832519531,1.25,3.0,38.0,-27.97863,10.021369934082031,SAFE
38.80_50.00,3,8.410630226135254,15.98949146270752,1.2481751441955566,3.0,38.0,-29.125912,8.874088287353516,SAFE
38.80_50.40,3,8.424417495727539,15.984649658203125,1.2618613243103027,3.0,58.0,-20.287968,37.712032318115234,LOW RISK
38.80_50.80,3,8.59253215789795,16.105369567871094,1.279197096824646,3.0,58.0,-19.038221,38.96177864074707,LOW RISK
38.80_51.20,3,8.802433013916016,16.24408721923828,1.3020073175430298,3.0,97.5,14.213696,100.0,EXTREME DANGER
38.80_51.60,3,9.104076385498047,16.24381446838379,1.3120437860488892,3.0,97.5,14.450853,100.0,EXTREME DANGER
38.80_52.00,3,9.539369583129883,16.2374210357666,1.3394160270690918,3.0,97.5,15.448868,100.0,EXTREME DANGER
38.80_52.40,3,10.316289901733398,15.908243179321289,1.3868613243103027,3.0,97.5,21.535452,100.0,EXTREME DANGER
38.80_52.80,3,11.145791053771973,15.431989669799805,1.4498175382614136,3.0,97.5,27.396126,100.0,EXTREME DANGER
38.80_53.20,3,12.159785270690918,15.065220832824707,1.5063868761062622,3.0,97.5,31.785267,100.0,EXTREME DANGER
38.80_53.60,3,13.618985176086426,15.11523723602295,1.6414233446121216,3.0,97.5,34.83038,100.0,EXTREME DANGER
38.80_54.00,4,18.39952850341797,15.726112365722656,2.03649640083313,3.0,97.5,34.256104,100.0,EXTREME DANGER
38.80_54.40,0,16.35980224609375,16.09895133972168,1.9461678266525269,3.0,97.5,28.402418,100.0,EXTREME DANGER
38.80_54.80,0,11.912216186523438,15.81486988067627,1.5757299661636353,3.0,97.5,18.446747,100.0,EXTREME DANGER
38.80_55.20,0,11.36398983001709,14.909247398376465,1.5492700338363647,3.0,97.5,19.88348,100.0,EXTREME DANGER
38.80_55.60,0,12.648695945739746,14.14675521850586,1.7198904752731323,3.0,97.5,22.005306,100.0,EXTREME DANGER
38.80_56.00,0,12.3514404296875,14.330421447753906,1.6751824617385864,3.0,97.5,21.289295,100.0,EXTREME DANGER
38.80_56.40,0,9.444639205932617,14.992650032043457,1.3047444820404053,3.0,80.0,-15.135044,64.86495590209961,HIGH RISK
38.80_56.80,0,9.18034553527832,15.572524070739746,1.2700729370117188,3.0,58.0,-31.760426,26.239574432373047,LOW RISK
38.80_57.20,0,8.938820838928223,16.37653160095215,1.239051103591919,3.0,38.0,-34.918037,3.0819625854492188,SAFE
38.80_57.60,0,8.81808090209961,16.844099044799805,1.2381386756896973,3.0,38.0,-34.13954,3.8604583740234375,SAFE
38.80_58.00,0,8.629507064819336,16.535659790039062,1.2354015111923218,3.0,38.0,-33.35848,4.641521453857422,SAFE
38.80_58.40,0,8.543585777282715,16.229175567626953,1.2271897792816162,3.0,38.0,-33.301003,4.698997497558594,SAFE
38.80_58.80,0,8.446227073669434,16.261783599853516,1.2326642274856567,3.0,38.0,-33.80574,4.1942596435546875,SAFE
38.80_59.20,0,8.458478927612305,16.312135696411133,1.2354015111923218,3.0,38.0,-34.606895,3.3931045532226562,SAFE
38.80_59.60,0,8.360651969909668,16.216028213500977,1.2262773513793945,3.0,38.0,-34.35402,3.6459808349609375,SAFE
38.80_60.00,0,8.256048202514648,15.968235969543457,1.2253649234771729,3.0,38.0,-34.603783,3.3962173461914062,SAFE
38.80_60.40,0,8.078046798706055,15.945931434631348,1.2162408828735352,3.0,38.0,-34.79318,3.2068214416503906,SAFE
38.80_60.80,0,7.9139299392700195,15.865303039550781,1.2062044143676758,3.0,38.0,-34.801285,3.1987152099609375,SAFE
38.80_61.20,0,7.80600118637085,15.838138580322266,1.1961678266525269,3.0,58.0,-29.40562,28.594379425048828,LOW RISK
38.80_61.60,0,7.70297908782959,15.713672637939453,1.1870437860488892,3.0,58.0,-27.627054,30.37294578552246,LOW RISK
38.80_62.00,0,7.641491413116455,15.722813606262207,1.176094889640808,3.0,58.0,-26.347994,31.652006149291992,LOW RISK
38.80_62.40,0,7.7656121253967285,15.753609657287598,1.1861313581466675,3.0,58.0,-27.758629,30.241371154785156,LOW RISK
38.80_62.80,0,7.9147233963012695,15.85218620300293,1.1870437860488892,3.0,38.0,-31.245438,6.7545623779296875,SAFE
38.80_63.20,0,8.1724271774292,15.936545372009277,1.2034671306610107,3.0,38.0,-34.611374,3.3886260986328125,SAFE
38.80_63.60,0,8.441278457641602,16.031890869140625,1.2034671306610107,3.0,38.0,-36.283474,1.7165260314941406,SAFE
38.80_64.00,0,8.817806243896484,16.15768051147461,1.2372262477874756,3.0,38.0,-32.294094,5.705905914306641,SAFE
39.20_44.00,0,8.785030364990234,2.8734493255615234,1.2600364685058594,3.0,58.0,-21.419062,36.5809383392334,LOW RISK
39.20_44.40,0,7.958949089050293,5.057628154754639,1.1934306621551514,3.0,38.0,-37.304512,0.6954879760742188,SAFE
39.20_44.80,0,9.641228675842285,8.498205184936523,1.2801095247268677,3.0,38.0,-37.399776,0.6002235412597656,SAFE
39.20_45.20,0,11.381364822387695,10.718279838562012,1.3987226486206055,3.0,38.0,-33.720543,4.279457092285156,SAFE
39.20_45.60,0,9.50212287902832,8.374433517456055,1.287408709526062,3.0,38.0,-34.618195,3.381805419921875,SAFE
39.20_46.00,0,7.721680641174316,5.731874465942383,1.1815693378448486,3.0,38.0,-38.659565,0.0,SAFE
39.20_46.40,0,8.655760765075684,7.4654765129089355,1.2299270629882812,3.0,20.5,-40.349945,0.0,SAFE
39.20_46.80,0,10.842281341552734,10.322115898132324,1.3677006959915161,3.0,38.0,-38.09716,0.0,SAFE
39.20_47.20,0,11.828784942626953,11.335702896118164,1.4087591171264648,3.0,38.0,-37.562393,0.4376068115234375,SAFE
39.20_47.60,0,10.784936904907227,11.398998260498047,1.3631386756896973,3.0,38.0,-40.05272,0.0,SAFE
39.20_48.00,0,9.88160228729248,11.348958969116211,1.3257299661636353,3.0,38.0,-41.167862,0.0,SAFE
39.20_48.40,3,11.1030855178833,12.265053749084473,1.3667882680892944,3.0,58.0,-37.314957,20.685043334960938,LOW RISK
39.20_48.80,3,11.686281204223633,14.154499053955078,1.4060219526290894,3.0,58.0,-22.195301,35.8046989440918,LOW RISK
39.20_49.20,3,9.562122344970703,14.830375671386719,1.3102189302444458,3.0,38.0,-29.582382,8.417617797851562,SAFE
39.20_49.60,3,8.562507629394531,14.922588348388672,1.25,3.0,38.0,-28.591415,9.408584594726562,SAFE
39.20_50.00,3,8.331002235412598,15.551277160644531,1.2408759593963623,3.0,58.0,-20.582794,37.417205810546875,LOW RISK
39.20_50.40,3,8.37423038482666,15.553422927856445,1.2563868761062622,3.0,58.0,-22.615517,35.384483337402344,LOW RISK
39.20_50.80,3,8.516653060913086,15.629532814025879,1.2655109167099,3.0,97.5,15.847087,100.0,EXTREME DANGER
39.20_51.20,3,8.653165817260742,15.80781078338623,1.2810219526290894,3.0,97.5,16.019676,100.0,EXTREME DANGER
39.20_51.60,3,8.858983993530273,15.862547874450684,1.2892335653305054,3.0,97.5,15.261763,100.0,EXTREME DANGER
39.20_52.00,3,9.168388366699219,15.887710571289062,1.3074817657470703,3.0,80.0,2.130356,82.13035607337952,EXTREME DANGER
39.20_52.40,3,9.581490516662598,15.585604667663574,1.323905110359192,3.0,80.0,2.813727,82.81372690200806,EXTREME DANGER
39.20_52.80,3,10.077422142028809,15.09510326385498,1.3731751441955566,3.0,97.5,23.83693,100.0,EXTREME DANGER
39.20_53.20,3,10.843172073364258,14.840163230895996,1.426094889640808,3.0,97.5,30.747463,100.0,EXTREME DANGER
39.20_53.60,3,11.97661018371582,15.163581848144531,1.4908759593963623,3.0,97.5,33.083687,100.0,EXTREME DANGER
39.20_54.00,4,13.903093338012695,15.719254493713379,1.6332117319107056,3.0,97.5,32.069153,100.0,EXTREME DANGER
39.20_54.40,4,19.46909523010254,15.7506685256958,2.0346715450286865,3.0,97.5,34.045807,100.0,EXTREME DANGER
39.20_54.80,0,18.401445388793945,15.24580192565918,2.0739049911499023,3.0,97.5,33.7369,100.0,EXTREME DANGER
39.20_55.20,0,13.181346893310547,14.6714506149292,1.709854006767273,3.0,97.5,25.443775,100.0,EXTREME DANGER
39.20_55.60,0,13.039594650268555,14.515509605407715,1.7107664346694946,3.0,97.5,21.559591,100.0,EXTREME DANGER
39.20_56.00,0,12.260183334350586,14.771306991577148,1.6158759593963623,3.0,97.5,15.924701,100.0,EXTREME DANGER
39.20_56.40,0,9.416265487670898,15.460975646972656,1.3001824617385864,3.0,58.0,-21.804949,36.195051193237305,LOW RISK
39.20_56.80,0,8.991540908813477,16.242938995361328,1.2737226486206055,3.0,80.0,-6.943806,73.05619382858276,HIGH RISK
39.20_57.20,0,8.73715591430664,16.380985260009766,1.25,3.0,58.0,-25.280472,32.71952819824219,LOW RISK
39.20_57.60,0,8.639666557312012,16.193586349487305,1.2536495923995972,3.0,38.0,-32.592484,5.4075164794921875,SAFE
39.20_58.00,0,8.5001220703125,16.136516571044922,1.2518248558044434,3.0,58.0,-24.603241,33.396759033203125,LOW RISK
39.20_58.40,0,8.376250267028809,16.145227432250977,1.2408759593963623,3.0,38.0,-33.344284,4.6557159423828125,SAFE
39.20_58.80,0,8.298243522644043,16.002622604370117,1.2354015111923218,3.0,38.0,-33.547646,4.452354431152344,SAFE
39.20_59.20,0,8.238188743591309,15.653454780578613,1.2253649234771729,3.0,38.0,-32.906265,5.0937347412109375,SAFE
39.20_59.60,0,8.131468772888184,15.500811576843262,1.2244524955749512,3.0,38.0,-32.41069,5.5893096923828125,SAFE
39.20_60.00,0,8.002202033996582,15.450039863586426,1.2189780473709106,3.0,38.0,-34.862827,3.1371726989746094,SAFE
39.20_60.40,0,7.8599724769592285,15.405105590820312,1.2171533107757568,3.0,38.0,-36.194298,1.8057022094726562,SAFE
39.20_60.80,0,7.734464645385742,15.254061698913574,1.205291986465454,3.0,38.0,-35.30786,2.692138671875,SAFE
39.20_61.20,0,7.691202640533447,15.202353477478027,1.2043795585632324,3.0,38.0,-35.78383,2.2161712646484375,SAFE
39.20_61.60,0,7.6053290367126465,15.178133010864258,1.194343090057373,3.0,58.0,-27.023678,30.976322174072266,LOW RISK
39.20_62.00,0,7.563908100128174,15.134686470031738,1.1852189302444458,3.0,58.0,-27.133644,30.866355895996094,LOW RISK
39.20_62.40,0,7.662407398223877,15.25284481048584,1.1843066215515137,3.0,58.0,-26.36383,31.63616943359375,LOW RISK
39.20_62.80,0,7.899363040924072,15.423776626586914,1.1961678266525269,3.0,38.0,-31.667284,6.33271598815918,SAFE
39.20_63.20,0,8.274271965026855,15.507797241210938,1.2116788625717163,3.0,58.0,-27.985273,30.014726638793945,LOW RISK
39.20_63.60,0,8.609724044799805,15.647276878356934,1.2326642274856567,3.0,58.0,-28.239344,29.760656356811523,LOW RISK
39.20_64.00,0,8.826647758483887,15.750351905822754,1.231751799583435,3.0,58.0,-29.170956,28.829044342041016,LOW RISK
39.60_44.00,0,9.277502059936523,4.505264759063721,1.2755475044250488,3.0,58.0,-25.37827,32.62173080444336,LOW RISK
39.60_44.40,0,10.97773265838623,7.399039268493652,1.364051103591919,3.0,38.0,-35.725433,2.274566650390625,SAFE
39.60_44.80,0,10.180401802062988,8.591965675354004,1.3184306621551514,3.0,38.0,-36.19371,1.8062896728515625,SAFE
39.60_45.20,0,8.815391540527344,7.840059757232666,1.223540186882019,3.0,20.5,-38.776115,0.0,SAFE
39.60_45.60,0,6.694794654846191,4.614574432373047,1.1240875720977783,3.0,20.5,-39.79594,0.0,SAFE
39.60_46.00,0,6.533255577087402,2.4095935821533203,1.1186131238937378,3.0,21.149999618530273,-40.652313,0.0,SAFE
39.60_46.40,0,7.3105549812316895,4.719599723815918,1.1551095247268677,3.0,20.5,-41.087708,0.0,SAFE
39.60_46.80,0,8.702224731445312,8.3790864944458,1.2308393716812134,3.0,38.0,-40.48436,0.0,SAFE
39.60_47.20,0,10.72995376586914,11.068272590637207,1.3403284549713135,3.0,58.0,-33.474503,24.525497436523438,LOW RISK
39.60_47.60,0,12.36800765991211,13.005331993103027,1.4498175382614136,3.0,58.0,-26.88337,31.11663055419922,LOW RISK
39.60_48.00,0,12.315990447998047,13.735815048217773,1.433394193649292,3.0,58.0,-30.246826,27.753173828125,LOW RISK
39.60_48.40,0,12.479146957397461,14.169666290283203,1.426094889640808,3.0,58.0,-24.628439,33.37156105041504,LOW RISK
39.60_48.80,0,11.151556968688965,14.522486686706543,1.3740875720977783,3.0,58.0,-28.580416,29.419584274291992,LOW RISK
39.60_49.20,3,9.895586967468262,14.538599967956543,1.316605806350708,3.0,58.0,-24.789886,33.210113525390625,LOW RISK
39.60_49.60,3,8.785796165466309,14.692976951599121,1.2536495923995972,3.0,38.0,-29.97733,8.02267074584961,SAFE
39.60_50.00,3,8.399144172668457,14.825027465820312,1.2463504076004028,3.0,58.0,-22.7461,35.2539005279541,LOW RISK
39.60_50.40,3,8.39421272277832,15.029659271240234,1.2518248558044434,3.0,80.0,-7.466729,72.53327083587646,HIGH RISK
39.60_50.80,3,8.499156951904297,15.243220329284668,1.2664233446121216,3.0,97.5,16.520061,100.0,EXTREME DANGER
39.60_51.20,3,8.538989067077637,15.344965934753418,1.2728102207183838,3.0,97.5,19.776077,100.0,EXTREME DANGER
39.60_51.60,3,8.633481979370117,15.443347930908203,1.2801095247268677,3.0,80.0,-7.129957,72.87004280090332,HIGH RISK
39.60_52.00,3,8.812599182128906,15.423039436340332,1.2755475044250488,3.0,58.0,-22.338512,35.6614875793457,LOW RISK
39.60_52.40,3,9.047748565673828,15.194177627563477,1.2919708490371704,3.0,58.0,-18.106071,39.89392852783203,LOW RISK
39.60_52.80,3,9.337207794189453,14.839407920837402,1.2937955856323242,3.0,97.5,22.359146,100.0,EXTREME DANGER
39.60_53.20,3,9.771169662475586,14.72994327545166,1.3156933784484863,3.0,97.5,19.803944,100.0,EXTREME DANGER
39.60_53.60,0,10.670136451721191,15.279580116271973,1.4142335653305054,3.0,97.5,26.246542,100.0,EXTREME DANGER
39.60_54.00,0,12.396697998046875,15.325254440307617,1.5729926824569702,3.0,97.5,29.456377,100.0,EXTREME DANGER
39.60_54.40,0,17.475967407226562,14.130555152893066,1.9616788625717163,3.0,97.5,34.38448,100.0,EXTREME DANGER
39.60_54.80,0,17.070850372314453,13.734573364257812,2.041970729827881,3.0,97.5,34.114258,100.0,EXTREME DANGER
39.60_55.20,0,14.668888092041016,14.679096221923828,1.8813868761062622,3.0,97.5,31.44307,100.0,EXTREME DANGER
39.60_55.60,0,13.18417739868164,15.324945449829102,1.6925182342529297,3.0,97.5,23.078484,100.0,EXTREME DANGER
39.60_56.00,0,11.390707015991211,15.429614067077637,1.5191606283187866,3.0,97.5,19.2535,100.0,EXTREME DANGER
39.60_56.40,0,9.275075912475586,15.522459983825684,1.3020073175430298,3.0,97.5,16.10109,100.0,EXTREME DANGER
39.60_56.80,0,9.03156852722168,15.582308769226074,1.2737226486206055,3.0,58.0,-26.284237,31.715763092041016,LOW RISK
39.60_57.20,0,8.892361640930176,15.522801399230957,1.2655109167099,3.0,58.0,-27.412792,30.587207794189453,LOW RISK
39.60_57.60,0,8.720683097839355,15.475566864013672,1.2618613243103027,3.0,58.0,-26.754986,31.245014190673828,LOW RISK
39.60_58.00,0,8.56403636932373,15.46468448638916,1.2572993040084839,3.0,58.0,-24.996052,33.00394821166992,LOW RISK
39.60_58.40,0,8.421625137329102,15.250361442565918,1.2463504076004028,3.0,58.0,-24.853718,33.14628219604492,LOW RISK
39.60_58.80,0,8.298683166503906,15.047975540161133,1.2436131238937378,3.0,58.0,-28.056507,29.943492889404297,LOW RISK
39.60_59.20,0,8.16273021697998,14.938483238220215,1.2354015111923218,3.0,38.0,-32.83126,5.168739318847656,SAFE
39.60_59.60,0,7.977347373962402,14.852224349975586,1.2271897792816162,3.0,38.0,-35.38672,2.61328125,SAFE
39.60_60.00,0,7.808273792266846,14.6470308303833,1.2180657386779785,3.0,38.0,-35.671883,2.3281173706054688,SAFE
39.60_60.40,0,7.686590671539307,14.5446138381958,1.2071168422698975,3.0,38.0,-35.330208,2.6697921752929688,SAFE
39.60_60.80,0,7.616741180419922,14.542736053466797,1.198905110359192,3.0,38.0,-36.193092,1.8069076538085938,SAFE
39.60_61.20,0,7.571427345275879,14.47519588470459,1.1979926824569702,3.0,38.0,-36.550827,1.4491729736328125,SAFE
39.60_61.60,0,7.495122909545898,14.502053260803223,1.1843066215515137,3.0,38.0,-34.659065,3.3409347534179688,SAFE
39.60_62.00,0,7.483064651489258,14.552069664001465,1.1788321733474731,3.0,58.0,-27.315895,30.684104919433594,LOW RISK
39.60_62.40,0,7.559006690979004,14.740219116210938,1.1824817657470703,3.0,58.0,-24.413338,33.58666229248047,LOW RISK
39.60_62.80,0,7.732349872589111,14.97529125213623,1.1861313581466675,3.0,58.0,-26.268888,31.731111526489258,LOW RISK
39.60_63.20,0,8.011882781982422,15.092360496520996,1.2007299661636353,3.0,38.0,-33.54156,4.458438873291016,SAFE
39.60_63.60,0,8.437840461730957,15.265310287475586,1.2107664346694946,3.0,38.0,-32.81298,5.187019348144531,SAFE
39.60_64.00,0,8.75943374633789,15.349541664123535,1.2417882680892944,3.0,38.0,-33.299355,4.700645446777344,SAFE
40.00_44.00,0,11.42435073852539,7.799682140350342,1.401459813117981,3.0,38.0,-36.462753,1.5372467041015625,SAFE
40.00_44.40,0,13.054413795471191,8.618415832519531,1.4899635314941406,3.0,38.0,-35.900696,2.09930419921875,SAFE
40.00_44.80,0,9.213757514953613,6.616879463195801,1.2436131238937378,3.0,38.0,-39.07525,0.0,SAFE
40.00_45.20,0,7.465707778930664,4.913967132568359,1.1478102207183838,3.0,20.5,-38.893898,0.0,SAFE
40.00_45.60,0,6.098072052001953,2.227430582046509,1.0885035991668701,3.0,21.479999542236328,-42.080444,0.0,SAFE
40.00_46.00,0,5.917236328125,1.8257765769958496,1.0894160270690918,3.0,22.200000762939453,-42.48906,0.0,SAFE
40.00_46.40,0,6.803984642028809,4.160203456878662,1.1231751441955566,3.0,20.5,-41.957104,0.0,SAFE
40.00_46.80,0,8.935118675231934,8.55191421508789,1.2180657386779785,3.0,38.0,-40.286335,0.0,SAFE
40.00_47.20,0,11.05276107788086,12.316162109375,1.348540186882019,3.0,58.0,-30.582808,27.417192459106445,LOW RISK
40.00_47.60,0,12.237107276916504,13.99525260925293,1.4297444820404053,3.0,58.0,-23.660236,34.33976364135742,LOW RISK
40.00_48.00,0,12.224513053894043,14.116342544555664,1.4251824617385864,3.0,58.0,-21.256313,36.74368667602539,LOW RISK
40.00_48.40,0,12.31596851348877,14.281375885009766,1.433394193649292,3.0,58.0,-15.407623,42.592376708984375,MODERATE RISK
40.00_48.80,0,11.599641799926758,13.849874496459961,1.3987226486206055,3.0,58.0,-22.915499,35.08450126647949,LOW RISK
40.00_49.20,3,10.773632049560547,13.795467376708984,1.3558393716812134,3.0,58.0,-26.686924,31.31307601928711,LOW RISK
40.00_49.60,3,9.98620319366455,14.107678413391113,1.3184306621551514,3.0,38.0,-29.036747,8.963253021240234,SAFE
40.00_50.00,3,9.252228736877441,14.194523811340332,1.276459813117981,3.0,58.0,-21.93089,36.06911087036133,LOW RISK
40.00_50.40,3,8.445830345153809,14.319501876831055,1.2582117319107056,3.0,97.5,18.80608,100.0,EXTREME DANGER
40.00_50.80,3,8.420684814453125,14.572011947631836,1.2591240406036377,3.0,97.5,19.88532,100.0,EXTREME DANGER
40.00_51.20,3,8.39621353149414,14.802779197692871,1.2627737522125244,3.0,97.5,18.669052,100.0,EXTREME DANGER
40.00_51.60,3,8.434418678283691,15.024892807006836,1.2554744482040405,3.0,58.0,-19.355204,38.64479637145996,LOW RISK
40.00_52.00,3,8.48585319519043,15.00734806060791,1.2563868761062622,3.0,58.0,-17.796314,40.20368576049805,MODERATE RISK
40.00_52.40,3,8.476012229919434,14.792424201965332,1.2454379796981812,3.0,58.0,-16.989206,41.010793685913086,MODERATE RISK
40.00_52.80,3,8.582605361938477,14.466690063476562,1.231751799583435,3.0,80.0,-6.4221444,73.57785558700562,HIGH RISK
40.00_53.20,3,8.586288452148438,14.169021606445312,1.220802903175354,3.0,97.5,26.33942,100.0,EXTREME DANGER
40.00_53.60,0,8.81328010559082,14.536507606506348,1.2408759593963623,3.0,97.5,23.203117,100.0,EXTREME DANGER
40.00_54.00,0,8.988231658935547,14.352303504943848,1.2618613243103027,3.0,97.5,22.631138,100.0,EXTREME DANGER
40.00_54.40,0,9.24468994140625,13.487519264221191,1.2828466892242432,3.0,97.5,19.024399,100.0,EXTREME DANGER
40.00_54.80,0,9.753249168395996,13.43482780456543,1.3385035991668701,3.0,97.5,18.133757,100.0,EXTREME DANGER
40.00_55.20,0,10.16391372680664,14.434659004211426,1.3877737522125244,3.0,97.5,18.091488,100.0,EXTREME DANGER
40.00_55.60,0,10.905500411987305,14.438800811767578,1.4507299661636353,3.0,97.5,16.240986,100.0,EXTREME DANGER
40.00_56.00,0,11.163729667663574,14.150491714477539,1.4844890832901,3.0,97.5,18.893776,100.0,EXTREME DANGER
40.00_56.40,0,9.600546836853027,14.315829277038574,1.3248175382614136,3.0,97.5,16.239603,100.0,EXTREME DANGER
40.00_56.80,0,9.187700271606445,14.758048057556152,1.2937955856323242,3.0,97.5,15.416681,100.0,EXTREME DANGER
40.00_57.20,0,9.062575340270996,14.859003067016602,1.2883211374282837,3.0,97.5,17.19959,100.0,EXTREME DANGER
40.00_57.60,0,8.906299591064453,14.737882614135742,1.279197096824646,3.0,80.0,-6.332012,73.66798782348633,HIGH RISK
40.00_58.00,0,8.794520378112793,14.567461013793945,1.2819342613220215,3.0,80.0,-6.075482,73.92451810836792,HIGH RISK
40.00_58.40,0,8.525811195373535,14.43161392211914,1.2618613243103027,3.0,58.0,-26.981709,31.018291473388672,LOW RISK
40.00_58.80,0,8.341119766235352,14.297845840454102,1.25,3.0,58.0,-29.25422,28.74578094482422,LOW RISK
40.00_59.20,0,8.106378555297852,14.163346290588379,1.2344890832901,3.0,38.0,-33.571777,4.42822265625,SAFE
40.00_59.60,0,7.8972954750061035,13.978477478027344,1.2171533107757568,3.0,38.0,-32.22057,5.779430389404297,SAFE
40.00_60.00,0,7.647858619689941,13.876602172851562,1.194343090057373,3.0,38.0,-36.471107,1.5288925170898438,SAFE
40.00_60.40,0,7.476303577423096,13.823749542236328,1.1925182342529297,3.0,38.0,-35.064705,2.9352951049804688,SAFE
40.00_60.80,0,7.409220218658447,13.898579597473145,1.1897810697555542,3.0,38.0,-35.641674,2.358325958251953,SAFE
40.00_61.20,0,7.38197660446167,13.930197715759277,1.1888686418533325,3.0,38.0,-36.065277,1.934722900390625,SAFE
40.00_61.60,0,7.3669209480285645,13.995040893554688,1.1852189302444458,3.0,38.0,-34.112854,3.88714599609375,SAFE
40.00_62.00,0,7.349150657653809,14.156228065490723,1.176094889640808,3.0,58.0,-28.674522,29.325477600097656,LOW RISK
40.00_62.40,0,7.410996913909912,14.307324409484863,1.176094889640808,3.0,58.0,-27.531975,30.46802520751953,LOW RISK
40.00_62.80,0,7.5093183517456055,14.409303665161133,1.172445297241211,3.0,38.0,-32.380325,5.6196746826171875,SAFE
40.00_63.20,0,7.686713695526123,14.52081298828125,1.1779197454452515,3.0,38.0,-35.18154,2.8184585571289062,SAFE
40.00_63.60,0,7.907949924468994,14.722908020019531,1.183394193649292,3.0,58.0,-27.424385,30.57561492919922,LOW RISK
40.00_64.00,0,8.317473411560059,14.821650505065918,1.212591290473938,3.0,38.0,-31.990694,6.009305953979492,SAFE
