latitude,longitude,temp_mean,temp_std,temp_max,temp_min,pm25_mean,pm25_std,pm25_max,pm25_min,pm10_mean,pm10_std,pm10_max,pm10_min,epa_mean,epa_max,duaod550_mean,duaod550_std,node_id,epa_index,math_danger_score
25.2,44.0,23.431281651459877,8.872866986721263,41.71914000000004,3.9736599999999953,35.606125827828464,26.76810983867132,179.20556,4.568126,191.014418020073,168.93416558188298,1478.8709000000001,12.496336,2.8458029197080292,6,0.23517465784854016,0.17461533793942577,25.20_44.00,6,99.5
25.2,44.4,23.593384635036518,8.97788087700339,42.19033000000002,3.558300000000031,35.09825684990876,23.868786614259758,163.42520000000002,5.355123,181.1724180834854,141.58443696008524,1201.2495000000001,10.088788500000001,2.815693430656934,6,0.23657912291377736,0.17094725997792423,25.20_44.40,6,97.5
25.2,44.8,23.562008594890536,8.934921844959595,42.18398000000002,3.6774500000000216,34.714266897445256,21.76144064624103,158.81717,2.4520945000000003,178.28171913540146,127.47036242079913,948.0583999999999,2.4920064,2.822080291970803,6,0.23766552838677005,0.17106213118571514,25.20_44.80,6,97.5
25.2,45.2,23.510386806569365,9.08600842489574,42.23525000000001,2.9294000000000437,37.76703129680657,23.946629934377626,147.16092,1.2007152,213.49916545346716,163.49483608197522,1166.3581,1.416529,3.0875912408759123,6,0.24621413490164232,0.17705560850736615,25.20_45.20,6,99.5
25.2,45.6,23.513542718978123,9.085299374892431,42.271630000000016,2.901100000000042,39.148321281478104,24.696553131594793,164.60389999999998,5.64308,229.43418595164235,179.1567761114446,1340.5848,13.593645,3.190693430656934,6,0.2501653811770073,0.18259701385393337,25.20_45.60,6,99.5
25.2,45.99999999999999,23.347265027372288,8.906812480751624,41.98257000000001,3.1250200000000063,40.97078889279197,26.68759557962927,188.85670000000002,4.620721,249.061332229927,203.70469794290057,1537.0036,15.599535999999999,3.303832116788321,6,0.2504645022801095,0.1889058942762609,25.20_46.00,6,99.5
25.2,46.39999999999999,23.518932080291993,8.944524904954127,42.446680000000015,3.0478800000000206,48.51718457454379,34.70573660346987,236.52426,4.7389666,327.071203560219,295.96758018930444,1826.6363999999999,10.045826,3.6824817518248176,6,0.27961040380839414,0.21319249551694824,25.20_46.40,6,99.5
25.2,46.79999999999999,23.6771562682482,9.000980728386363,43.086569999999995,3.333030000000008,55.752642607755476,45.23386305745076,338.3965,2.5978741,425.9878471656022,441.0130104515333,2606.8233,4.1574735,3.875,6,0.30682788920072995,0.24902153693927517,25.20_46.80,6,99.5
25.2,47.19999999999999,23.469160830291994,9.124533475405686,43.43203,3.2324500000000285,40.43891357718978,24.43078710058817,166.44012999999998,4.567598,255.30395726459855,213.0375752135406,1397.6678000000002,9.72972,3.333029197080292,6,0.2690019751970803,0.20505958027853943,25.20_47.20,6,99.5
25.2,47.59999999999999,23.502735145985426,9.334449786103955,44.359770000000026,3.1328400000000443,36.22959981916058,18.51754551794941,124.42317999999999,4.8597535,197.25510276322993,139.8207579727028,882.49595,9.28336,3.0410583941605838,6,0.2497812456240876,0.17957885855993316,25.20_47.60,6,99.5
25.2,47.99999999999999,23.73322068430659,9.338807853781029,44.89004,3.6875200000000063,57.24383195027372,34.58792913506118,286.2644,8.205841,403.30576336040144,411.5994964697847,3236.3361999999997,15.649976,3.9817518248175183,6,0.28090537628740875,0.19347626969179432,25.20_48.00,6,99.5
25.2,48.399999999999984,24.08727307481754,9.274653981224061,45.0668,4.270530000000008,52.28238866459854,34.555947632849346,289.3696,7.490055000000001,347.9471596322993,363.0999894186179,3011.2103,12.3638,3.721715328467153,6,0.2750135781158759,0.19381707682904925,25.20_48.40,6,99.5
25.2,48.79999999999998,24.194732198905132,9.166579413190115,45.10366000000005,4.569360000000017,45.53637421660584,25.63832274445649,222.91881,9.151577000000001,250.21849727281025,244.50980912551773,2151.4538000000002,18.877316,3.3649635036496353,6,0.25147688492655107,0.1822710081030019,25.20_48.80,6,99.5
25.2,49.19999999999998,24.38588326642338,9.197852569985994,45.59340000000003,5.014670000000024,44.63347036998175,21.714192729389215,192.31,9.163604,194.60521807755475,177.04663769051697,1616.9129,20.559213,3.1496350364963503,6,0.23241530329105842,0.17088653908557064,25.20_49.20,6,99.5
25.2,49.59999999999998,24.53096114051097,9.354387024720987,45.83853000000005,5.077750000000037,40.36494871432482,18.544537978138532,165.59592,4.3239132,142.94839183895985,112.45667249892416,1148.9266,4.4890225,2.77007299270073,6,0.21375452206934306,0.1554978389356926,25.20_49.60,6,97.5
25.2,49.99999999999998,24.52786057481754,9.135201827687165,45.4203,4.833600000000047,36.85539691405109,16.605843473680828,156.64334,4.8068833,111.5590516910584,84.01170143475416,959.2764999999999,5.924830399999999,2.571167883211679,6,0.1976534807814781,0.14640958649115315,25.20_50.00,6,97.5
25.2,50.39999999999998,24.827287582116814,7.502971610304696,43.06655000000001,9.265250000000037,40.07191450638686,16.512142388648964,143.06810000000002,10.2119495,111.36877723996349,81.2587237628215,840.6148599999999,19.107159999999997,2.7062043795620436,6,0.1917943085497263,0.14510921094926263,25.20_50.40,6,97.5
25.2,50.799999999999976,25.54049565693433,7.241568727115147,42.65566000000001,10.337500000000034,44.99109337363139,18.30272469691738,190.10199,11.6702505,158.86345142427007,141.79290212691458,1517.3656,22.409153999999997,3.0875912408759123,6,0.19365928706295618,0.150118502297914,25.20_50.80,6,99.5
25.2,51.19999999999997,26.199332445255497,8.785464001428402,46.728170000000034,7.405850000000044,42.792406275091246,20.385106824809906,153.23586,8.843328,172.4888379187956,173.59212192284184,1091.8946999999998,17.643123,3.045620437956204,6,0.1907878956254562,0.1486879913546918,25.20_51.20,6,99.5
25.2,51.59999999999997,25.783236970802943,6.313592944913783,40.97427000000005,13.09005000000002,36.60346867837592,14.374977503606939,123.04915,8.912051,111.5993864479927,76.76109659559958,643.0554999999999,15.19806,2.5903284671532845,6,0.17366153933476278,0.13862203652639676,25.20_51.60,6,97.5
25.2,51.99999999999997,25.700674753649658,5.156553849167274,36.70767000000001,15.658400000000029,33.634327836678835,14.802616826189805,122.79199,6.233176,90.40019228284672,66.16600322249054,619.87225,10.485871000000001,2.4306569343065694,6,0.1615956045515511,0.1327042224080518,25.20_52.00,6,97.5
25.2,52.39999999999997,25.8726916332117,4.913834305641766,35.96720000000005,16.518580000000043,36.44367041970803,16.13944669261296,137.62734,7.986843,92.49317611724453,63.57694819636875,599.3096,12.127821,2.5437956204379564,6,0.15389076935319343,0.12750136410746443,25.20_52.40,6,97.5
25.2,52.79999999999997,26.08328144160586,4.777886399946303,36.87197000000003,16.689480000000003,50.451393488047444,34.86817335531565,257.9048,8.220979999999999,104.7382283239051,68.76969611758228,540.5244,13.266018,2.927919708029197,6,0.14694495383184306,0.12145094078033777,25.20_52.80,6,97.5
25.2,53.19999999999997,26.225019489051117,4.597755437726443,36.53750000000002,16.854520000000036,39.92915550739051,19.460477276877835,161.33654,6.4313435000000005,93.23582943430657,57.2561727496656,451.73218,13.704590999999999,2.646897810218978,6,0.14148455517919709,0.11720034319746439,25.20_53.20,6,97.5
25.2,53.599999999999966,26.372030556569367,4.54233276648802,36.21230000000003,16.81057000000004,33.769288264689784,13.738353026621397,99.533636,6.0414544,84.73837479698905,53.07389169575687,425.94914,13.005277,2.43521897810219,6,0.13811448506076643,0.11620091302622794,25.20_53.60,6,97.5
25.2,53.999999999999964,26.405626587591264,4.440418830122628,35.31655000000001,17.022500000000036,33.24010309032847,14.147894889283416,90.658986,5.9286123,83.82732839917882,53.10543118726912,413.9921,8.873318,2.4124087591240877,5,0.13570572880967152,0.11559694083041287,25.20_54.00,5,80.0
25.2,54.39999999999996,26.40660595802922,4.406297788508999,35.55337000000003,17.150400000000047,34.02317021660584,13.238009034383612,81.31821,4.817921999999999,84.08825641833941,52.70005054731333,365.86424999999997,6.2171215,2.460766423357664,5,0.1335784265685219,0.11417792011700093,25.20_54.40,5,80.0
25.2,54.79999999999996,26.37134015510951,4.381176917931714,37.30508000000003,17.382840000000044,33.17096059972628,12.557489174062622,77.88832,2.193411,81.20859678604015,50.63474080965533,368.15152,5.047284,2.3987226277372264,5,0.1317134048288321,0.11211863350520498,25.20_54.80,5,80.0
25.2,55.19999999999996,26.027075583941627,5.104745564507419,39.87148000000002,15.053120000000035,38.78520746368613,13.689717362186625,87.6648,3.277408,81.99943672335768,49.17436537545765,345.5615,6.7643313,2.6614963503649633,4,0.13020074163321166,0.10991172106854352,25.20_55.20,4,58.0
25.2,55.59999999999996,26.050534680656956,8.068332018962781,45.487450000000024,10.560200000000009,38.64065110346715,13.255867720695528,84.12037,3.4285759000000002,105.70245904927008,69.32238761008072,523.05836,6.489323,2.6998175182481754,6,0.13184068705757299,0.10533613330845228,25.20_55.60,6,97.5
25.2,55.99999999999996,25.85411260036499,8.332581125570854,44.66494,10.01090000000005,36.157365314324814,14.210220587718593,102.75802,3.8895329999999997,126.91139139635035,107.70196994231245,678.5191,7.281969699999999,2.70985401459854,6,0.1325923516656022,0.10413193233225519,25.20_56.00,6,97.5
25.2,56.39999999999996,26.116345410583964,5.461819846927269,38.37856000000005,14.318720000000042,34.14134746268248,12.122688616065947,81.18177,7.2489446,84.05886102372263,48.47106800143897,470.4769,10.239533,2.447992700729927,6,0.12438350231532846,0.10035299896628044,25.20_56.40,6,97.5
25.2,56.79999999999996,26.227371660583962,3.2039173850605063,34.55435,18.29104000000001,31.395963197445255,11.357626093457792,75.457336,6.3775634,74.94733815875912,41.81349656008831,410.77342,12.067218,2.3074817518248176,5,0.1227107367819343,0.09548441840726848,25.20_56.80,5,80.0
25.2,57.19999999999995,26.29896241788323,3.1584698632873467,33.6481,17.83462000000003,28.99039299790146,11.07335812612081,82.100584,6.558368,71.61381057116789,40.61351985517551,384.45986999999997,11.753102,2.2135036496350367,5,0.11908509612864965,0.09154003433386318,25.20_57.20,5,80.0
25.2,57.59999999999995,26.261659270073014,3.163120108480326,33.06510000000003,17.032370000000014,27.29980555082117,10.860993613035753,81.88147000000001,5.9851217000000005,68.07044667509125,40.016333217325226,373.23204,10.247206,2.1541970802919708,5,0.11628199296186131,0.0900704149109928,25.20_57.60,5,80.0
25.2,57.99999999999995,26.063067691605863,3.0539166000897513,32.34585000000004,16.535799999999995,26.2236883439781,10.582827089954517,80.47225999999999,5.2716684,65.67758457618613,39.309638362777896,365.59092,8.395817000000001,2.1149635036496353,5,0.11354425173494526,0.08876272248518674,25.20_58.00,5,80.0
25.2,58.39999999999995,25.967244124087614,2.9052719452387765,32.360000000000014,16.06606000000005,25.1334952459854,10.107097292906504,77.84021,3.2494556,63.449109806113135,38.33927449671222,350.7,5.410909999999999,2.06478102189781,4,0.11173304340948904,0.08773883436300783,25.20_58.40,4,58.0
25.2,58.79999999999995,25.790910757299294,2.718967719366284,32.18276000000003,15.638329999999996,24.266826511496348,9.622871043287054,73.45582,3.7907473000000005,61.09864874872263,36.804850330369874,328.01935000000003,5.3660036,2.041970802919708,4,0.1095212982044708,0.08598580984977372,25.20_58.80,4,58.0
25.2,59.199999999999946,25.777383366788342,3.3850574252680476,33.805319999999995,13.793600000000026,23.37531986560219,9.207875581274685,71.767644,4.529498599999999,58.29969728923358,34.57088397665766,297.17019999999997,6.714557,2.0036496350364965,4,0.10691348153001824,0.08356992879210433,25.20_59.20,4,58.0
25.2,59.599999999999945,25.593142782846737,3.5481433469436827,34.30142000000001,13.512350000000026,22.916756623266423,8.973755952570995,79.212924,3.2836287,56.758984019160586,33.19285057466482,269.01668,6.596977000000001,1.9726277372262773,4,0.10466524341541972,0.08198589689167321,25.20_59.60,4,58.0
25.2,59.99999999999994,25.665450246350385,3.424239902717425,34.35513000000003,13.932280000000048,22.540891025821168,8.826493983356825,77.39649,2.8123968,56.3722083439781,34.28475418107695,299.74416,4.327333,1.9580291970802919,4,0.10385779110985402,0.08135665613637165,25.20_60.00,4,58.0
25.2,60.39999999999994,25.50963569343068,3.5002056618675836,34.665670000000034,13.913720000000012,20.62001680082117,8.16997888880091,61.53141,1.8315636,53.21600885693431,35.644242149839044,395.75298,2.6097526,1.8868613138686132,5,0.10492335333211679,0.0822749500768112,25.20_60.40,5,80.0
25.2,60.79999999999994,25.23803792883214,3.4781460210847066,34.23403000000002,14.06265000000002,20.17404346742701,7.869375775641016,61.398770000000006,4.0335237,52.90578644361314,35.595618895195344,384.44404000000003,5.033471,1.8795620437956204,5,0.10665693937536495,0.08410742064671885,25.20_60.80,5,80.0
25.2,61.19999999999994,25.03490072080294,3.337987058326227,33.367819999999995,13.794100000000014,22.804086997901457,11.362334329359905,79.457685,3.6662906,84.7567648564781,81.73147939721433,607.7307,4.059877800000001,2.0875912408759123,6,0.11423439747874088,0.09011578633509842,25.20_61.20,6,97.5
25.2,61.59999999999994,25.283500209854036,4.238679043227323,35.53286000000003,11.976220000000012,22.657255624635038,12.266755586828664,83.74099,4.5240833,89.6816983158759,94.27189917213597,636.46155,5.8646590000000005,2.1012773722627736,6,0.11654904775702556,0.092732335826956,25.20_61.60,6,97.5
25.2,61.999999999999936,25.66783583941608,5.288566881055482,39.17837000000003,11.12954000000002,22.23534205228102,11.20422219429505,90.63611399999999,3.3812586,89.77183448175182,85.3287161608815,798.4279,7.004249000000001,2.093065693430657,6,0.12089440255319345,0.09827923257005941,25.20_62.00,6,97.5
25.2,62.399999999999935,25.072600583941625,3.4940155079176387,34.610000000000014,12.564600000000041,23.645378273448905,11.575554971194672,103.55794999999999,3.6918957,96.40159121259124,87.98481406695296,635.8111,7.02062,2.156021897810219,6,0.12464510056569343,0.1014875204223489,25.20_62.40,6,97.5
25.2,62.79999999999993,24.9245412682482,3.338776324537639,33.83364,12.08462000000003,21.72941202828467,11.151896088521022,97.70427,3.3190169999999997,71.82931202728102,72.48355424708895,556.6693,6.919439,2.0136861313868613,6,0.12677778889224453,0.10386124572998862,25.20_62.80,6,97.5
25.2,63.19999999999993,24.99861031934309,3.437137435978431,34.05728000000005,11.600240000000042,22.90005860930657,13.602900057088531,109.115,3.0523930000000004,79.79797635237226,90.58278700119301,713.5446000000001,6.9193726,2.0802919708029197,6,0.13505342027226278,0.11372052721496846,25.20_63.20,6,97.5
25.2,63.59999999999993,25.09615640510951,3.362483189304525,34.45864,11.701800000000048,23.729697062591242,15.927252471983364,133.18804,2.8843923,82.05367657801095,108.94386003459863,1002.6538,6.4239822,2.1094890510948905,6,0.13937344268485402,0.12646825523200217,25.20_63.60,6,97.5
25.2,64.0,25.18212580291973,3.4002493654145343,34.669579999999996,11.80435,23.037098239324816,14.45098961710886,117.3434,2.6622198,76.08616812025548,94.46627888184004,932.188,7.0712773,2.065693430656934,6,0.1316774808109489,0.11811122037513548,25.20_64.00,6,97.5
25.60000000000005,44.0,23.50336561131389,9.081524677482749,42.553120000000035,3.7578400000000443,33.52160610136861,22.75991385507895,166.69844,5.927491,169.3242422609489,134.2587169564361,1284.1288,13.673734,2.6952554744525545,6,0.23375045693750002,0.1737840211265661,25.60_44.00,6,97.5
25.60000000000005,44.4,23.534685784671556,9.144022299465737,42.34512000000001,3.423850000000016,34.02191869160584,22.497533416179753,149.96742,3.287483,172.47747317335768,131.17384979793079,1083.3751,11.24492,2.75,6,0.23428417229698903,0.17162183799522535,25.60_44.40,6,97.5
25.60000000000005,44.8,23.49616936131389,9.069057939211934,42.36953,3.244169999999997,35.4424957915146,22.778641111308755,149.19662,1.3042303,190.52968502618612,146.4747553215743,1157.1286,2.8083327,2.896897810218978,6,0.23746735116395987,0.17193880932677785,25.60_44.80,6,97.5
25.60000000000005,45.2,23.367139151459877,8.936191591405361,42.089,3.173850000000016,38.4310435560584,24.681630694786236,187.79550999999998,0.91504854,227.195668532573,178.77912242555135,1276.8484,1.1091198,3.1432481751824817,6,0.24473912386514599,0.17502164564137299,25.60_45.20,6,99.5
25.60000000000005,45.6,23.443434297445275,8.949709073795363,42.43276000000003,3.119169999999997,38.58384869543796,23.855992838236524,175.43537,2.1309576,226.86731169434304,171.66564615124014,1196.7467,9.906287,3.1551094890510947,6,0.2497510821961679,0.1788111911557701,25.60_45.60,6,99.5
25.60000000000005,45.99999999999999,23.514630538321192,9.058322290780717,42.88100000000003,2.864280000000008,40.071060172171535,25.240127679153577,182.18424000000002,5.411829,246.76013952828467,197.09985113539602,1408.1580000000001,12.622252,3.3056569343065694,6,0.25605069222445254,0.1846396594279345,25.60_46.00,6,99.5
25.60000000000005,46.39999999999999,23.455426925182504,9.13758107396025,43.121730000000014,2.616240000000005,46.06585514990876,32.599799243838895,198.63107,3.529957,313.9777638284671,282.5769117844255,1866.2683,6.08384,3.6012773722627736,6,0.2726938853658759,0.19704089622955595,25.60_46.40,6,99.5
25.60000000000005,46.79999999999999,23.313840866788343,9.140997431527689,43.22524000000004,2.496120000000019,45.07807805593066,30.427605958462905,203.21959,4.706189,301.75878999543795,257.04860224097257,1551.5453,9.985459,3.6122262773722627,6,0.2797729231286496,0.20779454805175634,25.60_46.80,6,99.5
25.60000000000005,47.19999999999999,23.374099160583963,9.254447428649083,43.721100000000035,2.689480000000003,41.01093608987226,24.878036639904888,152.529,5.1044426000000005,268.03504210036493,222.3919526696424,1429.202,12.496316,3.437956204379562,6,0.2736728295702555,0.19679508776690283,25.60_47.20,6,99.5
25.60000000000005,47.59999999999999,23.605874571167906,9.328277766016614,44.66348000000005,3.251980000000003,39.42753199160584,22.280322004072104,153.78086,5.1296100000000004,246.33174553558393,203.15338703353586,1683.7938000000001,10.90798,3.3476277372262775,6,0.26195037968248175,0.1840573591825452,25.60_47.60,6,99.5
25.60000000000005,47.99999999999999,23.783899844890534,9.267195627245616,45.102930000000015,3.6992400000000316,50.07622628001825,33.64876593261283,236.09674,5.9703207,358.8029171779197,365.563927302665,2757.5843,13.339763,3.783759124087591,6,0.27488685661952555,0.18778505819079164,25.60_48.00,6,99.5
25.60000000000005,48.399999999999984,23.992265702554768,9.291996229846069,45.29824000000002,3.943900000000042,48.930807120437954,31.518811935274258,213.82236,6.687102,320.6208958800182,317.15009156312345,2366.4547000000002,11.1799405,3.6350364963503647,6,0.27812994485994524,0.19400465132996056,25.60_48.40,6,99.5
25.60000000000005,48.79999999999998,24.12594122262776,9.286547756607106,45.543600000000026,4.215400000000045,46.10348250474453,26.321673056937584,184.61803,7.1514337,253.809169020073,238.52396573903846,1791.5140000000001,9.362365,3.416970802919708,6,0.2663040059060219,0.1911549773511582,25.60_48.80,6,99.5
25.60000000000005,49.19999999999998,24.35473720802922,9.278024703340648,46.001599999999996,4.76812000000001,46.754218389781016,24.0822456257605,201.62024,7.324094700000001,220.05441246897811,200.69185076745663,1730.5988,7.991941000000001,3.271897810218978,6,0.24780838813822995,0.17696367494613904,25.60_49.20,6,99.5
25.60000000000005,49.59999999999998,24.72592659671535,9.171648517471919,46.00600000000003,5.624630000000025,44.12712512974453,19.608991783147488,181.50813,6.5521752,161.84594551779196,125.12757760633104,1242.615,6.6780625,2.9981751824817517,6,0.22464867058941607,0.1608887223905242,25.60_49.60,6,99.5
25.60000000000005,49.99999999999998,24.782275675182504,8.854550084272546,45.71792000000005,5.79260000000005,39.40450269114964,17.439310522256996,171.44215,6.1321449999999995,119.34025663020073,91.9076385897616,1102.2105999999999,6.2757817000000005,2.6742700729927007,6,0.20600228714142335,0.15147592209341718,25.60_50.00,6,97.5
25.60000000000005,50.39999999999998,24.874591240875937,6.863806409476146,42.012350000000026,10.53185000000002,38.72348137773723,16.76105850118189,158.43999,6.342679,110.8783088968978,82.76922459618224,894.9007,8.029913,2.6094890510948905,6,0.19488066432481752,0.14796415755631687,25.60_50.40,6,97.5
25.60000000000005,50.799999999999976,25.752521405109512,6.813967240537239,41.72476,11.968350000000044,40.19973075958029,16.851141974790135,148.40184000000002,8.49023,132.28711894936131,104.76362226981333,994.2625,13.658728,2.7572992700729926,6,0.19106117248403284,0.14762354893476298,25.60_50.80,6,97.5
25.60000000000005,51.19999999999997,26.113239525547467,8.430615258860197,46.6481,8.270100000000014,35.74102422718978,14.805179061380835,117.44869,7.996943000000001,115.72657285036496,87.11088100333608,666.4151999999999,10.4722,2.5894160583941606,6,0.1801661576551095,0.1420901325217885,25.60_51.20,6,97.5
25.60000000000005,51.59999999999997,25.538453850364988,6.042233126308535,40.18203,13.832240000000013,33.15937532007299,14.330428012921455,128.27701,5.705956,87.41333982636861,60.28770138377423,615.6472,6.8353017,2.4005474452554743,6,0.16804020049854015,0.1369442978687571,25.60_51.60,6,97.5
25.60000000000005,51.99999999999997,25.706531824817542,4.9922966312105075,36.75600000000003,16.26272,35.67194266925183,14.308735648134027,128.72719999999998,7.714885,93.80396203467153,63.50266345513978,654.8951,12.140352,2.5264598540145986,6,0.1608631522406022,0.13544470470141387,25.60_52.00,6,97.5
25.60000000000005,52.39999999999997,25.87004565693433,4.7681196257652205,36.34340000000003,16.568380000000047,39.01527077189781,15.11825732062904,121.50899,10.076398,96.71782167062044,61.18437866004792,609.0596,15.31943,2.666970802919708,6,0.1533374871410584,0.13076677020575195,25.60_52.40,6,97.5
25.60000000000005,52.79999999999997,26.09213878649637,4.625614868747146,36.61343000000005,16.595730000000003,37.44890737910584,14.393012559811424,100.56057,9.042608,92.74928081660585,56.536464621228035,478.26494999999994,15.838978000000001,2.5985401459854014,6,0.1459970788029197,0.12508160826518233,25.60_52.80,6,97.5
25.60000000000005,53.19999999999997,26.193601359489072,4.464867242818168,36.14028000000002,16.71780000000001,34.8025802665146,13.059648703734734,93.32708,6.9611557,87.70309989735401,52.38994725531604,414.11047,10.7332365,2.4589416058394162,5,0.14028533152171532,0.11975854682002511,25.60_53.20,5,80.0
25.60000000000005,53.599999999999966,26.33742955291973,4.413830620575018,35.945460000000026,16.771500000000003,33.88009882034672,12.571849485533406,88.50775399999999,6.686104599999999,85.3101559260949,50.80668072197257,391.40357,12.092249,2.4096715328467155,5,0.1365412300029197,0.11686967116628023,25.60_53.60,5,80.0
25.60000000000005,53.999999999999964,26.38337725364966,4.304576462910391,35.258939999999996,17.10354000000001,33.64823273540146,12.399286325815812,83.95165,6.878949,84.16247529014599,49.77350708097648,362.40182999999996,9.849075000000001,2.4005474452554743,5,0.1337395770763686,0.11531595247149604,25.60_54.00,5,80.0
25.60000000000005,54.39999999999996,26.481403968978125,4.348912854625911,35.73452000000003,17.10354000000001,34.887776599087594,12.763949692315553,83.22281,4.627626,84.00771071350364,49.70740093161305,349.1847,6.038081600000001,2.4981751824817517,4,0.13134413098156936,0.11363604856347422,25.60_54.40,4,58.0
25.60000000000005,54.79999999999996,26.49380731751827,4.203934291128019,34.884420000000034,17.4092,31.880116492427003,12.109673785864041,79.25751,3.4220324,79.15375893239052,47.462576462192345,432.335,4.9446247,2.3485401459854014,6,0.12913966074452554,0.11204508626066731,25.60_54.80,6,97.5
25.60000000000005,55.19999999999996,26.289338357664256,4.666042859651478,36.81753000000003,16.773830000000032,33.50699436167883,12.095452728182028,81.23505,4.004322,76.23147081113139,43.20776680035005,380.03884,4.4514510000000005,2.4133211678832116,5,0.12741498102427007,0.1091485358454246,25.60_55.20,5,80.0
25.60000000000005,55.59999999999996,26.182866706204404,5.928614982545861,40.11294000000004,14.181300000000022,39.4478584069343,15.247329185598694,92.9473,6.5564354,76.94139177554744,39.23146883260735,324.92936999999995,8.871823,2.6660583941605838,4,0.12454390105310219,0.10491273285069586,25.60_55.60,4,58.0
25.60000000000005,55.99999999999996,25.684460720802942,6.15905668212071,39.01113000000004,13.257470000000012,32.82095813366789,11.993823407169007,85.430415,5.355228299999999,87.71784845465329,53.14399686883156,312.58654,7.3797968,2.3850364963503647,4,0.1216776468180657,0.09858514806406946,25.60_56.00,4,58.0
25.60000000000005,56.39999999999996,25.7117751642336,5.523444010050875,37.65322000000003,13.778470000000027,28.19125876031022,10.485844523086405,73.33698,3.7722527,72.41987720109489,42.78701529293948,447.68618000000004,6.7009744,2.1751824817518246,6,0.1155903587926095,0.09367340124428787,25.60_56.40,6,97.5
25.60000000000005,56.79999999999996,25.85919801094893,3.21065644964574,32.33170000000001,18.037260000000003,28.205778014324817,10.736983072656434,78.91342999999999,3.7765506,67.67166168385036,38.77127594703282,344.95648,7.252581,2.1943430656934306,4,0.11563637223494526,0.09121474696606012,25.60_56.80,4,58.0
25.60000000000005,57.19999999999995,25.910651386861336,3.2289209816870468,32.407129999999995,16.728170000000034,26.30121473421533,10.57718412073589,73.69153999999999,4.2245745,64.95689313549269,37.276057424451196,293.9582,7.0473765,2.1067518248175183,4,0.11516424083877738,0.08927318978040624,25.60_57.20,4,58.0
25.60000000000005,57.59999999999995,25.855636614963526,3.3638511023248343,32.24404000000004,15.421530000000018,23.60645677417883,10.423601031202471,75.05945,3.038345,59.628563766697084,37.02471572714635,269.97458,4.3864263,2.0072992700729926,4,0.11265008984945256,0.08774995749250192,25.60_57.60,4,58.0
25.60000000000005,57.99999999999995,25.692514844890535,4.800957079355758,36.70010000000002,12.27896000000004,21.417206868065694,9.374525466540366,65.32554,2.6247742,55.49559349543795,35.101232472645364,242.83935,4.0974872,1.9005474452554745,4,0.10808156390903285,0.0847017017068323,25.60_58.00,4,58.0
25.60000000000005,58.39999999999995,25.515726313868637,4.553223263425862,36.009900000000016,12.202780000000018,20.370505277828467,8.828169191925875,60.098245,1.1735624,53.374052276003646,34.242026037699546,239.64212999999998,1.1768707999999999,1.8558394160583942,4,0.10598037892682483,0.08377042168684737,25.60_58.40,4,58.0
25.60000000000005,58.79999999999995,25.44109709854017,4.92931607242913,36.49233000000004,12.208640000000003,19.775245928467154,8.618394232724148,64.265265,1.1415169,51.61839782116788,34.12361013739178,281.98275,1.3446726,1.8567518248175183,4,0.10373071384543796,0.08200621306987439,25.60_58.80,4,58.0
25.60000000000005,59.199999999999946,25.75709929744528,7.196025131713148,41.79850000000005,7.239400000000046,18.609389844708026,8.424591546610612,68.1969,1.3500185,49.199198182937955,35.069171098429074,258.63605,1.6079713,1.8056569343065694,4,0.10077188033421533,0.07957953124296967,25.60_59.20,4,58.0
25.60000000000005,59.599999999999945,25.74803532846718,7.95446619705665,44.44473000000005,4.839470000000006,18.22604737609489,8.24808132368313,70.76871,1.7539763,48.95333370428832,33.82817932119545,276.58982,2.1557145,1.8147810218978102,4,0.09769567773631387,0.0777308102165026,25.60_59.60,4,58.0
25.60000000000005,59.99999999999994,25.66640345802922,7.769828204302248,45.908600000000035,4.749630000000025,17.84566896669708,7.9214823744283915,64.86786000000001,0.9732937,47.41788053038321,32.9870664010046,272.69854,1.14731,1.7974452554744527,4,0.09621093190054744,0.07618423435477424,25.60_60.00,4,58.0
25.60000000000005,60.39999999999994,25.64043319343068,7.88358944217585,45.75723000000005,4.1510000000000105,18.022080232572993,7.806135063229806,59.10273,1.942124,48.42898098795621,34.922954175285085,363.1734,2.9067027,1.7919708029197081,5,0.09799483363312045,0.07728131668145188,25.60_60.40,5,80.0
25.60000000000005,60.79999999999994,25.510294333941626,7.775553740587165,44.47598000000005,3.9527500000000373,20.353479220072995,9.815424700724257,66.4078,1.5351469,76.18732704790146,68.63307310528725,425.77787,2.0862028,1.9726277372262773,6,0.10752434824917884,0.08483959731573192,25.60_60.80,6,97.5
25.60000000000005,61.19999999999994,25.4623764872263,7.643183454385303,44.85098000000005,5.371700000000033,28.796955473448907,23.11036260787403,183.34433,1.8233857,165.92082301350365,225.8200971999844,1680.0682000000002,2.9720506,2.635948905109489,6,0.12911821411952554,0.10440854738723129,25.60_61.20,6,97.5
25.60000000000005,61.59999999999994,25.62443113138688,7.437044729729434,44.407129999999995,7.871730000000014,32.099085520620434,29.847763865857356,219.7742,2.3431477,193.21660396304745,280.2069407352076,1884.6595,4.2800177,2.707116788321168,6,0.13977267704689783,0.11817712381626362,25.60_61.60,6,97.5
25.60000000000005,61.999999999999936,25.736569635036517,7.6632541017908515,45.57412000000005,7.964260000000024,27.892494181113136,19.76491810732485,148.4413,3.7080576,151.42616032554744,175.52925558149505,1195.1000999999999,6.2006773,2.5875912408759123,6,0.13945680882965328,0.11924099225540172,25.60_62.00,6,97.5
25.60000000000005,62.399999999999935,25.54328683394163,7.6901569586227545,45.496730000000014,7.910550000000001,32.965073854835765,26.528241358887804,192.66145,2.1745459,196.126034665146,237.1566548339657,1519.6491,5.534733,2.8302919708029197,6,0.15401315498558393,0.1348409074055232,25.60_62.40,6,97.5
25.60000000000005,62.79999999999993,25.401322016423382,7.79736618461292,45.87954000000002,6.412680000000023,27.65063633640511,20.56518945784557,177.24611,1.927206,133.19279503868614,148.49214257370116,1151.6172000000001,5.375799,2.3996350364963503,6,0.15074481038932483,0.12894686889321016,25.60_62.80,6,97.5
25.60000000000005,63.19999999999993,25.11380702554747,7.615653463216773,45.69595000000004,3.8619000000000483,26.036497977372264,20.238848025069643,168.33603000000002,1.8797843,113.67052733339416,141.37288678577448,936.6964399999999,5.1663499999999996,2.2992700729927007,6,0.149540603415146,0.12851777019742236,25.60_63.20,6,97.5
25.60000000000005,63.59999999999993,25.13866247262776,7.419673813973332,45.512350000000026,2.6089699999999993,26.401177611770073,22.575834812981164,163.26758999999998,1.8485347,114.56590394799271,159.9613364761372,1234.9697,5.21947,2.270985401459854,6,0.15568961866943432,0.14345375537295943,25.60_63.60,6,97.5
25.60000000000005,64.0,24.493201843065716,7.305941187908402,44.87856000000005,2.354430000000036,22.891827106843067,17.846239363210355,141.30275,2.4287639000000003,88.3721427109489,119.0606325805082,1130.5824,4.8919384,2.0921532846715327,6,0.1389281073939781,0.1290651901732446,25.60_64.00,6,97.5
26.00000000000005,44.0,23.45446807481754,9.253762481854038,42.80800000000005,3.370140000000049,35.30857876760949,22.238736009267264,172.31955,1.2829282000000002,186.0205703759124,138.20512690711175,1349.4641,7.116609,2.8585766423357666,6,0.23652432567791967,0.17401766067723964,26.00_44.00,6,97.5
26.00000000000005,44.4,23.445110711678854,9.252000101786967,42.571439999999996,2.9131000000000427,33.43244315784671,21.154180696357823,132.98563000000001,0.6170928,167.83443685328467,126.01197422472809,979.4496,0.6203159,2.730839416058394,6,0.2334379380935219,0.1705211802726207,26.00_44.40,6,97.5
26.00000000000005,44.8,23.440305191605862,9.046091592472571,42.35000000000002,2.8779499999999985,38.90354020428832,27.212944045794806,164.80055000000002,1.7147535,230.43177941113137,199.0506332688149,1405.0025,7.3865016,3.1541970802919708,6,0.24060847004151462,0.17369470800792322,26.00_44.80,6,99.5
26.00000000000005,45.2,23.278611231751846,8.914589820289976,42.05020000000002,2.719750000000033,41.076094743065696,28.628338253295272,189.32211,3.219555,258.9826215492701,222.59045669429656,1415.9859999999999,8.601234,3.321167883211679,6,0.24666177335766423,0.1750435105867831,26.00_45.20,6,99.5
26.00000000000005,45.6,23.165722591240897,8.98049394691745,42.26528000000002,2.3057000000000016,38.229485851277374,24.817034463936928,193.40877,4.550013,233.3279518649635,188.09958489256027,1207.7825,11.275177,3.184306569343066,6,0.24658817339598538,0.17708237053539383,26.00_45.60,6,99.5
26.00000000000005,45.99999999999999,23.252701140510972,9.086133452904667,42.89614,2.1875200000000063,38.841463319616786,25.891123736000193,204.53267,4.2467239999999995,242.15093683120438,205.78393132367572,1450.1052,9.506667,3.227189781021898,6,0.2513206813020073,0.18239240474929663,26.00_46.00,6,99.5
26.00000000000005,46.39999999999999,23.23790698905112,9.178422154799241,43.342430000000036,1.9912400000000048,37.60112936076642,24.22586440132313,174.73442,5.44121,218.81514095346716,171.6380631343579,1170.601,11.992486,3.1085766423357666,6,0.25143160713503654,0.18973339250897883,26.00_46.40,6,99.5
26.00000000000005,46.79999999999999,23.178990766423382,9.214063398225369,43.52603000000005,1.9805000000000064,43.394027577554745,29.57609073569429,191.85835,5.2246394,294.75865833941606,260.36802404972315,1518.5868,13.295691999999999,3.5410583941605838,6,0.26790490079562046,0.1985415281119268,26.00_46.80,6,99.5
26.00000000000005,47.19999999999999,23.443483895985423,9.211562212424758,43.990620000000035,2.619169999999997,49.22190417372263,36.50152743538695,232.8026,4.4040465,378.98233576596715,390.1728145097735,2701.9048,12.531134999999999,3.79014598540146,6,0.28360128372080295,0.20112851966972028,26.00_47.20,6,99.5
26.00000000000005,47.59999999999999,23.736983120437976,9.255972619893985,44.95254,3.314480000000003,42.28574019826642,26.818177626585502,185.16073,3.9091110000000002,282.71008273585767,261.13993796459096,2010.6434000000002,9.824408,3.4753649635036497,6,0.26923157587499996,0.19246591456820913,26.00_47.60,6,99.5
26.00000000000005,47.99999999999999,23.764261423357688,9.387284443683724,45.502340000000004,3.2978800000000206,44.171834197080294,27.506732996575376,198.1772,4.060204,288.4466975196168,263.7839244676623,1808.0292,10.478265,3.520985401459854,6,0.27413480360948905,0.19387797437615867,26.00_48.00,6,99.5
26.00000000000005,48.399999999999984,23.891598485401484,9.387760280844365,45.51113000000004,3.637260000000026,51.1353016089416,34.11698177149524,212.78155999999998,5.306553,340.56811341879563,338.53464916460933,2273.1675999999998,10.127769,3.70985401459854,6,0.29403415108850367,0.20776971808170883,26.00_48.40,6,99.5
26.00000000000005,48.79999999999998,24.08254750000002,9.516402589694422,46.137350000000026,3.5199200000000133,54.97715591788321,38.692334904016036,273.50534999999996,5.90291,347.46233299817516,377.1240824770765,2742.6743,13.934957,3.7253649635036497,6,0.296654904814781,0.21504143520538288,26.00_48.80,6,99.5
26.00000000000005,49.19999999999998,24.43246429744528,9.315354476371661,46.312160000000006,4.180300000000045,49.39007082390511,30.804605711012016,255.97004,5.834747999999999,254.0682894680657,262.0708231594747,2251.6324,15.722769,3.4133211678832116,6,0.2631331493585766,0.1870435336038332,26.00_49.20,6,97.5
26.00000000000005,49.59999999999998,24.601781432481776,9.325118622116428,46.463040000000035,4.28185000000002,44.23144550866788,22.6271809000778,213.31248,10.119008000000001,169.28375187135038,158.4121646200947,1588.5008,18.902313,3.0072992700729926,6,0.2341924937997263,0.16731055448741186,26.00_49.60,6,99.5
26.00000000000005,49.99999999999998,24.692892080291994,7.597723764635734,42.64858000000004,8.543570000000045,42.41116526779197,18.731543398071686,182.70982999999998,7.6189695,126.06222442518249,103.70873139139265,1183.2873,9.480727,2.7664233576642334,6,0.20965751631843066,0.15531307561067687,26.00_50.00,6,97.5
26.00000000000005,50.39999999999998,24.64853720802922,5.626166395139877,37.54116000000005,13.469750000000033,42.32596413959854,19.042433773718297,162.54803,6.827212,116.71533981751826,97.15450468409351,1062.7447,9.945649999999999,2.7746350364963503,6,0.19720082010994525,0.15120169168692363,26.00_50.40,6,97.5
26.00000000000005,50.799999999999976,24.970559990875934,5.482048665193614,37.44058000000001,14.718160000000012,38.01203449315693,17.270726796778575,127.2703,7.777114999999999,109.61172866332116,85.83985793218761,887.21555,12.771196,2.64507299270073,6,0.187258576167427,0.14684788133935392,26.00_50.80,6,97.5
26.00000000000005,51.19999999999997,25.256541158759145,6.273794182287579,40.759420000000034,12.769130000000018,34.4407247395073,15.067588709898555,112.46903999999999,7.126499,95.07549848631388,67.56161529687199,609.7271000000001,9.95711,2.4698905109489053,6,0.17687196743531022,0.1410302368860134,26.00_51.20,6,97.5
26.00000000000005,51.59999999999997,25.49130140510951,5.761611635378856,39.48403000000002,14.44106000000005,33.89348341870438,14.064094666961065,99.54149,6.0500834999999995,91.65265312819342,61.16875716299776,520.8712499999999,9.2358805,2.437043795620438,6,0.1685439077,0.13946601312982201,26.00_51.60,6,97.5
26.00000000000005,51.99999999999997,25.6650730291971,4.829925663648302,36.11416000000003,16.349630000000047,35.90124858759124,13.867122815745864,92.12144,8.36776,96.26688874635036,62.805069210377454,576.79205,13.980713999999999,2.522810218978102,6,0.16099549871140512,0.13735778279922575,26.00_52.00,6,97.5
26.00000000000005,52.39999999999997,25.903642636861335,4.664059438709444,36.19840000000005,16.395530000000008,36.235158638229926,13.442370515810802,88.92036,9.502841,93.6086312600365,58.33971377184298,495.77129999999994,18.5883,2.5474452554744524,6,0.15267219935903284,0.13300886727967703,26.00_52.40,6,97.5
26.00000000000005,52.79999999999997,26.082952974452578,4.5275263679691005,36.22720000000004,16.463900000000024,35.4810133859489,12.789786037831853,84.11289000000001,8.425032999999999,90.09950969890511,53.997643392704,442.9385,15.73137,2.508211678832117,6,0.14521080348266424,0.12723423655684798,26.00_52.80,6,97.5
26.00000000000005,53.19999999999997,26.120770930656956,4.3854382128038285,35.760400000000004,16.5342,34.11052091104015,12.103676741700987,82.90151,7.336024,85.89618425136861,50.614759446840246,407.84700000000004,13.0965585,2.4324817518248176,5,0.13893932094051095,0.12147584050601781,26.00_53.20,5,80.0
26.00000000000005,53.599999999999966,26.26770168795623,4.328193101665001,35.64858000000004,16.593770000000006,33.052382916514595,11.855336796497637,83.54061,6.0784199999999995,82.96048917427008,48.79087127303238,396.20912,11.962646000000001,2.363138686131387,5,0.13464095520346714,0.11791873500712893,26.00_53.60,5,80.0
26.00000000000005,53.999999999999964,26.306053458029222,4.240188660143147,34.99478000000005,16.812520000000006,32.60865279333942,11.960033179635788,84.70671,5.0302321999999995,81.04046036350366,47.99947926516069,415.54566,6.5547714,2.355839416058394,5,0.13121400738804745,0.1152800048177487,26.00_54.00,5,80.0
26.00000000000005,54.39999999999996,26.380580109489074,4.2327660240995435,35.03530000000001,16.89163000000002,29.62274402983577,12.102843700443081,81.18596,1.8305674,74.98703089242701,47.00505481176877,405.76904,1.8521323,2.258211678832117,5,0.12839322255711677,0.11261596125590724,26.00_54.40,5,80.0
26.00000000000005,54.79999999999996,26.375675748175205,4.086791281636356,34.35220000000004,17.336940000000027,28.66441329370438,12.121099624971443,81.43200999999999,2.4464572999999996,71.76649718695255,44.60617821767501,371.27677,2.4466975,2.22992700729927,5,0.12619517963093066,0.11072531520870382,26.00_54.80,5,80.0
26.00000000000005,55.19999999999996,26.173314187956226,3.984560378329043,33.66494,17.412130000000047,27.944887870072993,12.101873145027778,87.52705,2.4796395999999996,69.32271133284672,42.54096178985826,342.9592,2.5091115999999998,2.1697080291970803,4,0.12404216313549268,0.10847371955962114,26.00_55.20,4,58.0
26.00000000000005,55.59999999999996,25.857806660583964,3.841860537354293,34.18180000000001,17.850600000000043,29.513998049270075,12.243282073239005,97.90855400000001,4.117142,67.3889264296533,39.450634600161266,314.29147,4.9607682,2.2427007299270074,4,0.1218336451665146,0.10468538811929709,26.00_55.60,4,58.0
26.00000000000005,55.99999999999996,25.760621113138708,4.874774329882528,36.434960000000046,15.108760000000018,29.65910316870438,11.952767375139006,83.28571000000001,3.5129819999999996,67.57197832281022,40.69729342785705,349.9306,5.7041682,2.238138686131387,4,0.11502695138667883,0.09721317930183847,26.00_56.00,4,58.0
26.00000000000005,56.39999999999996,25.95873853102192,5.316566670987832,37.38710000000003,13.636380000000031,25.469994726551096,10.126500237581014,73.62641,2.0206855999999997,63.82803710437956,38.79865881019842,259.54992,3.909735,2.0583941605839415,4,0.11020940966989051,0.09103982715278908,26.00_56.40,4,58.0
26.00000000000005,56.79999999999996,25.72756152372265,3.271985423033216,32.45327000000003,17.685699999999997,26.863373730565694,13.406805450821663,112.32157,1.4564436,63.00005344479928,38.695088658393615,312.3893,3.606646,2.14507299270073,4,0.11226835652874088,0.09022354717477529,26.00_56.80,4,58.0
26.00000000000005,57.19999999999995,25.751790912408783,3.5192590655514984,32.569240000000036,15.991360000000043,24.643484881660584,12.59900564621337,106.72538,2.2874505000000003,60.07123776587591,37.72595922731271,284.36755999999997,3.6722985,2.0474452554744524,4,0.1120081433214416,0.08834883777783406,26.00_57.20,4,58.0
26.00000000000005,57.59999999999995,25.046287810219003,6.152866738002634,38.472560000000044,9.0231,20.06090778850365,9.025339303698203,59.07463,2.1307858,53.747136353284674,35.067335972902455,260.79005,3.2542191000000003,1.8604014598540146,4,0.10268756854169708,0.08101856952533425,26.00_57.60,4,58.0
26.00000000000005,57.99999999999995,24.81507861313871,8.09724453627427,43.606840000000034,5.822900000000004,18.042991277372263,8.510807018694953,56.0612,0.9413286000000001,50.11621683257299,34.9885903974978,257.87986,1.0073637,1.7591240875912408,4,0.09718860692983577,0.07740242675072839,26.00_58.00,4,58.0
26.00000000000005,58.39999999999995,24.64428968065696,8.378882147584257,44.911519999999996,4.994740000000036,17.568212143613138,8.269125351388771,58.016386,0.9847712000000001,49.62301651733576,35.13678131509962,246.7481,0.9871274999999999,1.7554744525547445,4,0.09395908108421533,0.07489593276008041,26.00_58.40,4,58.0
26.00000000000005,58.79999999999995,24.86874152372265,8.399366945585886,45.33730000000003,4.942000000000007,17.288160564598538,8.173342392802974,55.189776,1.0276027,48.8877824189781,35.385328664430396,296.97168,1.106385,1.7618613138686132,4,0.09283727034516423,0.07388109817335592,26.00_58.80,4,58.0
26.00000000000005,59.199999999999946,25.45591414233579,8.518956487951815,45.95840000000004,5.158800000000042,17.13204289242701,8.091155478046295,53.246907,1.3196926,48.46620640611314,35.146449108847555,298.12855,1.473025,1.75,4,0.09204335095583942,0.07344044541047338,26.00_59.20,4,58.0
26.00000000000005,59.599999999999945,25.633277901459877,8.676535912442745,46.428120000000035,4.054300000000012,16.739563917125913,7.932311247150196,53.44171,0.57359417,47.21941310516423,32.95670016137627,222.95298,0.60747246,1.7308394160583942,3,0.08924673684653285,0.07183716472258125,26.00_59.60,3,38.0
26.00000000000005,59.99999999999994,25.09650882299272,8.384188091510179,45.64492000000001,4.51135000000005,16.522647212682482,7.889805802789277,55.178635,1.3916566000000001,46.87697585711678,33.999036267456205,290.2439,1.6520472,1.7052919708029197,4,0.08665669647025548,0.07025455246650483,26.00_60.00,4,58.0
26.00000000000005,60.39999999999994,24.749913540146007,8.40765031516487,44.99453,3.6724800000000073,16.656784686131388,8.273236178614592,62.20528,0.7801655000000001,49.76658362226277,38.61316141145844,341.17150000000004,0.8166763,1.7226277372262773,4,0.08874484679146899,0.07227645224104527,26.00_60.40,4,58.0
26.00000000000005,60.79999999999994,24.92386750000002,8.175544066146223,44.46768000000003,3.342399999999998,19.369319425456204,10.78313486611917,68.26989,0.7733443,79.96371316852189,76.05585735437388,533.7941,1.2229362,1.9507299270072993,6,0.09974614692071168,0.08278644135425761,26.00_60.80,6,97.5
26.00000000000005,61.19999999999994,25.10698318430659,8.210927147063497,45.24136000000004,3.311149999999998,29.745344935492703,23.8861968991101,164.22399,1.879746,181.6928677,231.03871931493353,1577.5204,2.862916,2.684306569343066,6,0.13626465343430658,0.1199639940642476,26.00_61.20,6,97.5
26.00000000000005,61.59999999999994,25.323017481751847,8.10984331713778,45.214,5.488900000000001,29.7484179959854,21.115146776712145,142.84598,2.0310650000000003,171.0922936426095,192.15861362077084,1242.2231000000002,4.683092,2.6624087591240877,6,0.14783283049516424,0.13001134126321506,26.00_61.60,6,97.5
26.00000000000005,61.999999999999936,25.544604963503673,8.309267619124094,45.487450000000024,6.1195299999999975,28.756134988047446,18.622345545716232,147.47414,2.3390671999999997,155.09796041268248,153.3821881113766,1185.258,5.1143023,2.548357664233577,6,0.1500639393478102,0.12938717053084736,26.00_62.00,6,97.5
26.00000000000005,62.399999999999935,25.39300087591243,8.513148905142605,45.614400000000046,5.404700000000048,33.00242654771898,23.638633563769723,167.31065,2.0103679000000003,187.90878443330294,195.17771037062553,1376.6138999999998,6.8212795,2.783759124087591,6,0.16627952853604014,0.1470791849132283,26.00_62.40,6,97.5
26.00000000000005,62.79999999999993,24.944808631386884,8.485536504548154,44.86392000000001,3.937430000000006,29.378783591788324,19.982098217450798,130.71364,2.167611,151.37705028786496,145.1179258833376,894.7654,7.651968999999999,2.5447080291970803,6,0.1557361890104927,0.12656256023855067,26.00_62.80,6,97.5
26.00000000000005,63.19999999999993,24.544814306569368,8.305772082418823,44.455700000000036,1.3681000000000267,27.744378968613137,19.358397926637675,133.88205,1.7586669,133.78413072490875,139.28642087264694,864.07204,5.5197455,2.4324817518248176,6,0.15240285023001823,0.12180889889373675,26.00_63.20,6,97.5
26.00000000000005,63.59999999999993,23.885882782846735,8.262943884422238,43.42153000000002,0.3573499999999967,37.624756959306566,36.924916889031465,257.4472,2.0625440999999998,237.5200676461679,317.180185944937,2156.2412,5.3134044000000005,2.934306569343066,6,0.17912117195720803,0.1612281811133914,26.00_63.60,6,99.5
26.00000000000005,64.0,23.24129171532849,8.20577064848604,42.73892000000001,-0.03717999999997801,30.626835453375914,27.06463857883193,208.53818,1.7568118,175.92459498886862,220.66354220037155,1747.1232,3.7189554,2.656021897810219,6,0.1540798141759124,0.1384435300316221,26.00_64.00,6,97.5
26.40000000000005,44.0,23.369564461678856,9.292150858821097,43.14468000000005,3.2324500000000285,33.641113091240875,21.0131288411893,153.5438,0.8331973,167.00446477956203,120.2515948210332,1079.7798,0.8767934,2.7025547445255476,6,0.23229156145072993,0.17122531270892424,26.40_44.00,6,97.5
26.40000000000005,44.4,23.091536204379587,9.332446983428623,42.67350000000005,2.1953400000000443,32.47600018001825,20.273164718575224,120.12548,1.0390698999999999,162.8847395571168,118.78633831822323,811.75085,1.062103,2.687956204379562,6,0.2300332621341241,0.1696297020136532,26.40_44.40,6,97.5
26.40000000000005,44.8,23.03937765510951,9.132634992204322,42.26920000000001,2.116240000000005,37.52142687226277,26.131183824871865,164.48605,5.5135567,221.81845395164234,189.6609079977667,1226.2767999999999,9.314236000000001,3.114051094890511,6,0.23626549377372263,0.17124630165841334,26.40_44.80,6,99.5
26.40000000000005,45.2,23.06429062043798,9.110243833445397,42.53774000000004,1.7412400000000048,38.59631039498176,27.078378349665567,158.489,5.5428603999999995,237.49713848448906,207.08495772892974,1340.183,10.534194999999999,3.1751824817518246,6,0.24274445569616787,0.17445521111304058,26.40_45.20,6,99.5
26.40000000000005,45.6,22.984315328467176,9.183515514380947,42.84730000000002,1.306669999999997,35.11224107937956,22.52242430876292,154.55952000000002,5.107717999999999,200.6947970520073,156.56796667152892,1012.3679000000001,12.817515,2.927919708029197,6,0.2412416613001825,0.17486950513846292,26.40_45.60,6,97.5
26.40000000000005,45.99999999999999,23.016436140510972,9.231485287028143,43.268200000000036,1.238300000000038,33.749537691423356,20.536176973585864,154.08841,5.266814,181.05118752600364,127.11438971063963,824.37725,12.422552999999999,2.8375912408759123,6,0.2410289376551095,0.1778204227995622,26.40_46.00,6,97.5
26.40000000000005,46.39999999999999,23.092641532846738,9.32676796328206,43.766260000000045,1.2305000000000064,33.63970052198905,20.324844910980286,146.09076000000002,1.0110571,174.36336799452553,121.2999147592789,896.14366,13.544186,2.8001824817518246,6,0.24381061565018247,0.18519474910573427,26.40_46.40,6,97.5
26.40000000000005,46.79999999999999,23.26291447992703,9.376643666591908,44.09340000000003,1.6152600000000348,38.825037805839415,25.760482870539658,176.77074,5.217503799999999,237.41426616742703,203.27001142385078,1261.1159,12.3424435,3.197992700729927,6,0.25685908775364963,0.19531283657264076,26.40_46.80,6,99.5
26.40000000000005,47.19999999999999,23.394428740875938,9.399161704234055,44.52188000000001,2.060570000000041,44.88253571432482,32.38231402320288,236.04723,5.412966999999999,318.45054960994526,316.7515937752587,2127.4427,10.199418,3.56478102189781,6,0.2730247482518248,0.20136360941549403,26.40_47.20,6,99.5
26.40000000000005,47.59999999999999,23.68568604014601,9.428641322386069,45.33828,2.8437700000000063,41.35530103786496,25.79263654052216,170.16605,4.447400200000001,264.7878005100365,234.08925857036857,1530.38,9.957393000000001,3.3895985401459856,6,0.2716449596906934,0.20177663834637685,26.40_47.60,6,99.5
26.40000000000005,47.99999999999999,23.746869881386885,9.560957079632043,45.81973000000005,2.9560200000000236,44.77681815720803,28.251445316334003,176.98397,3.3764702,292.4659291756387,268.3866961176955,1828.6852000000001,7.9915345,3.5556569343065694,6,0.2809208059096715,0.20407822381295282,26.40_48.00,6,99.5
26.40000000000005,48.399999999999984,23.965439206204405,9.54504340191633,45.79946000000001,3.6470300000000293,59.12983914279197,45.28174684359839,304.28063,4.306816,422.01043868339417,459.18512028083995,3157.8365,8.82685,3.8695255474452557,6,0.31051405681706207,0.22293866076007465,26.40_48.40,6,99.5
26.40000000000005,48.79999999999998,24.30943572080294,9.549326140072639,46.461569999999995,3.5816599999999994,63.38780199187957,50.877391719708214,367.0864,7.3297795,430.2267610127737,495.8398539790948,3435.0705000000003,11.520262,3.875,6,0.3089662296596715,0.2220674544068074,26.40_48.80,6,99.5
26.40000000000005,49.19999999999998,24.518254507299293,9.392103053257358,46.44302000000005,3.341420000000028,52.570594883211676,36.29102379649505,327.3007,4.683214,284.1671998284672,306.18377468322745,2493.3665,9.807528,3.571167883211679,6,0.2668661504160584,0.18903951967233623,26.40_49.20,6,99.5
26.40000000000005,49.59999999999998,24.51966510036499,9.080746971767747,46.11880000000002,4.191030000000012,50.697078156021895,27.533200449618665,273.99550000000005,10.893130000000001,211.5983816742701,214.54387621353152,2075.7975,25.625388,3.3339416058394162,6,0.2364918508731752,0.1728435414354918,26.40_49.60,6,99.5
26.40000000000005,49.99999999999998,24.683720383211703,7.110677527479833,42.09536000000003,9.710570000000018,48.660802063868616,21.38247445891747,218.68762999999998,11.662959,128.3036496879562,104.55629605920643,1403.2688,19.387057,3.021897810218978,6,0.20785460524452554,0.1599874618414001,26.40_50.00,6,97.5
26.40000000000005,50.39999999999998,24.681768020073015,5.519383047357072,36.56875000000002,13.898650000000032,44.23119218375912,21.382571074259964,232.61902,6.0816254,118.20552309854014,97.27223445614655,1232.6622,10.077811,2.8421532846715327,6,0.19523784493339416,0.15356607646015175,26.40_50.40,6,97.5
26.40000000000005,50.799999999999976,24.995897308394184,5.352033753726949,36.473540000000014,14.7543,37.22196957208029,17.84305855084968,145.75655999999998,7.32229,108.53977279835766,86.1704530926879,952.78534,12.033714,2.585766423357664,6,0.1854739052609489,0.14883353100094712,26.40_50.80,6,97.5
26.40000000000005,51.19999999999997,25.222030054744547,5.146736018969438,36.12856000000005,15.322900000000004,36.18212322883212,15.392460236378978,119.88868,8.597420999999999,103.80371965784671,74.55024424622934,809.0015000000001,13.446614,2.5447080291970803,6,0.17684540480866787,0.14445661867555434,26.40_51.20,6,97.5
26.40000000000005,51.59999999999997,25.48064293795623,4.926900008700897,35.62563,15.892240000000015,37.490722463777374,14.779266599913056,105.45998,8.350479,101.31948897080292,67.42238542405981,679.93534,14.03392,2.616788321167883,6,0.1685659419080292,0.1414062485619696,26.40_51.60,6,97.5
26.40000000000005,51.99999999999997,25.68259986313871,4.755491119127952,35.48867000000001,16.071300000000008,38.053201516332116,14.494319173165248,100.70366,7.998861,98.34153223357664,62.62170613373236,577.677,14.098220000000001,2.6295620437956204,6,0.16003022617655108,0.1371118010931874,26.40_52.00,6,97.5
26.40000000000005,52.39999999999997,25.907411669708054,4.618099786309182,35.454499999999996,16.082060000000013,36.37795733987226,13.299489805296998,94.23459000000001,8.288772999999999,93.83085771715328,57.57918835057699,501.18325,17.098264,2.5583941605839415,6,0.15167530020346714,0.13266817454563457,26.40_52.40,6,97.5
26.40000000000005,52.79999999999997,26.03187664233579,4.4935288445475985,35.10903000000002,16.174830000000043,34.03150696441606,12.153938670476082,79.73165,7.0770705000000005,87.967828270073,52.987506559964494,468.35592,13.453286,2.4297445255474455,6,0.14451745597572993,0.12856775952593494,26.40_52.80,6,97.5
26.40000000000005,53.19999999999997,26.142663120437977,4.327605834478111,34.56900000000002,16.29397,33.620790644069345,11.797765502386012,77.64288,6.0131353,84.29958600091241,50.32148730947178,472.58985,9.742115,2.4133211678832116,6,0.1386429173689781,0.12344091424569638,26.40_53.20,6,97.5
26.40000000000005,53.599999999999966,26.160278549270096,4.32250048888009,34.71500000000003,15.42190000000005,31.323573956569344,11.722750797283338,80.84394999999999,5.6958210000000005,78.07450241332117,48.187064276288424,413.45597999999995,10.471116,2.3202554744525545,5,0.13303451072801092,0.118691249885585,26.40_53.60,5,80.0
26.40000000000005,53.999999999999964,26.11030455291973,4.3018581999464125,34.35464000000002,15.443380000000047,30.938575129105843,12.2176003699213,84.32038,3.8240716999999997,75.42369640839416,46.77598099101384,384.29656,4.1547286,2.3056569343065694,5,0.12797105876414233,0.1141631534397242,26.40_54.00,5,80.0
26.40000000000005,54.39999999999996,26.026134452554768,4.317346409056441,34.133200000000045,15.57913000000002,28.720148059124085,12.02718496745644,82.26156499999999,3.0917948,70.16315097801095,43.9285615182318,343.53414,3.1042793,2.2153284671532845,4,0.12424032712490876,0.10985452289069322,26.40_54.40,4,58.0
26.40000000000005,54.79999999999996,25.872598284671554,4.309967227457864,34.31387000000001,15.904320000000041,28.349474725,12.078755642970211,83.974825,3.1428342000000002,67.50618431076641,41.34415877544324,306.78885,3.7260155,2.197080291970803,4,0.12153582453175182,0.10639397521174807,26.40_54.80,4,58.0
26.40000000000005,55.19999999999996,25.816334051094913,4.190650806044332,34.286519999999996,16.461940000000027,27.552501555109487,12.136769007192408,97.86928999999999,1.8971817,65.26475168156935,39.876161287806525,267.29973,2.0916242,2.1742700729927007,4,0.11967794985638686,0.10398455530123198,26.40_55.20,4,58.0
26.40000000000005,55.59999999999996,25.85101789233579,3.9130822738548043,33.66348000000005,16.934050000000013,27.235460954835766,12.256075954227164,95.61070000000001,2.0224575000000002,63.17311663275547,38.66968878680738,279.01058,2.1635310999999997,2.1578467153284673,4,0.11870293448850364,0.10222592592074406,26.40_55.60,4,58.0
26.40000000000005,55.99999999999996,26.159563886861335,4.666320291718421,35.81802000000005,15.176420000000007,26.34440607837591,12.225346142498152,98.54902,1.3474276,62.6430539100365,39.063085847005894,324.53931,1.3474871,2.1122262773722627,4,0.11421542094625912,0.09712533460962706,26.40_56.00,4,58.0
26.40000000000005,56.39999999999996,26.14873133211681,4.266468141802409,34.26943,15.36196000000001,31.876409307025547,30.14407090613016,391.11688,0.5012707,68.50052905930657,52.11660334338201,549.8263000000001,0.5013160000000001,2.239051094890511,6,0.11111849763175183,0.09214865133372653,26.40_56.40,6,97.5
26.40000000000005,56.79999999999996,25.84880308394163,3.2834631086641357,32.28286000000003,17.302880000000016,32.47962429908759,33.176315223507984,410.1176,0.9927007999999999,67.86287664023723,51.40140114440943,544.1328,1.7888471,2.2208029197080292,6,0.11160939321286496,0.09013262874946344,26.40_56.80,6,97.5
26.40000000000005,57.19999999999995,25.318807107664256,4.957509140435233,35.26504,12.20034000000004,23.317242494160585,12.218626493763397,103.696905,1.1152836,59.12589445282846,38.22943134054986,298.50755999999996,2.4171942,2.0,4,0.10481129822481752,0.08320278546217014,26.40_57.20,4,58.0
26.40000000000005,57.59999999999995,23.990794762773746,7.492896887132894,39.914450000000045,5.370750000000044,18.554312205109486,8.792358122581689,58.05309,0.7660235,52.771249763229925,37.24499555775773,266.58384,1.2124548,1.7846715328467153,4,0.09244240288658759,0.0736307590118146,26.40_57.60,4,58.0
26.40000000000005,57.99999999999995,22.96993326642338,8.195717755490314,41.106840000000034,2.530900000000031,16.300318107572995,7.934154991796664,54.85589,0.8177226000000001,46.783478652335766,33.19662235689338,252.8607,0.91573216,1.6952554744525548,3,0.0827505255774635,0.06753326251120649,26.40_58.00,3,38.0
26.40000000000005,58.39999999999995,23.343872600364985,8.592282189265024,43.13613000000004,2.750630000000001,15.867984179927008,7.736206225530641,55.337593999999996,0.9101596,46.9221444770073,34.197616175990056,262.3043,1.0544985,1.6961678832116789,4,0.08144052860428833,0.06611249770281602,26.40_58.40,4,58.0
26.40000000000005,58.79999999999995,23.7429688412409,8.76411774121384,43.428120000000035,3.6070799999999963,16.02854927919708,7.897670877290007,55.763380000000005,0.5961921,48.94652125638686,38.67390265780637,333.1873,0.9865137999999999,1.7007299270072993,4,0.08267477688156935,0.06662932991119046,26.40_58.80,4,58.0
26.40000000000005,59.199999999999946,24.05208921532849,8.667778307062862,43.533600000000035,4.055300000000045,15.941069109069343,7.76449602032678,54.51419,0.38845073999999996,48.17420363252737,37.06960161861387,351.73554,0.84845875,1.7043795620437956,4,0.0814988061904197,0.0659691479745876,26.40_59.20,4,58.0
26.40000000000005,59.599999999999945,23.92606026459856,8.645972871834797,43.21133000000003,3.4283400000000483,15.659208368078465,7.782944943187305,53.351428000000006,0.06213131400000001,46.55067170550183,35.13048102178715,266.85360000000003,0.07945393,1.686131386861314,4,0.07824866008111314,0.06472000383863406,26.40_59.60,4,58.0
26.40000000000005,59.99999999999994,23.115662208029217,8.363688515339575,42.03628000000003,2.5914600000000405,15.450167186031022,8.183970146305699,60.945229999999995,0.35520176000000003,45.964063891532845,38.808100043698886,309.98402,0.35866882,1.6852189781021898,4,0.07499351816916058,0.06427569090030587,26.40_60.00,4,58.0
26.40000000000005,60.39999999999994,22.35593308394163,8.367783590959823,41.11465000000004,0.8072800000000484,15.322721531651458,8.727025751738577,74.85806,0.76592754,47.39837960401459,42.49491294877645,408.26674,1.0972827,1.6487226277372262,5,0.07568613234778285,0.06662773824667682,26.40_60.40,5,80.0
26.40000000000005,60.79999999999994,22.45843512773725,8.401642167675668,41.106840000000034,1.5685000000000286,15.903590181386862,9.836651732562995,79.26558,0.36546563,52.67263390703467,52.299958025347266,453.54366,0.68307365,1.6797445255474452,6,0.0802684999160219,0.07309127331232695,26.40_60.80,6,97.5
26.40000000000005,61.19999999999994,22.590882801094914,8.376018167695007,41.321439999999996,1.9683800000000247,20.085698055994527,12.725006105740711,70.295975,0.63177374,85.97383696459853,79.8785517528,470.43642,2.0727815,1.9397810218978102,6,0.09824616788357664,0.08929231287777845,26.40_61.20,6,97.5
26.40000000000005,61.59999999999994,22.778280036496376,8.268110788286494,42.20327000000003,3.4644700000000057,24.139641614051094,16.388503475874675,116.154155,0.9511964999999999,120.1145474437044,114.95699708048959,672.53774,2.4673885,2.2354014598540144,6,0.11781005799726277,0.10671321399113214,26.40_61.60,6,97.5
26.40000000000005,61.999999999999936,23.15381436131389,8.42732623657422,42.86636000000004,4.0120000000000005,26.138222737226275,17.476411113575615,115.52025,0.8292634999999999,133.2739857160584,122.34782311381974,748.16404,2.3604472,2.332116788321168,6,0.1306564293958029,0.11817961770381452,26.40_62.00,6,97.5
26.40000000000005,62.399999999999935,23.172300948905132,8.608069177475471,43.14858000000004,3.2338000000000306,26.041326913959853,17.966596622684264,117.36651,0.7000868,127.33758489306568,114.91772536481663,629.16587,2.9916365,2.31021897810219,6,0.1301555805853102,0.1140579111946091,26.40_62.40,6,97.5
26.40000000000005,62.79999999999993,22.74018171532849,8.61416337975215,42.64175,1.6298199999999952,24.587641814872264,15.548844151143093,97.895494,1.1306608,114.04955380994527,96.18749156884294,515.922,3.6799408,2.198905109489051,6,0.12466325280301097,0.10045098465340643,26.40_62.80,6,97.5
26.40000000000005,63.19999999999993,22.797864151459876,8.56943206084844,42.25503000000003,0.8876300000000015,29.330678962773725,19.556804995666035,153.10762,1.4907846,161.46394313604014,155.7332728315054,1292.6673,3.9237484,2.5985401459854014,6,0.14099709555182482,0.10836549385797038,26.40_63.20,6,97.5
26.40000000000005,63.59999999999993,22.463572226277396,8.611108425882183,41.75967000000003,-0.15533999999996695,42.98329841286497,43.31949418389134,291.73984,0.9866119,301.9964040407847,398.33300398664306,2611.9055,3.1040146,3.227189781021898,6,0.17640408097463503,0.14691821337715735,26.40_63.60,6,99.5
26.40000000000005,64.0,22.292590301094915,8.734065072865377,41.60050000000001,-1.3148599999999533,34.393569665510945,30.587588376258463,234.46111,1.2325165,218.08667951551095,261.1309854797645,1996.9216,3.0782163,2.897810218978102,6,0.16143466313448906,0.13562112148232627,26.40_64.00,6,97.5
26.800000000000047,44.0,23.004571368613163,9.317961205127473,43.117819999999995,2.466820000000041,31.259358341788325,19.49319596198784,162.88058,0.551325,153.89369376614962,109.84989741234155,1089.4225,0.5946227,2.5885036496350367,6,0.22621130718020074,0.1660334101556317,26.80_44.00,6,97.5
26.800000000000047,44.4,22.81736831204382,9.394013129252281,42.87563,1.589870000000019,31.481710086952553,19.290256148781186,122.10985000000001,4.4384603,160.14478906934306,113.1642897146172,652.88543,9.764919,2.6578467153284673,6,0.2277741176865876,0.16558040198844998,26.80_44.40,6,97.5
26.800000000000047,44.8,22.811413275547466,9.204088416824616,42.532370000000014,1.7060800000000427,33.855881394799276,21.909049543424285,129.38081000000003,4.5523603,188.32067690009126,147.2181574152422,1036.4184,10.608673999999999,2.875,6,0.23077697345072992,0.16732048222176107,26.80_44.80,6,97.5
26.800000000000047,45.2,22.810637262773746,9.192873958668285,42.75356000000005,1.339870000000019,34.23278296322993,22.020483743150546,130.49193000000002,5.4273793999999995,193.94931326824818,151.00215878218046,954.7163999999999,12.838371,2.8822992700729926,6,0.23585244869160585,0.1692622162649885,26.80_45.20,6,97.5
26.800000000000047,45.6,22.892940720802944,9.34859268395364,43.32388000000003,0.8935800000000427,33.558171929835765,20.521360980698518,132.73532,4.9296984,184.95715381843067,133.6441117902967,813.3073,10.469967,2.835766423357664,6,0.24049074953649635,0.17328936680892038,26.80_45.60,6,97.5
26.800000000000047,45.99999999999999,23.074088065693452,9.416960766382008,43.91372000000001,0.9834200000000237,33.18547480857664,19.792616001428573,144.52002,5.1135087,176.92531093613138,121.68181853481211,793.81573,10.67854,2.791970802919708,6,0.24290518969799269,0.17744100307380042,26.80_46.00,6,97.5
26.800000000000047,46.39999999999999,23.25997077554747,9.528998208061493,44.580700000000036,1.2158400000000142,34.84162072810219,22.76182834724968,351.16898,4.9532316,193.3240802490876,151.96117841094608,2146.0212,12.603434,2.9215328467153285,6,0.2479285594087591,0.1839079479076078,26.80_46.40,6,97.5
26.800000000000047,46.79999999999999,23.40424372262776,9.561892865821408,44.74453,1.5732700000000364,37.643450985401465,24.083039055947996,158.15716,4.5180952,226.05865721624087,189.17573962362414,1193.075,9.573154,3.1286496350364965,6,0.25804001484489053,0.1921270991743106,26.80_46.80,6,99.5
26.800000000000047,47.19999999999999,23.48484510036499,9.58440566887153,45.12637000000001,1.8887000000000285,39.57368045821168,25.425519151459646,183.36316,4.8723860000000005,245.61372930337592,213.76496622305444,1446.9971,9.560868,3.261861313868613,6,0.2675574601756387,0.2001501086336386,26.80_47.20,6,99.5
26.800000000000047,47.59999999999999,23.691209872262796,9.58980308483647,45.606840000000034,2.5459200000000237,41.53729330948905,25.847830881987196,177.38242,4.712658,261.31433445939786,230.5247207817394,1622.0221,10.135995000000001,3.394160583941606,6,0.27446969878649635,0.20445893037934332,26.80_47.60,6,99.5
26.800000000000047,47.99999999999999,23.945762299270097,9.673302777070774,45.99258000000003,3.150350000000003,48.155468229470806,33.27728824020455,256.09103,5.208405699999999,323.2399360018248,326.2962508563408,2284.8537,10.713581,3.6578467153284673,6,0.286912565665146,0.21062234002974914,26.80_48.00,6,99.5
26.800000000000047,48.399999999999984,24.447388010948927,9.671616793142972,46.54507000000001,4.102930000000015,60.96158022189781,49.030577229589575,385.283,4.6812434,416.50702379197077,464.5808366412666,3170.1338,9.95016,3.875,6,0.31112951850045617,0.2240298106403263,26.80_48.40,6,99.5
26.800000000000047,48.79999999999998,24.570039981751847,9.732747004265985,47.06875000000002,3.173460000000034,61.59926532645986,48.92616737208342,408.85433,5.6178857,390.4599586724453,443.2733190211927,3268.8154,10.628445999999999,3.8248175182481754,6,0.2952343203982664,0.21255670354886322,26.80_48.80,6,99.5
26.800000000000047,49.19999999999998,24.46654047445258,9.333584381365906,46.15250000000003,2.778920000000028,52.96252551916058,32.86427070914632,340.07948,9.360404,259.5809954708029,269.69589054934056,2704.6126,21.295085,3.5666058394160585,6,0.2540488471058394,0.18721949958987513,26.80_49.20,6,99.5
26.800000000000047,49.59999999999998,24.36948129562046,8.040324598311159,44.00600000000003,6.209600000000023,54.1007192814781,24.566094015918367,257.85206999999997,10.634554999999999,155.14892709945255,127.9062081544284,1715.1727,22.248726,3.2427007299270074,6,0.21925685281934307,0.17351512362476681,26.80_49.60,6,99.5
26.800000000000047,49.99999999999998,24.578499279197104,5.760156739779993,37.37540000000001,12.86056000000002,47.87093177007299,20.98746523442398,206.32106,8.795109,127.18260299908758,103.50190433960323,1442.1212999999998,13.576806999999999,2.9945255474452557,6,0.20405772607208028,0.16472824350688708,26.80_50.00,6,97.5
26.800000000000047,50.39999999999998,24.882772591240897,5.323489559227133,35.96500000000003,14.331700000000012,38.30165722536496,18.537358016544832,158.12446,4.6336246,114.71933139461679,92.33476906923296,1056.7557,9.196453,2.634124087591241,6,0.19275674591724454,0.15791579974393868,26.80_50.40,6,97.5
26.800000000000047,50.799999999999976,25.13316250912411,5.193637476412725,35.58218000000005,15.09146000000004,36.662499106843065,15.934175867028856,128.44521,6.205743,109.12535405291972,80.41686855731666,842.71693,13.68265,2.573905109489051,6,0.18307382765675181,0.1516797592502609,26.80_50.80,6,97.5
26.800000000000047,51.19999999999997,25.357268366788343,5.041538620310179,35.71694000000002,15.493800000000022,35.64351556569343,14.621522001643786,114.10799,9.177963,103.85681293567518,72.05302614732607,742.78756,14.729228500000001,2.520985401459854,6,0.17461641927303834,0.14663082430094182,26.80_51.20,6,97.5
26.800000000000047,51.59999999999997,25.506140091240898,4.912434107427584,35.548,15.593400000000031,35.04260312490876,13.87505923376627,103.98316,8.607409,99.12282301277372,65.95066615466108,639.0030999999999,17.753594,2.47992700729927,6,0.16614722644169708,0.1414405266337349,26.80_51.60,6,97.5
26.800000000000047,51.99999999999997,25.66964411496353,4.775194918368763,35.419820000000016,15.513700000000028,35.398929232025544,13.323580366043974,95.558285,6.9251564000000005,95.90073203923357,60.95428537632114,541.18624,14.649374,2.5164233576642334,6,0.15769533615875914,0.13651948620047166,26.80_52.00,6,97.5
26.800000000000047,52.39999999999997,26.070121961678854,4.657509760792445,35.60586000000001,15.79104000000001,34.90637885027372,12.69238014712581,90.36441,5.589222400000001,91.9651455109489,56.54709654228987,492.67833999999993,10.915795000000001,2.491788321167883,6,0.1503767705935219,0.13315663433713829,26.80_52.40,6,97.5
26.800000000000047,52.79999999999997,26.209699306569366,4.563471559027615,35.29140000000001,15.419500000000028,33.463461865875914,12.015283812356325,83.254406,5.440321,86.4473070830292,52.73554410070743,507.3626,9.957643,2.4005474452554743,6,0.14269254826751823,0.12860416326026852,26.80_52.80,6,97.5
26.800000000000047,53.19999999999997,25.695955100364987,4.6445207973450335,35.44473000000005,13.744169999999997,35.09030448959854,12.182948379943252,77.57892,5.6644950000000005,80.93053695939781,48.96359985609001,440.31813,9.98993,2.4854014598540144,6,0.13466130237864965,0.12201907357972963,26.80_53.20,6,97.5
26.800000000000047,53.599999999999966,24.913413065693454,6.635329667620888,40.12832000000003,8.224630000000047,29.7193004209854,11.567364776478886,72.72095,2.7445157,74.90997066587592,46.509742516047616,379.53558,3.6330196999999997,2.2600364963503647,5,0.1252319352928832,0.11390932138215243,26.80_53.60,5,80.0
26.800000000000047,53.999999999999964,24.289856624087616,7.776877374207272,40.91640000000001,5.854520000000036,27.919825134762775,11.894937456612306,79.05675,1.3196785999999998,73.09941671815693,49.15387006631789,356.18828,1.3574639,2.2226277372262775,5,0.11749002194124089,0.10643420315640921,26.80_54.00,5,80.0
26.800000000000047,54.39999999999996,24.27946944343068,7.751278751806029,40.70840000000004,6.02346,27.120751648175183,11.739947477683323,75.02345,1.0982555999999999,69.77996796770073,46.166032366829484,276.80895,3.1461305,2.1806569343065694,4,0.11332610491514598,0.1008839945852436,26.80_54.40,4,58.0
26.800000000000047,54.79999999999996,24.297836423357687,7.8907040269176925,40.60880000000003,5.579740000000015,25.97888741341241,11.543764291137782,83.68964,1.7481098,65.74888997198904,43.42639119200451,289.194,2.9711624,2.1286496350364965,4,0.11020961559260949,0.09656558609861689,26.80_54.80,4,58.0
26.800000000000047,55.19999999999996,25.1025512682482,7.722007102323385,40.704740000000015,7.4401000000000295,26.150526114808393,11.335967552915307,87.56054999999999,0.7812316300000001,63.31522213850365,40.26469685466347,265.47494,0.7812129999999999,2.1085766423357666,4,0.1117677703720803,0.09611632775932366,26.80_55.20,4,58.0
26.800000000000047,55.59999999999996,25.730389498175207,7.70211880233177,41.36636000000004,8.117819999999995,26.77777082910584,11.382042989217402,74.52861399999999,1.2171566999999999,60.81186017144161,37.56320235867762,245.96307,1.2172588,2.1414233576642334,4,0.11195811440237227,0.09503274703508191,26.80_55.60,4,58.0
26.800000000000047,55.99999999999996,25.786253996350386,5.53755474346522,36.953520000000026,12.525050000000022,28.498071709762772,12.779464679011847,106.37247,1.6254914,60.64651936715328,36.353982346788854,259.59912,1.6254514,2.1888686131386863,4,0.11144075675018249,0.09355242050436893,26.80_56.00,4,58.0
26.800000000000047,56.39999999999996,25.705194872262798,3.848804182834195,32.866600000000005,15.199370000000044,29.675510671259126,23.844633558979584,293.36138,0.4838979,61.83832393281021,43.79535056469641,402.8306,0.48386506,2.1888686131386863,6,0.11024289175830293,0.09100742145467171,26.80_56.40,6,97.5
26.800000000000047,56.79999999999996,25.387011131386885,4.821627298591782,34.95327000000003,11.688130000000001,26.910182333687956,20.659035303259724,232.52336,0.031673022,58.59569160874087,42.165578742974944,406.31510000000003,0.03173248,2.082116788321168,5,0.10924696891779197,0.08923423735617433,26.80_56.80,5,80.0
26.800000000000047,57.19999999999995,24.91393955291973,7.051464647401355,40.92983000000004,7.036770000000047,20.768969119251825,10.286949976613839,65.45548,0.6043065,53.270336024452554,37.24143404470189,278.5953,0.6279631,1.864963503649635,4,0.1015082353694343,0.08237725958368143,26.80_57.20,4,58.0
26.800000000000047,57.59999999999995,22.37415861313871,7.38952601265252,38.618070000000046,3.6310000000000286,17.910810181751827,8.602139669009256,55.296859999999995,0.6160019999999999,51.96033909416058,37.77128467925427,272.28438,0.6559301,1.7563868613138687,4,0.08255441312490876,0.06792006352444799,26.80_57.60,4,58.0
26.800000000000047,57.99999999999995,21.201365063868636,8.167524330192595,39.14053000000001,0.20180000000004839,15.901932523987226,7.808789449732858,53.93909,0.22904759,47.4518317834489,34.183024623828935,237.88824,0.30651356,1.697080291970803,3,0.07352118977290145,0.061751817609866776,26.80_58.00,3,38.0
26.800000000000047,58.39999999999995,23.147589233576664,8.799279198237388,41.72524000000004,1.0094200000000342,15.9282201367427,7.788441163201238,50.965199999999996,0.26149807,52.951348470291975,43.56404672946739,358.4929,0.37364564,1.7144160583941606,5,0.07981437564899635,0.06599400926989175,26.80_58.40,5,80.0
26.800000000000047,58.79999999999995,24.060851888686155,8.984904362371243,43.106100000000026,2.1827600000000302,16.925031521879564,8.925636628932006,68.75681,0.10793558,63.520820722965325,63.39282473299726,552.5054,0.19026877,1.8083941605839415,6,0.08391259962728102,0.06901832723249633,26.80_58.80,6,97.5
26.800000000000047,59.199999999999946,24.309520145985427,9.011867306639168,43.418600000000026,2.405420000000049,17.265015919726277,9.819515280729187,78.12418,0.21194482,65.11343134200729,68.88185049733836,608.1370999999999,0.25961774,1.8193430656934306,6,0.08491647114729015,0.07232503655466462,26.80_59.20,6,97.5
26.800000000000047,59.599999999999945,24.113465246350387,8.976119735427204,42.82680000000005,2.021630000000016,16.624446797755475,9.791088067964255,79.02637,0.34772954,59.03016162780109,61.31805416785626,503.66389999999996,0.53218197,1.7682481751824817,6,0.08066915945301095,0.07264225363686874,26.80_59.60,6,97.5
26.800000000000047,59.99999999999994,23.445578211678853,8.825023580063451,41.946439999999996,0.8375500000000216,15.803500705629562,10.043006413256489,78.06195000000001,0.69434747,51.41237387344891,58.51039386087564,446.97623,2.1645368,1.6916058394160585,6,0.07549369741669708,0.07150647851304325,26.80_60.00,6,97.5
26.800000000000047,60.39999999999994,22.38100986313871,8.75873326135364,40.83145000000002,-0.08627999999998792,15.020246172636861,9.88901694193449,78.98658,0.21606890999999998,48.31720952731752,55.67948959629236,447.12297,0.86022484,1.6277372262773722,6,0.07258541473056569,0.06849255619970684,26.80_60.40,6,97.5
26.800000000000047,60.79999999999994,21.75797709854017,8.813150583599123,40.169340000000034,-1.024759999999958,15.199155876532846,9.77717205165607,70.00249,0.2456397,50.04647581828467,53.49817483498197,388.5455,0.68705874,1.6386861313868613,5,0.07273228885565694,0.06737382463085567,26.80_60.80,5,80.0
26.800000000000047,61.19999999999994,20.546138713503673,8.786064789601115,38.80508000000003,-2.1067999999999643,15.841819821824819,10.809859716419947,72.82427,0.18008503,55.44584954881387,56.878026999730814,424.37807,0.5075411999999999,1.657846715328467,5,0.07158110396291059,0.06663698407621631,26.80_61.20,5,80.0
26.800000000000047,61.59999999999994,20.259682883211703,8.765411604140835,38.52140000000003,-0.8924299999999903,17.619120085930657,11.896503132707654,81.93128,0.39975642,70.02177827974452,63.917009571074125,375.61505999999997,0.9600146999999999,1.7527372262773722,5,0.0805416511694343,0.07317100032919176,26.80_61.60,5,80.0
26.800000000000047,61.999999999999936,20.64611386861316,8.932463217585958,39.65762000000001,0.027000000000043656,19.281618610401463,13.262054294267568,99.35866,0.46336950000000005,80.3925966895073,71.55682640393105,413.32888,1.0623981,1.8485401459854014,5,0.08977975272436131,0.08078399039265394,26.80_62.00,5,80.0
26.800000000000047,62.399999999999935,20.641864489051116,9.068692014713642,40.397850000000005,-0.29525999999998476,20.207387046076644,14.518709770048938,107.54792,0.08879194,85.36370206341242,80.51944904073207,466.62955999999997,0.0888322,1.8932481751824817,6,0.09285463044616789,0.08339708302571604,26.80_62.40,6,97.5
26.800000000000047,62.79999999999993,20.596408996350387,8.989978722469967,40.31875000000002,-0.48275999999998476,21.963538812773724,14.591480894437067,142.09901,0.9309337,102.71768155237227,82.9799335592136,454.9055,2.5857994,2.0583941605839415,6,0.10183199531377737,0.08912842699533376,26.80_62.80,6,97.5
26.800000000000047,63.19999999999993,21.073061989051116,8.980356416995665,40.6703,-0.011079999999992651,27.728943594251824,18.19450751257472,146.91089,1.2126245999999998,160.424732134854,148.2392015670156,1139.3845,3.067914,2.542883211678832,6,0.12251461721177007,0.09776916050185887,26.80_63.20,6,97.5
26.800000000000047,63.59999999999993,21.534213093065716,9.00190172549985,41.06558000000001,-0.8333999999999833,51.58454282536496,53.039385859362376,351.4629,1.5513331,401.67283742600364,523.9600025528379,3380.98,3.5758667,3.4215328467153285,6,0.17603958362563868,0.13408357568023688,26.80_63.60,6,99.5
26.800000000000047,64.0,21.094653010948928,8.903327338862582,40.731600000000014,-1.6673999999999864,42.947909178010946,38.70159032861738,269.43547,1.4880095,311.5195321595803,366.9501112489115,2505.6845000000003,3.5139958,3.3248175182481754,6,0.16685633498312044,0.1377380978782148,26.80_64.00,6,99.5
27.200000000000045,44.0,22.40395235401462,9.389013745120145,42.94400000000002,1.3047000000000253,29.4641848757573,17.7461842098226,120.89059999999999,0.92555363,148.07749167892337,102.17359469748604,713.4866000000001,0.9538731000000001,2.5246350364963503,6,0.22046860486770073,0.1569868644035834,27.20_44.00,6,97.5
27.200000000000045,44.4,22.586114114963525,9.422995577718297,43.11610000000002,1.300800000000038,31.04621323476277,18.775031014340104,121.62506,1.7926147,164.06674799041969,117.86213937332673,761.0078699999999,7.5004159999999995,2.6605839416058394,6,0.22759044357664235,0.15996706096113633,27.20_44.40,6,97.5
27.200000000000045,44.8,22.76048822992703,9.287180727818695,43.06290000000001,1.508800000000008,32.65799476706204,19.97683764738058,123.09157,4.598915,180.8625256140511,132.64566462183092,933.5598,11.870842,2.8047445255474455,6,0.23173469468978103,0.1627786382837099,27.20_44.80,6,97.5
27.200000000000045,45.2,22.80835020985404,9.249201198923867,43.08340000000004,1.4531500000000506,35.45012405994525,22.429504611389174,140.05701,4.8856332,216.42385384169708,175.67976139939324,1079.0884,12.7217925,3.062043795620438,6,0.23810382203877736,0.1661239238802517,27.20_45.20,6,97.5
27.200000000000045,45.6,22.943452363138707,9.436572377296498,43.75137000000001,1.1289300000000253,34.9676724225365,21.61593867388786,144.82231000000002,4.829171,208.38412038822995,163.76882067008063,1049.8796,9.682819,3.0355839416058394,6,0.24228350033531024,0.17033015655787023,27.20_45.60,6,97.5
27.200000000000045,45.99999999999999,23.195094242700755,9.595568413647735,44.564099999999996,1.1006000000000427,34.339222064142334,20.846848049426224,142.94689,4.554915599999999,194.76311350547445,145.34671504482998,957.1845999999999,10.604818999999999,2.948905109489051,6,0.245898404875,0.17724935446542997,27.20_46.00,6,97.5
27.200000000000045,46.39999999999999,23.34264713503652,9.628958840464282,44.967430000000036,1.4482700000000364,35.373543124817516,21.466517020107588,141.76726,4.2837653,205.2994530310219,159.72249673470262,1138.9819,5.7516845000000005,3.0127737226277373,6,0.25052925983850366,0.18366589901232952,27.20_46.40,6,97.5
27.200000000000045,46.79999999999999,23.42197812043798,9.652032644423858,45.23086000000001,1.7012000000000285,37.619628414689785,23.646924174100494,152.5848,4.1804453,229.07210253467153,195.50241984576675,1454.8522,9.91717,3.1605839416058394,6,0.2595651195547445,0.19077620610433565,27.20_46.80,6,99.5
27.200000000000045,47.19999999999999,23.551656888686153,9.705023375950718,45.73867000000001,2.0664300000000253,40.354323605529196,26.4679889722295,194.6376,0.65743416,256.627061334854,237.536593194345,1861.65,7.20137,3.3257299270072993,6,0.2687544068453467,0.196488356401263,27.20_47.20,6,99.5
27.200000000000045,47.59999999999999,23.75715508211681,9.766165319633163,46.01310000000001,2.620140000000049,44.06525685475365,29.009528647853077,222.36634,0.39314071,289.9003451959854,279.4647430493637,2298.033,3.7282373,3.5127737226277373,6,0.27634085319616786,0.20175298705723116,27.20_47.60,6,99.5
27.200000000000045,47.99999999999999,24.27907958941608,9.647615791805409,46.18690000000004,3.89846,49.99163580410584,34.97304721159171,273.61833,5.982002,334.01046726058394,341.79396184361235,2544.6438,11.868611,3.6925182481751824,6,0.28309612366149634,0.2082971594859455,27.20_48.00,6,99.5
27.200000000000045,48.399999999999984,24.64781062043798,9.85622426466636,47.074850000000026,4.167380000000037,65.29889596843066,53.95997481440957,425.74067,5.159543,439.34699425456205,491.2636521672814,3633.3307999999997,11.38091,3.948905109489051,6,0.3054662835018248,0.22120156834297108,27.20_48.40,6,99.5
27.200000000000045,48.79999999999998,24.509559151459875,9.769109542972698,46.9042,2.2760000000000105,52.27251125684307,40.599864919161654,375.2466,4.8991717,287.3712985916971,340.1139691260951,3207.7014,12.0107355,3.4936131386861313,6,0.26831708270118615,0.2057897036100625,27.20_48.80,6,99.5
27.200000000000045,49.19999999999998,24.25432785583944,8.11201324537499,43.27970000000005,4.9273600000000215,43.933739171167886,23.340944086282587,241.57214,6.005958,151.27193366605837,140.89223727227835,1773.5740999999998,17.795825,2.8895985401459856,6,0.23097120258941606,0.1854257418643819,27.20_49.20,6,97.5
27.200000000000045,49.59999999999998,24.106571852189802,5.75189054177208,36.16640000000001,12.554160000000024,51.83938514233577,24.129852845057595,191.90063,7.1369786,136.7555061770073,109.83743708380005,1449.2189999999998,11.979864,3.1432481751824817,6,0.21414592559160583,0.1758591335551512,27.20_49.60,6,97.5
27.200000000000045,49.99999999999998,24.736459616788345,5.396536256759676,36.56265000000002,13.529930000000036,40.04051146167883,19.70108096357668,144.51666,4.5377777,122.22440952445255,94.88394435510402,1025.0827000000002,6.9898083,2.690693430656934,6,0.20130296703558395,0.16779685570817401,27.20_50.00,6,97.5
27.200000000000045,50.39999999999998,25.007401468978127,5.293395663955578,36.15786000000003,14.300440000000037,37.456868081204384,16.175189790316956,117.39639,5.926329,114.21266010583942,80.92685660990902,749.08473,11.520838000000001,2.5921532846715327,6,0.19017264390812044,0.1602465294207101,27.20_50.40,6,97.5
27.200000000000045,50.799999999999976,25.219552226277393,5.170528300863471,35.584130000000016,14.953760000000045,35.882955376551095,14.73039557452857,101.76123,7.0030857,107.51430959124087,73.55864440647314,646.5151,14.942924999999999,2.521897810218978,6,0.18025185264516422,0.15340272429565174,27.20_50.80,6,97.5
27.200000000000045,51.19999999999997,25.326988403284695,5.050314561805919,35.59340000000003,15.145170000000007,35.05633386578467,13.970887329283437,99.427176,8.567501,102.42043842518248,68.44844717049884,593.5193,17.11008,2.491788321167883,6,0.17158860623713504,0.14639561657629865,27.20_51.20,6,97.5
27.200000000000045,51.59999999999997,25.549886231751845,4.930413636349017,35.36392000000001,15.075220000000002,34.54714901012774,13.447910611426638,102.32679,8.279053,98.15638533211678,64.38627367028174,547.89837,15.308304000000001,2.4762773722627736,6,0.1633960105437956,0.1406635327629079,27.20_51.60,6,97.5
27.200000000000045,51.99999999999997,25.99842415145988,4.755474157021025,35.65347000000003,15.330100000000016,34.45949740155109,12.838250146355652,93.9283,5.7902207,94.20526455930657,59.6026253312073,483.24420000000003,11.50583,2.4635036496350367,6,0.15662206277691607,0.13760136839145148,27.20_52.00,6,97.5
27.200000000000045,52.39999999999997,26.040435748175206,4.698042829963955,35.85513000000003,14.834000000000003,32.470446669890514,12.516183924235897,86.29990600000001,3.83674,86.76584105748175,55.457137681218214,428.98156,7.246667,2.3877737226277373,6,0.14738296205,0.1334254180704938,27.20_52.40,6,97.5
27.200000000000045,52.79999999999997,24.80533914233579,7.0047839212003735,40.80264,7.305700000000002,31.24654302071168,11.86325752596302,74.46819,4.2054666,79.6363102189781,48.92774333985079,393.36881999999997,7.604687500000001,2.3202554744525545,5,0.13248284710328467,0.12267682332054539,27.20_52.80,5,80.0
27.200000000000045,53.19999999999997,23.39544314781024,8.45638687390381,41.68350000000004,2.925800000000038,29.186395010127736,12.11870905193827,105.97498999999999,2.431877,74.9518461495438,49.65308078294554,396.06684,2.75945,2.2317518248175183,5,0.12064028077007301,0.11280578621457987,27.20_53.20,5,80.0
27.200000000000045,53.599999999999966,22.1737564872263,8.948587770732544,41.17324000000002,1.0810800000000427,26.91688757691606,11.589906784004258,70.94276,1.1334595,74.56583020866788,54.27876540161939,506.70919999999995,1.3732664,2.167883211678832,6,0.1098613106634124,0.10337214547603982,27.20_53.60,6,97.5
27.200000000000045,53.999999999999964,21.64225333941608,9.525437428494884,41.06313,0.17678000000000793,24.38033343372263,11.981871284251243,77.432965,0.0440554,74.75121765274636,71.20007372562895,774.0268000000001,0.04415361,2.114051094890511,6,0.10270394850465328,0.09676009161445281,27.20_54.00,6,97.5
27.200000000000045,54.39999999999996,22.345611441605865,9.354204120115837,41.80874,1.2197500000000332,24.630499014790146,12.09800346244176,68.66323,0.28582106,69.94606344169708,56.801224151389455,536.25723,0.3307897,2.0958029197080292,6,0.1004970427330292,0.09260603842039097,27.20_54.40,6,97.5
27.200000000000045,54.79999999999996,22.921017500000023,9.416772608346664,42.38247000000001,1.230130000000031,23.27958199529197,11.182173092673315,67.57393,0.10940751,64.28103421883212,46.09215891606579,264.31757999999996,0.12751764,2.0273722627737225,4,0.09858481295976278,0.08896884285574458,27.20_54.80,4,58.0
27.200000000000045,55.19999999999996,23.740807947080313,9.133480993306524,42.374900000000025,3.3912600000000452,23.78680566663321,11.216969538067305,71.04995,0.10748083,62.81684110729926,42.87719118759288,256.69482,0.1075616,2.0155109489051095,4,0.10049843528156933,0.08855597477724339,27.20_55.20,4,58.0
27.200000000000045,55.59999999999996,25.153129708029223,9.274849692247157,44.740620000000035,4.965480000000014,26.5273481670073,12.103667540366823,76.32312999999999,0.66354444,63.88482494224453,41.504578944171676,263.35290000000003,0.6637744999999999,2.1322992700729926,4,0.10415790721259124,0.08972249656344894,27.20_55.60,4,58.0
27.200000000000045,55.99999999999996,25.925710337591262,8.648254650188425,44.571680000000015,6.5221200000000294,31.84484307737226,14.69910424005683,95.37549,1.6909963,67.28277224771898,39.713372498088575,272.77783999999997,1.6909919,2.3458029197080292,4,0.10537647774105839,0.08956993166093481,27.20_56.00,4,58.0
27.200000000000045,56.39999999999996,26.15436989051097,7.949684331980653,43.6327,7.746730000000014,29.51315453932482,12.961942225636887,94.23191999999999,1.0512237,61.22212193175182,36.15129202131683,243.65879999999999,1.0512192,2.2354014598540144,4,0.10542300404032848,0.08799543639566629,27.20_56.40,4,58.0
27.200000000000045,56.79999999999996,25.526053220802943,8.30340637794552,44.651760000000024,6.635400000000004,22.651580908211677,11.065828961438465,90.92945,0.1247257,53.03041441062957,35.731149001628296,224.70208,0.12478515,1.948905109489051,4,0.10386539921532847,0.08593035760747851,27.20_56.80,4,58.0
27.200000000000045,57.19999999999995,24.654825793795645,8.408370723519901,44.26310000000001,5.3980999999999995,20.725043829981754,10.012570011875596,75.930885,0.10149806,52.752149916003646,36.027581515486105,246.76316,0.10159304000000001,1.8686131386861313,4,0.09722119326788321,0.08052115937774881,27.20_57.20,4,58.0
27.200000000000045,57.59999999999995,23.60265422445258,8.378149228470718,41.69204000000002,3.7057000000000357,18.181807077691605,8.802610166884765,57.378973,0.02171005,50.85729408440694,35.16034944924303,247.56858000000003,0.07322846000000001,1.7718978102189782,4,0.08538371548001826,0.07108076946375015,27.20_57.60,4,58.0
27.200000000000045,57.99999999999995,23.85599770072995,8.847379840284331,42.567769999999996,2.739900000000034,16.254254471177006,7.843949719956038,51.45862,0.5867464,45.52502651583942,32.9866885514355,255.33316000000002,0.58902566,1.7116788321167884,4,0.080768943354927,0.06635482424799624,27.20_58.00,4,58.0
27.200000000000045,58.39999999999995,25.118823211678855,9.32278394772289,44.079740000000015,2.9303199999999947,21.204868574197082,17.879597059629727,141.00736,0.40295142,100.54409733713503,171.93593894069454,1378.9277,0.42397619999999997,2.0784671532846715,6,0.09548026800182481,0.08455834716562337,27.20_58.40,6,97.5
27.200000000000045,58.79999999999995,25.64640285583944,9.625025558702436,45.450829999999996,3.5162600000000452,19.514850101596718,13.782588774388358,126.53642999999998,0.32403855,79.65399730976277,112.13397592861203,920.3472,0.3470102,1.9644160583941606,6,0.09666380635948904,0.08985816036861642,27.20_58.80,6,97.5
27.200000000000045,59.199999999999946,25.77420080291973,9.71931825925048,45.683250000000044,4.609520000000032,22.444802380693428,22.716156842031495,226.05023,0.49353143999999993,109.79509905763686,216.70248041959562,2265.5965,0.6737461699999999,2.0921532846715327,6,0.1010582866435219,0.10640641926188964,27.20_59.20,6,97.5
27.200000000000045,59.599999999999945,25.455515948905134,9.691838580836688,45.05898000000002,2.7515999999999963,19.00577059689781,14.800681058031055,120.01286,1.357934,73.77725874333942,107.2797530031184,1098.4465,1.5069721,1.907846715328467,6,0.09393756427819344,0.10178028840452735,27.20_59.60,6,97.5
27.200000000000045,59.99999999999994,24.968006186131408,9.86870231638977,44.63906000000003,0.7408700000000294,17.600179796806568,12.791713867240073,94.64066000000001,1.2171443,58.610269345437956,76.37277283062451,653.43505,1.9137435999999999,1.781021897810219,6,0.08846632119416058,0.09289371210660366,27.20_60.00,6,97.5
27.200000000000045,60.39999999999994,24.779684908759144,9.675169031483831,44.72378000000003,1.507470000000012,16.344556448722628,11.181072216369593,83.70885999999999,2.2490068,49.975836920255475,61.16451668510426,452.80942,2.803475,1.6797445255474452,6,0.08470935484625912,0.0834748376075011,27.20_60.40,6,97.5
27.200000000000045,60.79999999999994,23.082138202554766,9.353929926172777,42.981600000000014,-0.2659699999999816,15.241911641879563,10.081831202514556,72.07738,1.4582815,48.19974956359489,56.08041322420517,397.26345000000003,1.4831064999999999,1.6122262773722629,5,0.07601351340191606,0.07028437394600687,27.20_60.80,5,80.0
27.200000000000045,61.19999999999994,20.438567572992724,9.074187385047665,39.651760000000024,-2.5384300000000053,14.88109904685219,9.701279895605424,58.814535,0.5841758,50.31192408914234,50.4929638340905,313.38416,1.1284458000000002,1.6067518248175183,4,0.06846501169662408,0.06268945279592841,27.20_61.20,4,58.0
27.200000000000045,61.59999999999994,19.697559954379585,9.125846427605913,38.12440000000004,-2.724459999999965,15.635751332992701,10.406165617502777,64.70997,0.6075527,56.00584595939781,55.76233035594466,378.5905,1.363643,1.6514598540145986,5,0.07019969900343978,0.06426906872920665,27.20_61.60,5,80.0
27.200000000000045,61.999999999999936,20.214852281021923,9.311356950046449,39.40396000000004,-1.8172399999999698,17.08899795658759,11.683371990629011,76.320156,0.46514512,64.47238506055658,62.82247013637867,325.92007,0.68915557,1.7235401459854014,4,0.07678743375456204,0.07019270088008842,27.20_62.00,4,58.0
27.200000000000045,62.399999999999935,20.06166747262776,9.266411685898909,39.47770000000003,-1.8587399999999548,18.338271265392336,12.628319252511401,81.46394500000001,0.16565133999999998,75.48166207656023,71.61353827802772,410.95817,0.16557080999999998,1.801094890510949,5,0.08263959884461679,0.07549110651440413,27.20_62.40,5,80.0
27.200000000000045,62.79999999999993,20.081042490875937,9.137931034861134,39.196439999999996,-2.4495599999999627,19.283060333804745,12.581748538941147,80.36824,0.80765455,85.67182136231752,75.79945943778935,516.3438,2.8916169999999997,1.905109489051095,6,0.09253734100958029,0.08373605528825075,27.20_62.80,6,97.5
27.200000000000045,63.19999999999993,20.819821003649658,9.244343660332643,39.998680000000036,-1.7444799999999532,20.734361804835768,13.782166907037947,94.49779,1.4192004999999999,97.21436575100364,90.57501550728678,644.7753,3.7539002999999997,2.0255474452554743,6,0.11070670369142335,0.09977477789047348,27.20_63.20,6,97.5
27.200000000000045,63.59999999999993,21.334656751824838,9.296864356563555,40.55093000000005,-0.8279799999999682,26.439616091240875,17.53313377266296,117.96054600000001,1.3338216999999999,146.26084173604016,131.37820915738246,989.9973,3.1463324999999998,2.468978102189781,6,0.13687630322582117,0.11582403494788779,27.20_63.60,6,97.5
27.200000000000045,64.0,20.787446213503674,9.1587880176139,39.65933000000001,-1.5711399999999571,28.072985815784673,19.326261464693022,134.29633,1.3707131000000001,156.18051276815692,142.07574848926276,940.84004,2.6315584999999997,2.572080291970803,6,0.142062279495073,0.12607885620999587,27.20_64.00,6,97.5
27.600000000000044,44.0,22.240987153284692,9.352322720359634,43.07754,1.1650600000000395,33.00801023923358,21.952190388115554,154.96067,3.137658,202.8198259904197,173.38727190166048,1322.7249,11.131744,2.9589416058394162,6,0.2256524032509124,0.15825493249873232,27.60_44.00,6,97.5
27.600000000000044,44.4,22.605980036496373,9.3051237166222,43.32754,1.686550000000011,35.96417737390511,25.078447612427116,189.78744,5.3630070000000005,235.9157203968978,220.16597347831902,1747.3345,11.089938,3.1377737226277373,6,0.23607430555930656,0.16141614131110318,27.60_44.40,6,99.5
27.600000000000044,44.8,22.82402899635039,9.259088687188077,43.37637000000001,1.7226800000000253,34.5429957294708,21.96378848667796,156.50721000000001,5.601107,212.7598810629562,176.31234775391985,1278.2042000000001,12.083376000000001,3.039233576642336,6,0.23705442503375912,0.1611273544433182,27.60_44.80,6,97.5
27.600000000000044,45.2,22.98772767335769,9.291417933699242,43.647850000000005,1.6748300000000427,35.30501554990876,21.97710709620291,148.21649000000002,5.1008233,219.0839797162409,179.85475654753046,1278.46,11.468225,3.096715328467153,6,0.23989410510218975,0.163862857013757,27.60_45.20,6,97.5
27.600000000000044,45.6,22.986245273722652,9.505355300806027,44.258200000000045,1.279320000000041,34.33744665091241,20.193250545769796,128.62430999999998,4.8365725,202.1250382490876,150.18977785956645,951.2156,9.1275725,3.0173357664233578,6,0.24052390896167886,0.16717863994914572,27.60_45.60,6,97.5
27.600000000000044,45.99999999999999,23.029644689781048,9.66895217969686,44.80703,1.2841999999999985,34.97906495565694,20.68910563486114,127.30995,4.8812536,204.35030358941606,153.9282230535184,1057.1315,5.705073,3.0145985401459856,6,0.24374520160127736,0.17157995174299093,27.60_46.00,6,97.5
27.600000000000044,46.39999999999999,23.206747500000024,9.735381285820003,45.34805,1.5703400000000443,36.52583522490876,22.21471729519205,136.78817,4.5081050000000005,221.82966701596715,183.2775150103133,1342.8368,8.926276,3.134124087591241,6,0.2494017737600365,0.17792704954493563,27.60_46.40,6,99.5
27.600000000000044,46.79999999999999,23.501606286496376,9.750961360380053,45.87832000000003,2.0361599999999953,38.83947418321168,24.962635953852555,173.70381,4.330185,245.58195161177008,224.10574473835567,1737.0493,9.582685,3.269160583941606,6,0.2587102568585766,0.1852279444198452,27.60_46.80,6,99.5
27.600000000000044,47.19999999999999,23.77319822992703,9.620686512843797,46.01895000000002,2.8174000000000206,39.60108840903285,25.07707058908632,176.38395,1.9631699999999999,245.33158065839416,222.07040334635573,1714.0203999999999,9.743609000000001,3.292883211678832,6,0.26258175278010953,0.1888927098466749,27.60_47.20,6,99.5
27.600000000000044,47.59999999999999,24.21475081204382,9.608772308422319,46.33438000000001,3.6611599999999953,43.665077732025544,25.46575999591842,182.1461,0.5168888,274.09939474598536,224.69321940817798,1605.9095000000002,1.6070681,3.545620437956204,6,0.26655290995346714,0.1925221268992811,27.60_47.60,6,99.5
27.600000000000044,47.99999999999999,24.21850867700732,9.748873662925229,46.4015,3.9984400000000164,46.11680476186132,28.556126556813567,216.34455,6.639336999999999,271.4591355456204,245.87483289065216,1816.6353000000001,15.470436999999999,3.502737226277372,6,0.26834664864324814,0.1986984245341959,27.60_48.00,6,99.5
27.600000000000044,48.399999999999984,24.637901797445277,10.055348430553309,47.424950000000024,3.7280000000000086,51.880088124361315,37.4583447906865,288.55985000000004,6.2712626,295.943041892792,310.67625194137156,2475.9083,11.2657315,3.5994525547445257,6,0.2711489371578467,0.2083142234194178,27.60_48.40,6,99.5
27.600000000000044,48.79999999999998,24.783396122262797,9.0528657658033,46.107320000000016,4.9898600000000215,39.61656627591241,22.28580071988627,186.78034,7.394413,154.20888124270073,141.37320000821958,1267.3437000000001,14.900243000000001,2.802007299270073,6,0.24049606939142334,0.19508357809836188,27.60_48.80,6,97.5
27.600000000000044,49.19999999999998,23.922666432481773,6.014643532286836,36.88467000000003,12.001430000000028,38.921010977737225,18.508835583547306,141.50875,1.1635033,125.1990032814781,99.69268960448913,954.1837,1.9674459999999998,2.677919708029197,6,0.22182652890885035,0.17898898276725111,27.60_49.20,6,97.5
27.600000000000044,49.59999999999998,24.436253038321187,5.61321589858849,36.322900000000004,12.686180000000036,37.96413501487226,17.496846570145927,123.21658,1.7741295,124.51867349406933,92.69061462319108,680.71006,2.782467,2.6551094890510947,6,0.2080050408620438,0.17237523246607378,27.60_49.60,6,97.5
27.600000000000044,49.99999999999998,24.792335000000023,5.494344177394848,36.53677000000005,13.27896000000004,35.820468817335765,16.112781844798292,117.04268,5.32405,116.20965008074816,82.85000600143712,492.4051,8.472512,2.553832116788321,6,0.19678837857399636,0.1665896287567267,27.60_50.00,6,97.5
27.600000000000044,50.39999999999998,24.98398483576645,5.33895555934726,35.93130000000002,13.916650000000004,35.53780458120438,14.737493810124633,101.7364,5.785656,110.69688662728102,74.87276569377399,522.0006,11.3923715,2.54014598540146,6,0.18642398583266426,0.1589914397848339,27.60_50.40,6,97.5
27.600000000000044,50.799999999999976,25.08016687043798,5.203792373758855,35.54214000000002,14.486000000000047,34.83741229242701,13.943889678981249,97.84716,7.0963715,105.12948923813869,69.48047337029432,528.2319,13.768669,2.4945255474452557,6,0.1769005794540146,0.15068366511954093,27.60_50.80,6,97.5
27.600000000000044,51.19999999999997,25.123757189781045,5.091914110184177,35.308250000000044,14.589500000000044,34.29219230063868,13.381391049106535,94.98662999999999,7.4786649999999995,100.17075869890512,65.38965910619237,509.39207,15.210218999999999,2.4434306569343067,6,0.1686220748959854,0.1437872007078649,27.60_51.20,6,97.5
27.600000000000044,51.59999999999997,25.42001085766426,5.101966972971044,35.83390000000003,13.357450000000028,33.808881041514596,12.896913621513109,98.47476400000001,5.714768,95.30801998038321,61.66441652194942,462.14313,13.276161499999999,2.447992700729927,6,0.15984963395392338,0.13859238544947267,27.60_51.60,6,97.5
27.600000000000044,51.99999999999997,25.29126297445258,5.281556536275198,37.468650000000025,11.689480000000003,36.13449278841241,13.818126471589919,103.03349,6.6239148,92.4757814676095,57.19604133636743,449.6018,11.275272999999999,2.52007299270073,6,0.14782175037427006,0.13250155694602286,27.60_52.00,6,97.5
27.600000000000044,52.39999999999997,24.175247965328488,5.287288269520085,36.646630000000016,10.025930000000017,34.80878218266424,14.101331998818763,95.496866,5.1970503,85.24119699133212,52.99843901587385,451.41005,7.891633,2.480839416058394,6,0.13314527299680656,0.1236526080624384,27.60_52.40,6,97.5
27.600000000000044,52.79999999999997,22.349414662408783,7.836868987959598,39.499660000000006,2.9502200000000016,32.534492288959854,13.146478322863777,77.25853000000001,3.2564476,81.57812217718978,51.84434883681036,432.01246,3.2563752,2.3850364963503647,5,0.11759616931724451,0.11175884922544171,27.60_52.80,5,80.0
27.600000000000044,53.19999999999997,21.629268859489073,9.669809402710793,43.478170000000034,-0.7607199999999921,27.47619517892336,12.488479962611903,67.98266000000001,1.3685313000000001,73.96648526706204,53.183393278174776,408.6352,2.2682092000000003,2.177919708029197,5,0.10783397487773723,0.10356494336807975,27.60_53.20,5,80.0
27.600000000000044,53.599999999999966,21.797574562043817,9.474572570549524,42.51284000000004,-0.6112999999999715,23.97947124160584,11.224903688292347,65.28645,1.0977127,66.54999423494526,49.10206295528749,330.4639,1.3005936,2.0447080291970803,4,0.1015253816854927,0.09812709916184102,27.60_53.60,4,58.0
27.600000000000044,53.999999999999964,21.208329507299293,9.38185075573299,42.12808000000001,-0.5751699999999573,22.180438252563867,10.821673536700175,63.577749999999995,0.37694467000000004,65.57374381286496,51.39751387694342,298.39615,0.376915,1.9744525547445255,4,0.09451950898649635,0.09189314903293959,27.60_54.00,4,58.0
27.600000000000044,54.39999999999996,21.166071843065716,9.314773964489362,41.34730000000002,-0.35153999999999996,22.54403491981478,11.159151609311495,69.93213499999999,0.052727697,65.36605990248175,51.582637367249504,365.15758,0.061005050000000005,2.0072992700729926,5,0.09105602255675183,0.08789563992827068,27.60_54.40,5,80.0
27.600000000000044,54.79999999999996,22.069084671532867,9.287839027603868,41.88223000000005,1.0596000000000458,22.329452774726278,11.01545678537418,64.73010000000001,0.6042819599999999,61.326168845073,45.486691209373674,328.8086,0.9577847,1.9717153284671534,4,0.09123924008339415,0.0859728721785594,27.60_54.80,4,58.0
27.600000000000044,55.19999999999996,22.799311085766448,9.066041971564252,41.79385000000002,3.330219999999997,21.629135741852192,10.565403488797191,61.64007,0.07860436999999999,59.240951382718976,43.21962204871287,313.59326,0.11824816,1.947080291970803,4,0.09236397976596715,0.08426230496649885,27.60_55.20,4,58.0
27.600000000000044,55.59999999999996,23.510210364963527,8.714555912761798,42.138570000000016,4.45034000000004,21.50001705243677,10.655595545834524,65.99331,0.0034573706999999998,58.04809720675639,41.20760240493407,275.35881,0.003879205,1.9242700729927007,4,0.09313127261259124,0.08237515380088568,27.60_55.60,4,58.0
27.600000000000044,55.99999999999996,23.623060364963525,8.450016505641267,41.70547000000005,4.850729999999999,21.85200727721989,10.6975827953091,66.69462,0.016893732999999998,57.58173852216424,40.09100354753526,278.38408000000004,0.016953192000000002,1.9425182481751824,4,0.09126492893667884,0.07989274962394825,27.60_56.00,4,58.0
27.600000000000044,56.39999999999996,23.157112874087616,8.473572206978588,41.65957000000003,4.318020000000047,21.83125924899635,10.508142864323082,68.941496,0.30360484000000004,55.23983237714416,37.036709155386994,275.29214,0.30361455,1.9324817518248176,4,0.08896003228403285,0.07686383867219199,27.60_56.40,4,58.0
27.600000000000044,56.79999999999996,23.355223850364986,8.678935871407617,42.099019999999996,4.443020000000047,21.55237206301095,10.334363976369144,68.46046000000001,0.60394656,51.99615019680657,33.710794382850395,229.15432,1.0022202,1.916058394160584,4,0.08902563945675182,0.0750353229920861,27.60_56.80,4,58.0
27.600000000000044,57.19999999999995,23.439668403284696,8.830279555616624,42.99380000000002,3.663720000000012,21.2487586532573,10.279176310732048,81.21357,0.23424407,51.6995434259124,34.482346614522434,237.32662,0.5926666,1.8996350364963503,4,0.08762290420173358,0.07295781998745243,27.60_57.20,4,58.0
27.600000000000044,57.59999999999995,23.281343275547467,9.187230238820517,43.43667000000005,2.198880000000031,19.645640525638683,9.082762878559999,69.09809,0.05977946,50.221507661770076,32.85865358932431,216.19628,0.06424719999999999,1.8485401459854014,4,0.08474217634169708,0.06992442921742904,27.60_57.60,4,58.0
27.600000000000044,57.99999999999995,24.35602599452557,9.726588510779894,45.04385000000002,2.979150000000004,17.89814583281022,7.895663354222853,56.6308,0.73289586,44.58357880301095,28.919266968482205,213.23868,0.9579991999999999,1.7983576642335766,4,0.08565903869005474,0.06980006325873957,27.60_58.00,4,58.0
27.600000000000044,58.39999999999995,25.370628430656957,10.033590105262938,46.189840000000004,3.0143000000000484,17.432199280930657,8.401575968536125,56.3679,1.1837092,51.40345061040146,46.49597686485144,330.492,1.3387156,1.7764598540145986,4,0.08753003365720803,0.07156335288717215,27.60_58.40,4,58.0
27.600000000000044,58.79999999999995,25.384643129562065,9.925470703927068,46.25063,2.7087000000000216,17.907595277217155,10.555155377556966,72.73301599999999,0.8677464300000001,65.10873797732664,79.76828926537314,652.64175,0.86777485,1.8576642335766422,6,0.0879028879455292,0.07410931490176118,27.60_58.80,6,97.5
27.600000000000044,59.199999999999946,25.39444285583944,9.740041395826992,45.745750000000044,2.324820000000045,19.737413067153284,16.09561334082072,145.04562,1.0769870000000001,89.00715340720802,145.55242798577524,1422.0713999999998,1.0770723,1.968978102189781,6,0.0897355435259124,0.0841588957065757,27.60_59.20,6,97.5
27.600000000000044,59.599999999999945,24.40771504562046,9.56214201194938,44.692300000000046,1.826780000000042,18.192880733485403,14.293354013511108,131.65204,1.2451113,78.98465935054745,124.42678862874182,1291.2205000000001,1.6108319999999998,1.8768248175182483,6,0.08631802708029197,0.08796467311967755,27.60_59.60,6,97.5
27.600000000000044,59.99999999999994,23.382889498175206,9.418960309789773,43.64395000000002,-0.24545999999998003,15.570419579744526,10.72211764402971,74.462776,1.0873424,55.87429925474453,70.77334310224555,630.9598500000001,1.3170084000000002,1.6815693430656935,6,0.0806094268293157,0.08146997706755714,27.60_60.00,6,97.5
27.600000000000044,60.39999999999994,22.78364986313871,9.362132461032749,43.05117000000001,0.508420000000001,14.820269962043795,9.747587686788904,67.05981,1.1518289,49.219919212591236,56.17009226732171,388.00087,1.3582013,1.6012773722627738,5,0.07695361274694344,0.07397309397955205,27.60_60.40,5,80.0
27.600000000000044,60.79999999999994,20.93412081204382,9.353122201827809,40.62393000000003,-1.3704999999999927,14.496850578649635,8.901100629472435,62.83458,0.5583319,49.28191689729015,50.496788987426314,363.23266,0.5592102299999999,1.5857664233576643,5,0.07119822062466241,0.06676519658246909,27.60_60.80,5,80.0
27.600000000000044,61.19999999999994,18.948524343065717,9.205574917304126,37.814840000000004,-3.87045999999998,14.187853272335767,8.840862546429564,52.85716,0.42931153,51.39518163350365,52.06579776333263,332.02096,0.46257642,1.5684306569343065,4,0.06602532117463503,0.06182503371803664,27.60_61.20,4,58.0
27.600000000000044,61.59999999999994,18.72346621350367,9.189501062981348,37.449850000000026,-4.203959999999995,14.564971057527373,9.511595529632103,60.07281,0.56852195,55.21119823786496,56.04908318835994,326.92449999999997,0.785106,1.5994525547445255,4,0.06707133747709854,0.06232489361576111,27.60_61.60,4,58.0
27.600000000000044,61.999999999999936,18.949793886861336,9.157333297014329,38.124660000000006,-3.915869999999984,15.545084106240875,10.728119617646831,72.364664,0.26133304,60.35264182625912,60.69908870575127,422.30616000000003,0.29540118000000004,1.6423357664233578,5,0.07059685434603102,0.06426067919077852,27.60_62.00,5,80.0
27.600000000000044,62.399999999999935,20.140464352189802,9.208321553595733,39.60170000000005,-2.653660000000002,17.443480560492702,11.591088895680713,72.59773,1.5179357,75.75821027664233,71.2395025460818,477.42990000000003,2.5794252999999996,1.7937956204379562,6,0.08387536966998176,0.07384331474401327,27.60_62.40,6,97.5
27.600000000000044,62.79999999999993,21.986978786496373,9.268596066483928,41.71084000000002,-1.0364699999999516,23.383072746806572,15.596509674271413,97.55968999999999,2.2094913,130.77883395793796,118.7707098017711,747.2666,4.9240265,2.3248175182481754,6,0.10651445585018247,0.09128928936417088,27.60_62.80,6,97.5
27.600000000000044,63.19999999999993,22.99365064781024,9.487089634586203,42.911040000000014,-0.219099999999969,31.459675794525545,26.363207872479673,186.21462,2.3611069000000002,203.62354005209855,231.87805206729118,1858.4656,5.66109,2.7992700729927007,6,0.1345899648375,0.11530934945921024,27.60_63.20,6,97.5
27.600000000000044,63.59999999999993,23.272255666058417,9.670395747801368,43.13564000000002,-0.1634999999999991,33.869027304105835,29.202726806093725,201.47014,3.345238,215.44258566341242,246.09502409149846,1936.1728000000003,5.144526600000001,2.8604014598540144,6,0.1561306624410584,0.13443705964036373,27.60_63.60,6,97.5
27.600000000000044,64.0,22.890943458029216,9.689279454562387,42.629800000000046,-0.926179999999988,32.53976006560219,25.961979179886832,193.4232,2.5857871,193.41781378540145,201.26209314986164,1571.6018000000001,4.707843,2.791970802919708,6,0.15935428234124085,0.13901821132147185,27.60_64.00,6,97.5
28.000000000000043,44.0,22.218903202554767,9.347165553147088,43.094629999999995,1.3945600000000127,31.259768914324816,19.66124898058328,129.46496,4.7762256,185.66827689005473,145.51303923498438,930.92723,12.17731,2.8184306569343067,6,0.22281699533029198,0.15475168812478401,28.00_44.00,6,97.5
28.000000000000043,44.4,22.270325145985424,9.436591120111489,43.31875000000002,1.0361599999999953,34.299089321350365,22.374398074752328,166.0145,5.5458376,219.937935497719,187.60209220912824,1473.5423,10.1499325,3.072992700729927,6,0.2331568061354927,0.1602239645578793,28.00_44.40,6,97.5
28.000000000000043,44.8,22.53053296532849,9.468010116960937,43.70840000000004,1.030300000000011,35.08508663978102,22.533525787429006,172.34444000000002,5.8455587,225.58187645118613,193.6821325382226,1535.0923,11.9501635,3.1104014598540144,6,0.23828880934215327,0.16215655125735898,28.00_44.80,6,97.5
28.000000000000043,45.2,22.780667071167905,9.527123116025548,44.115620000000035,0.8887000000000285,33.90118458521898,19.9471715585542,129.99202,6.8253083,204.01298599315695,153.3314916770404,1111.8211999999999,11.739122,2.9872262773722627,6,0.23805825333576644,0.16269872737318547,28.00_45.20,6,97.5
28.000000000000043,45.6,22.82714833941608,9.626208964385986,44.630269999999996,0.8848000000000411,33.87767381970803,19.109906771776963,127.60232,7.035073,197.3000982217153,139.83678373658478,956.4598,11.309741,2.9589416058394162,6,0.2351674744708029,0.16285501748153114,28.00_45.60,6,97.5
28.000000000000043,45.99999999999999,22.83827230839418,9.737828606909632,45.09023000000002,1.1504000000000474,34.82887621186131,19.576425050996175,136.19402,6.091125,203.6074377837591,149.98456638709595,1054.784,10.154875,3.0301094890510947,6,0.23680648931614964,0.1636982678410067,28.00_46.00,6,97.5
28.000000000000043,46.39999999999999,23.023780684306594,9.787915310782768,45.60000000000002,1.4424000000000206,35.580419939872264,20.340697737419546,130.33507,5.9348054999999995,211.4919680122263,162.81843715510345,1197.8985,9.752026,3.0775547445255476,6,0.24005675245072994,0.16798624469922424,28.00_46.40,6,99.5
28.000000000000043,46.79999999999999,23.286408740875935,9.79548702694319,45.9828,1.871120000000019,37.66810111040146,22.4127467653518,159.00365000000002,6.26427,232.31194601368614,190.9527327094943,1373.0715,8.411909,3.241788321167883,6,0.2487368463544708,0.17427327274430476,28.00_46.80,6,99.5
28.000000000000043,47.19999999999999,23.744126350364986,9.682444353298296,46.2953,2.6933800000000474,38.697837988047446,22.378729386614733,143.59756000000002,5.439345,234.02707146076642,189.25745181240003,1276.7979,9.644172000000001,3.2746350364963503,6,0.25279831569114963,0.17792988745313515,28.00_47.20,6,99.5
28.000000000000043,47.59999999999999,24.14356622262776,9.695488662554789,46.601950000000045,3.613300000000038,40.990444537226274,21.328620393493782,135.67254,5.2866342,225.87786857846714,172.70203311669226,1134.3865,14.750259999999999,3.27007299270073,6,0.25162503387180657,0.18141851103318168,28.00_47.60,6,99.5
28.000000000000043,47.99999999999999,24.252861806569367,9.860267577414113,46.71720000000005,3.9873300000000427,49.822116851642335,30.405797910495178,219.6339,9.133072,287.41791406386864,266.9917068496975,1970.3627000000001,16.896810000000002,3.633211678832117,6,0.2599190350912409,0.1898653610401057,28.00_48.00,6,99.5
28.000000000000043,48.399999999999984,24.79416017335769,9.628541999054521,46.79385000000002,4.976040000000012,45.438570538321166,26.15156713296668,191.42219,9.576675,214.71961018704377,196.2848683166777,1509.4228,17.511346999999997,3.218065693430657,6,0.24994432454653281,0.1942683840545759,28.00_48.40,6,99.5
28.000000000000043,48.79999999999998,24.7130554562044,7.78961199562082,43.411519999999996,8.311000000000035,40.09824753385037,18.303275095576016,130.25878,4.2066866,132.78060344434306,97.3660074108485,699.4493,5.555971,2.752737226277372,6,0.22872091028832117,0.182641755634136,28.00_48.80,6,97.5
28.000000000000043,49.19999999999998,24.21156458029199,5.974770093221091,37.00625000000002,12.495750000000044,42.242343568430655,17.6657098766463,132.52004000000002,9.720839,132.8350822910584,94.36711115985831,665.27525,15.454344,2.81478102189781,6,0.21330848822627738,0.1697582694794901,28.00_49.20,6,97.5
28.000000000000043,49.59999999999998,24.55901687043798,5.725854634265409,36.4203,12.671530000000018,39.75702308713503,16.97093783476,129.72006000000002,6.244864000000001,127.81910523585765,89.57432062607559,603.7131,9.3399235,2.7153284671532845,6,0.20069326010775548,0.1638409942723056,28.00_49.60,6,97.5
28.000000000000043,49.99999999999998,24.785946231751847,5.5645381426873355,36.20327000000003,13.014300000000048,35.81071420355839,15.648924018192004,122.58751000000001,5.1828586,115.06599773594891,80.31663803942358,503.4577,7.3679116,2.5447080291970803,6,0.19119340900593065,0.16070843876526272,28.00_50.00,6,97.5
28.000000000000043,50.39999999999998,24.93114248175185,5.4031994071651015,35.71572000000003,13.559230000000014,34.945445645346716,14.505169727585892,111.513934,7.2950193,108.39576827828468,72.69593014055685,510.33885000000004,13.620422,2.509124087591241,6,0.18213549335127738,0.15361632570217132,28.00_50.40,6,97.5
28.000000000000043,50.799999999999976,24.872057381386885,5.283410886162984,35.52725000000004,13.759420000000034,34.318394002281025,13.723372259783964,102.23809,5.745445,103.43054545711679,68.16411391230278,490.4637,11.033705,2.4735401459854014,6,0.17420514570209852,0.1462325072845573,28.00_50.80,6,97.5
28.000000000000043,51.19999999999997,24.621052901459876,5.335584607488938,35.70890000000003,12.908230000000003,32.941427846259124,13.067404885644077,96.204744,4.376134,93.99337649498176,62.939979992444876,451.19903999999997,9.035839000000001,2.4215328467153285,6,0.16568641269835768,0.1401690187027032,28.00_51.20,6,97.5
28.000000000000043,51.59999999999997,23.947481313868636,7.37508821319634,40.22060000000005,6.862330000000043,31.96004413841241,12.485334220309872,88.18995,4.6411524,87.61384687317519,56.52836696375293,406.7266,9.757099,2.355839416058394,5,0.15085046730866788,0.13192309442886127,28.00_51.60,5,80.0
28.000000000000043,51.99999999999997,22.979595218978123,9.320059947823536,44.14614,1.759800000000041,37.90029544343066,17.325190678843917,110.723875,4.5132900000000005,91.6461921779197,57.1311250231641,485.82404999999994,7.791981,2.6231751824817517,6,0.13366843848503648,0.12227086284959776,28.00_52.00,6,97.5
28.000000000000043,52.39999999999997,22.296675483576664,9.424401910547688,43.888329999999996,0.4463000000000079,31.296128214781024,14.174115887931414,97.474754,3.417633,80.04202117837592,54.5080539281838,464.63222,5.6869998,2.335766423357664,6,0.11972639489023723,0.11459092015159433,28.00_52.40,6,97.5
28.000000000000043,52.79999999999997,21.892176614963528,9.709423569097659,43.98647,-0.5517299999999636,25.702178190237227,12.596512009355317,83.19327,1.5410967,72.23257146687956,55.47833872944123,440.98297,1.5443731,2.096715328467153,6,0.10910087190857663,0.1069132953466271,28.00_52.80,6,97.5
28.000000000000043,53.19999999999997,21.38260542883214,9.712258896733486,43.18887000000001,-0.23629999999997153,24.2875405189781,11.965726432173808,76.995505,1.1325032,66.6773039459854,51.18408299271406,393.21563,1.6918856999999998,2.0410583941605838,5,0.10101666817427007,0.09895559361674874,28.00_53.20,5,80.0
28.000000000000043,53.599999999999966,20.895517007299294,9.711590855756608,42.42715000000004,-0.7323999999999842,22.386519921441607,11.03549461251061,61.18701,0.9914155000000001,62.357749170711685,48.746307561093666,321.85076,1.1542787,1.969890510948905,4,0.09430507110364963,0.09228677166964525,28.00_53.60,4,58.0
28.000000000000043,53.999999999999964,20.17397842153287,9.637370240437836,41.010400000000004,-0.9095999999999549,21.58077437509124,10.497282317963894,56.764016000000005,1.1714927000000002,60.80910096523722,47.546186594499986,283.78943000000004,1.8999327000000001,1.9525547445255473,4,0.08874036563065693,0.08619917374852668,28.00_54.00,4,58.0
28.000000000000043,54.39999999999996,19.999704689781048,9.672361472056487,41.01577000000003,-1.020939999999996,20.652743709279196,10.095298953479057,57.506732,0.22379796999999998,58.472740898540145,45.80426872943435,298.15016,0.6305761,1.9023722627737227,4,0.08576771148959854,0.08333393266316255,28.00_54.40,4,58.0
28.000000000000043,54.79999999999996,21.178963895985426,9.592439039782723,42.290430000000015,0.19924000000003161,19.42725186788321,9.655359599108992,56.237415,2.2142356999999997,54.91136540939781,42.51199153020505,308.45279999999997,2.6688516,1.822992700729927,4,0.08730959785921533,0.083769018699367,28.00_54.80,4,58.0
28.000000000000043,55.19999999999996,21.67064903284674,9.393220381775667,42.78408000000002,1.6377200000000016,19.185709960036498,9.869421080165854,63.74596,0.9692341,54.18494613284671,42.10393802214035,303.62997,1.5615026,1.8156934306569343,4,0.0859435450600365,0.08179957665286174,28.00_55.20,4,58.0
28.000000000000043,55.59999999999996,20.996426259124114,9.048524637634912,41.72524000000004,1.517719999999997,19.2923478592427,9.693902373255753,58.74532,0.24585902999999998,53.910585917691606,41.011601901104456,283.4119,0.44452938999999997,1.8284671532846715,4,0.0811663063385949,0.07581102890098929,28.00_55.60,4,58.0
28.000000000000043,55.99999999999996,20.70578728102192,8.962596601257548,41.34268000000003,1.0343300000000113,18.749376599258213,9.345072008161951,57.822568000000004,0.031758287,51.678616953441605,38.642300496844456,299.64488,0.032244072,1.8074817518248176,4,0.07712048965209854,0.07053406568440246,28.00_56.00,4,58.0
28.000000000000043,56.39999999999996,20.26531228102192,8.916466807381571,39.76138000000003,0.636380000000031,17.755558634881385,8.839132521539385,64.953646,0.52201143,47.071154623184306,34.362641596922366,309.32122,0.52234805,1.7536496350364963,4,0.07439154041441605,0.06695616906514357,28.00_56.40,4,58.0
28.000000000000043,56.79999999999996,20.334464771897835,8.754211169438456,39.07925,0.9332500000000437,16.795592464470804,8.505908151359005,72.255496,0.6053122000000001,42.68621424416058,30.78241551935793,348.95166,1.0583079,1.697080291970803,4,0.07371217482235402,0.06522569714369357,28.00_56.80,4,58.0
28.000000000000043,57.19999999999995,21.48793645072995,9.066944369702401,41.29850000000005,1.7267000000000507,17.260616192427005,8.015436521204233,57.047177999999995,0.8669056,42.03875165492701,27.585134599307178,236.98513,1.0162438,1.72992700729927,4,0.07666220881614963,0.06559150163022086,28.00_57.20,4,58.0
28.000000000000043,57.59999999999995,23.325998284671556,9.672308009037506,44.082899999999995,1.9503400000000397,18.59567687214416,8.228770925431661,59.487565,0.23431906000000002,43.52632045131387,28.540510449760987,236.87582,0.25247754,1.8357664233576643,4,0.08139528632089416,0.06807341083674678,28.00_57.60,4,58.0
28.000000000000043,57.99999999999995,24.28301111313871,9.932233652081045,45.710350000000005,1.8946800000000508,17.72848890310219,7.973443275158912,51.900518,0.7377954400000001,41.076368803375914,27.8528354701753,240.6761,0.7459920999999999,1.7636861313868613,3,0.08267816566879563,0.06789308406183478,28.00_58.00,3,38.0
28.000000000000043,58.39999999999995,23.684677335766448,9.653799420016076,44.104150000000004,0.7174300000000358,16.479152215145987,8.118080637195751,54.625055,1.3741914,46.68216562846715,42.930273845758,407.12604,1.4370944,1.719890510948905,5,0.0782021317995438,0.0652004159151751,28.00_58.40,5,80.0
28.000000000000043,58.79999999999995,22.849871687956227,9.449740472221851,42.55947000000003,0.04556000000002314,17.372766898485402,10.771671990154536,86.59048,0.7875673400000001,67.00658418631387,83.38101941339575,717.92516,0.8474648,1.8293795620437956,6,0.07732944641414234,0.06860535264111262,28.00_58.80,6,97.5
28.000000000000043,59.199999999999946,22.527594315693452,9.470511460062802,42.15835000000004,0.35806000000002314,15.289867142390513,8.65595098257351,58.52013,0.46019366,48.91200699260949,48.551755399190625,405.29476999999997,0.5664272,1.6432481751824817,5,0.07381158032974452,0.0680012854333246,28.00_59.20,5,80.0
28.000000000000043,59.599999999999945,21.644625328467175,9.215313045547987,41.09292000000005,-0.7835399999999595,14.214858805748175,8.13863318091156,55.399546,0.9854891,43.26197386213504,41.61933181492018,287.67040000000003,1.2061024,1.5775547445255473,4,0.0686221146145073,0.06485893266360428,28.00_59.60,4,58.0
28.000000000000043,59.99999999999994,20.171331998175205,9.101728913342836,39.35073,-2.9959499999999935,13.63670471080292,7.904908377837924,54.370048,0.28661384,41.55910437187044,39.95158661168316,240.17578,0.45347787,1.5291970802919708,3,0.06369404891624088,0.06061738958089972,28.00_60.00,3,38.0
28.000000000000043,60.39999999999994,19.340095155109513,9.238326028741465,38.55386000000004,-3.187349999999981,13.024226155583941,7.464926925631277,51.213174,0.45398704,40.2751814267792,38.73811944258124,256.46838,0.59578925,1.5045620437956204,4,0.061812740598430664,0.05838764498857473,28.00_60.40,4,58.0
28.000000000000043,60.79999999999994,18.69927254562046,9.357940610243602,37.965480000000014,-3.7459499999999935,13.5478962675,7.611355050040611,49.19571,0.11833538,44.56592374192518,42.362154974940964,290.25927,0.11867375,1.522810218978102,4,0.06156473206403285,0.05815750331296601,28.00_60.80,4,58.0
28.000000000000043,61.19999999999994,18.261729297445278,9.292094919821714,37.73257000000001,-4.983249999999998,14.38774911171533,8.727643963813822,68.61259,0.2580281,53.95585902434307,57.481349591185484,500.90420000000006,0.28374702999999996,1.6085766423357664,6,0.062365048376733574,0.05811332911998002,28.00_61.20,6,97.5
28.000000000000043,61.59999999999994,17.92646122262776,9.081203380381263,37.328760000000045,-5.468599999999981,14.605498229470804,9.709656722269841,68.991056,0.4361763,59.27367725282847,67.51647669899559,506.9821299999999,0.43631600000000004,1.64507299270073,6,0.06227242240556569,0.05751276603095247,28.00_61.60,6,97.5
28.000000000000043,61.999999999999936,19.007323129562064,8.96286101586788,38.258939999999996,-4.427599999999984,15.573784883850363,9.951381111496442,65.250106,1.120429,66.05568856195256,65.92525756982096,458.0327,2.2478591999999997,1.687043795620438,6,0.07274002049096716,0.06339881552399466,28.00_62.00,6,97.5
28.000000000000043,62.399999999999935,21.667233275547467,9.18105616023668,41.579740000000015,-1.4778799999999706,19.000725459032846,12.81236628700817,94.045795,1.7643217999999998,95.6513087830292,93.5698114535497,596.3819,2.800167,1.9762773722627738,6,0.09601340671177007,0.08514091754368171,28.00_62.40,6,97.5
28.000000000000043,62.79999999999993,23.596436122262798,9.671253325158455,44.1327,0.8404800000000137,25.36998689270073,22.081604873712525,155.28384,1.3934202,150.08883526843067,181.241161663795,1020.3676999999999,3.6072458,2.4297445255474455,6,0.12241112391332117,0.10997312928296228,28.00_62.80,6,97.5
28.000000000000043,63.19999999999993,23.84636901459856,10.256927632854964,44.662000000000035,-0.4701299999999833,27.204835519160582,24.05593353359818,154.41773,1.0429734,150.97720188740874,178.8162413262313,1017.0905,1.8707116000000001,2.4333941605839415,6,0.14152317201815692,0.12844929909746788,28.00_63.20,6,97.5
28.000000000000043,63.59999999999993,23.486602226277398,10.427064128642076,44.22524000000004,-1.080479999999966,26.60393579337591,21.118910061222657,142.98981999999998,0.75692114,132.81759947107662,134.60948055276737,994.8976,3.4838245999999997,2.3275547445255476,6,0.1496325986694343,0.13181886364636614,28.00_63.60,6,97.5
28.000000000000043,64.0,23.255923476277395,10.455725835813702,43.98794000000004,-0.9378999999999564,26.81430764242701,20.362687268996407,147.2996,2.1562783000000003,127.24119369114962,120.04734117135709,1020.4098999999999,2.7687344,2.3074817518248176,6,0.15420940785848541,0.133852187903665,28.00_64.00,6,97.5
28.40000000000004,44.0,22.05515546532849,9.335087447803897,43.45938000000001,1.435570000000041,34.18016410027372,22.392024554931744,141.72484,4.75562,226.17162465054744,192.9861544012215,1335.4352,9.177384,3.096715328467153,6,0.22852993464872265,0.15789464103422374,28.40_44.00,6,97.5
28.40000000000004,44.4,22.339988120437976,9.364560093770374,43.706200000000024,1.5195600000000127,35.76580180921533,23.989812129231602,167.38076,6.3494214,241.36627961085767,215.83548384625794,1568.8967,9.9180255,3.2089416058394162,6,0.23860980267700727,0.16259530353904436,28.40_44.40,6,99.5
28.40000000000004,44.8,22.520645520073014,9.482392154838308,44.09730000000002,1.0703400000000443,34.091470747171535,21.026495730793755,151.536,6.833055,214.0965695529197,172.66153691550284,1291.7377000000001,10.694084,3.028284671532847,6,0.24020535681706207,0.16294754947237108,28.40_44.80,6,97.5
28.40000000000004,45.2,22.551445218978124,9.607931663270454,44.36074000000002,0.5166300000000206,33.13715597983577,19.144066399791896,135.81482,7.066334,197.3847645939781,146.888998276813,1086.7644,10.071496,2.9416058394160585,6,0.2358143465515511,0.16114485217580787,28.40_45.20,6,97.5
28.40000000000004,45.6,22.633692518248196,9.662624494341967,44.835350000000005,0.6426000000000158,33.08350191012774,18.089959626326436,126.03981999999999,5.845217600000001,189.1962766373175,130.7981775670897,905.21615,9.498542,2.9023722627737225,6,0.231230386645073,0.15946883553617028,28.40_45.60,6,97.5
28.40000000000004,45.99999999999999,22.80121027372265,9.703101492480638,45.27188000000001,0.9883000000000379,34.82134722071168,19.353701693721536,152.47,6.272228,204.26595640191607,148.37688028874015,1199.0486999999998,8.830390999999999,3.0127737226277373,6,0.2314629363416971,0.16075353915006801,28.40_46.00,6,97.5
28.40000000000004,46.39999999999999,22.891370866788343,9.77059700480767,45.67422000000005,1.2646700000000237,34.93076109069343,19.399502445524924,132.81822,5.759386699999999,206.51001946350365,151.42879969927844,1092.5785,8.166374,3.0492700729927007,6,0.23246515064187956,0.16279311458178974,28.40_46.40,6,97.5
28.40000000000004,46.79999999999999,23.041479297445278,9.8072749897332,46.039450000000045,1.7353800000000206,37.863793504105836,21.382250454236086,143.0606,5.4099702,238.60725485538322,184.63643092934183,1128.4836,8.152731999999999,3.31021897810219,6,0.24483776099452556,0.16974932053056704,28.40_46.80,6,99.5
28.40000000000004,47.19999999999999,23.552269260948925,9.730799496388688,46.42520000000002,2.6182000000000016,39.924039349270075,22.46342181203437,136.79066999999998,5.329687,250.92014727645983,201.83162774997723,1307.3851,7.755535000000001,3.395985401459854,6,0.25032573938001823,0.174901946946291,28.40_47.20,6,99.5
28.40000000000004,47.59999999999999,23.967197728102214,9.628388699768921,46.41738000000004,3.6216699999999946,49.336909547901456,22.35185726552885,141.69136999999998,9.533942999999999,250.35817996806568,186.14343267200854,1218.7803,22.177314000000003,3.6505474452554743,6,0.24847898063503648,0.17672381929440856,28.40_47.60,6,99.5
28.40000000000004,47.99999999999999,24.33628928832119,10.023117273210405,47.25332000000003,3.673429999999996,55.24395276824818,23.29535490382313,165.26808,9.909887,232.76432721350366,164.89390215430439,1041.0230000000001,25.40153,3.646897810218978,6,0.24606556878284672,0.17832303123326573,28.40_48.00,6,99.5
28.40000000000004,48.399999999999984,24.902725620437977,9.160377459290437,46.241600000000005,6.247670000000028,43.79902883786496,18.15547671020662,124.19899000000001,5.7367693,151.34981789142336,99.11653362112582,724.43845,19.117115,2.9835766423357666,6,0.23406343775912408,0.17638965917597255,28.40_48.40,6,97.5
28.40000000000004,48.79999999999998,23.93893345802922,6.221546302309819,37.679100000000005,12.127949999999998,42.03944028038321,19.218812641584012,133.77371,7.2686212999999995,140.83909233759124,105.34010827232456,644.9805,12.278501,2.8275547445255476,6,0.2211728243921533,0.17106302254604466,28.40_48.80,6,97.5
28.40000000000004,49.19999999999998,24.285141742700752,5.885720724723071,36.59512000000001,12.395170000000007,42.42502990830292,18.27315654751168,132.64199,8.419132,141.6341587910584,103.41433971122862,631.1293,17.721216,2.8704379562043796,6,0.20529061365410584,0.16181029524833832,28.40_49.20,6,97.5
28.40000000000004,49.59999999999998,24.623840401459876,5.765784504586361,36.41300000000001,12.475000000000023,40.458044380474455,16.87373931803034,130.06365,7.829572000000001,128.43006157025548,90.2753577705716,615.12094,17.696152,2.761861313868613,6,0.19386694505875912,0.15819304565467598,28.40_49.60,6,97.5
28.40000000000004,49.99999999999998,24.76197254562046,5.579115205371272,36.36610000000002,12.69473000000005,37.37704195109489,15.24328003679829,125.40643,8.262683,115.90450072171532,77.83034499730614,536.3740499999999,14.844929,2.605839416058394,6,0.18537555906067518,0.15490372537902813,28.40_50.00,6,97.5
28.40000000000004,50.39999999999998,24.74066008211681,5.477942618900141,36.22207000000003,12.813130000000001,35.91031251140511,14.173370091640829,116.53560999999999,8.455266,109.76484831569343,71.02167328517609,515.8542,15.094242000000001,2.5374087591240877,6,0.17963953138959854,0.14922140268160436,28.40_50.40,6,97.5
28.40000000000004,50.799999999999976,24.59750895985404,5.377190049010893,35.790430000000015,12.805319999999995,33.85068061888686,13.584433264605265,106.31137600000001,5.1941109999999995,102.48507238777373,67.9928519056544,510.72703000000007,10.501363999999999,2.4616788321167884,6,0.1728563777609489,0.14301033401132576,28.40_50.80,6,97.5
28.40000000000004,51.19999999999997,23.799356541970827,6.640182454694204,38.325829999999996,8.239280000000008,31.692203442335767,12.407994375235228,91.826166,4.4076636,92.79195341149635,60.37371117023073,409.24738,8.8896845,2.329379562043796,5,0.15721061421167884,0.13298936314337448,28.40_51.20,5,80.0
28.40000000000004,51.59999999999997,22.92022822992703,9.310540067339451,43.70425,1.925800000000038,29.892148239872263,12.784421204186454,105.9223,4.935189,87.01368749133212,61.10327641894805,482.4405,9.531908,2.272810218978102,6,0.14016285671624087,0.12405949987109159,28.40_51.60,6,97.5
28.40000000000004,51.99999999999997,22.042605291970826,9.735862052333678,44.762350000000026,0.24320000000000164,26.121383272262772,12.231366357733414,97.32659000000001,3.4058798,75.40308059470803,56.54177175437345,425.43653,4.5187183,2.1432481751824817,6,0.12301434526587593,0.11532808333569468,28.40_52.00,6,97.5
28.40000000000004,52.39999999999997,21.426414990875934,9.777663152718496,43.88150000000002,-0.6181399999999826,23.167985775784672,12.313236385866325,105.29682,0.7761256599999999,67.36447092358576,55.73443824038936,446.89256,0.79808915,2.009124087591241,6,0.10900114406870437,0.10821505637077976,28.40_52.40,6,97.5
28.40000000000004,52.79999999999997,19.83825878649637,9.7298326862685,41.78310000000005,-1.1132599999999684,21.444996265145985,12.188807931282643,120.27516999999999,0.80754664,62.8899289232208,55.41845178372276,441.62803,0.80745505,1.9543795620437956,6,0.09583744290593066,0.09725166973708252,28.40_52.80,6,97.5
28.40000000000004,53.19999999999997,19.469437983576665,9.666860506845822,41.92130000000003,0.013700000000028467,21.057011694206203,11.689963709557745,91.88110499999999,0.14271205,60.02637225784671,52.97958680551374,451.7216,0.3692531,1.9315693430656935,6,0.08867006753138687,0.08927229805011407,28.40_53.20,6,97.5
28.40000000000004,53.599999999999966,19.14052142335769,9.717792790718555,40.90810000000005,-0.7303199999999492,20.86826825180657,11.012411824940743,87.6549,0.26617594,57.32409406475365,48.84504986425957,439.27483,0.26670757,1.9087591240875912,6,0.0837030705145073,0.08328606834708727,28.40_53.60,6,97.5
28.40000000000004,53.999999999999964,19.1224075182482,9.839817630636501,40.947900000000004,-1.6863799999999856,19.56844878165146,9.847099443846888,75.889844,0.11375033000000001,53.143504758211684,43.05072953258257,369.86629,0.2569305,1.8476277372262773,5,0.08192036776751825,0.0796361821921776,28.40_54.00,5,80.0
28.40000000000004,54.39999999999996,19.195566560219,9.851765039164952,41.48037000000005,-2.416849999999954,20.020694058850367,9.736820183243744,74.245065,0.48607350000000005,57.36372789416059,49.409235247990395,399.9352,1.2264017999999999,1.8631386861313868,5,0.08076034899607665,0.07797944928130715,28.40_54.40,5,80.0
28.40000000000004,54.79999999999996,18.297734078467176,9.537432123171108,40.52480000000003,-3.201999999999998,17.84678161313869,9.073826001656116,70.46964,1.0636027,51.45301397782847,42.89704491400869,363.82986,2.1274835,1.7563868613138687,5,0.07496117310410583,0.07311071976111241,28.40_54.80,5,80.0
28.40000000000004,55.19999999999996,17.84722508211681,9.316387989982355,39.724019999999996,-2.890479999999968,17.37314308923358,8.965041978768097,66.07357,1.2002173,48.98083219005474,40.03791487543713,339.96199,1.3322847,1.7326642335766422,4,0.07052029329675183,0.06931792420898776,28.40_55.20,4,58.0
28.40000000000004,55.59999999999996,18.45765204379564,9.381009966533698,40.130269999999996,-2.3680200000000013,16.860010410538322,8.918047140413092,63.326339999999995,0.9233348499999999,46.69792968020073,37.41680326025847,315.31831999999997,0.9496518,1.6925182481751824,4,0.07072490950707117,0.06846967210999062,28.40_55.60,4,58.0
28.40000000000004,55.99999999999996,19.438578366788345,9.580113629069638,41.67275000000001,-1.8299299999999903,16.39673957760949,8.282445482312617,58.719667,0.6462214,44.47762093655109,34.79058782443648,283.74112,0.7446626599999999,1.6943430656934306,4,0.07052214037052919,0.06583517981388123,28.40_56.00,4,58.0
28.40000000000004,56.39999999999996,19.0184928832117,9.391067196522064,41.22550000000001,-2.0696800000000053,15.344329851683394,7.838743950484322,57.76899,0.079908455,41.50191131798358,32.921880867360436,294.31489999999997,0.11084181,1.6213503649635037,4,0.06641278735875912,0.060565934345335186,28.40_56.40,4,58.0
28.40000000000004,56.79999999999996,17.519348476277397,8.87474241930456,37.89053000000001,-2.7864699999999516,14.169529154041971,7.496429180083786,64.39128,0.07968108,36.94838511114963,29.6182537201771,322.11815,0.2688665,1.5447080291970803,4,0.06048068700104015,0.0544373751204927,28.40_56.80,4,58.0
28.40000000000004,57.19999999999995,18.391960638686154,8.888400099662684,38.7731,-1.448099999999954,14.210305807928831,7.579381861038822,82.23060600000001,0.05870586,34.18632396198905,26.681697125054562,407.04495,0.19178684000000001,1.552007299270073,5,0.06474133422025546,0.05637423816524181,28.40_57.20,5,80.0
28.40000000000004,57.59999999999995,21.618151113138712,9.559696776643182,43.17935,0.23550000000000182,15.797850002281022,7.399593503423933,58.076996,0.9527203000000001,36.12184993686132,26.271109094789974,282.0149,1.6368484,1.635036496350365,4,0.07334707715520072,0.061258071667345974,28.40_57.60,4,58.0
28.40000000000004,57.99999999999995,20.53741194343068,9.151142486517243,40.58438000000001,-2.5052199999999516,15.37657565158759,7.409053158777514,51.098397000000006,0.64825284,37.29092355812044,27.870039985371648,232.06431,0.6724367,1.604014598540146,3,0.0665151272768248,0.05596399906313428,28.40_58.00,3,38.0
28.40000000000004,58.39999999999995,19.136364762773745,8.876434335172155,37.748680000000036,-3.8909699999999816,13.830701219708029,6.677488875708038,43.917385,0.511888,35.04156953220803,25.935931543656242,217.24944,0.7574073,1.5383211678832116,3,0.059457284089324824,0.0507206621595046,28.40_58.40,3,38.0
28.40000000000004,58.79999999999995,21.488792755474478,9.302208519040517,40.771630000000016,-1.2532699999999863,13.632107273813869,6.456060145380214,42.504194,1.2841230000000001,35.09269449981752,25.46709445661194,220.83768,1.2977782999999998,1.552919708029197,3,0.06463712917372264,0.055113909345949966,28.40_58.80,3,38.0
28.40000000000004,59.199999999999946,22.27818076642338,9.530892376286697,42.172270000000026,-1.0296399999999721,13.721894605748176,6.65991701663287,40.27335,0.7107879,36.28770516925182,27.34398557899597,213.57192,0.9435264,1.5574817518248176,3,0.06763564019826643,0.05914431669940424,28.40_59.20,3,38.0
28.40000000000004,59.599999999999945,22.59260075729929,9.416767898864919,42.302400000000034,-0.5979999999999563,13.262832624635037,6.669365912624102,39.202014,0.9743042,35.4079410314781,27.873202223492274,222.79602,1.5361770000000001,1.520985401459854,3,0.06755213630967154,0.06054024264534544,28.40_59.60,3,38.0
28.40000000000004,59.99999999999994,20.648472445255496,9.319138232572227,40.16323,-2.7210399999999595,12.420586653385037,6.494426390614274,41.58797,0.03573201,33.60246545166971,27.28584850006139,202.12842999999998,0.09796433,1.4598540145985401,3,0.06222870696207117,0.05692672532174757,28.40_60.00,3,38.0
28.40000000000004,60.39999999999994,18.432776049270096,9.221190893546712,37.79702000000003,-4.314300000000003,11.930261086840328,6.321072223234122,41.925237,0.046073187,34.416926269099456,28.938383402871683,198.79118,0.046368923,1.4297445255474452,3,0.05740592126906934,0.0527521167536722,28.40_60.40,3,38.0
28.40000000000004,60.79999999999994,16.95676247262776,9.099330463228718,36.56313,-5.473500000000001,12.403046874589416,6.905039754075079,44.810317,0.08304392000000001,39.945700363713506,36.64829299286293,247.37135999999998,0.16472367000000002,1.4552919708029197,3,0.05459361454137773,0.050149434410227636,28.40_60.80,3,38.0
28.40000000000004,61.19999999999994,16.610294945255497,9.030304363447534,36.029930000000036,-6.354349999999954,13.482440308923357,8.124580966463556,65.82877,0.15038633999999998,49.169922915100365,53.382977979961595,450.61796,0.18901774999999998,1.5766423357664234,6,0.05595100547956205,0.05067235995597174,28.40_61.20,6,97.5
28.40000000000004,61.59999999999994,19.052791815693453,9.177443391098949,38.677400000000034,-3.982280000000003,14.998368333485402,8.71121652793462,58.478296,1.1369268,62.37504404406935,60.44857847624504,406.1302,1.332167,1.6916058394160585,5,0.07161208902271898,0.06147078924392418,28.40_61.60,5,80.0
28.40000000000004,61.999999999999936,21.4767478832117,9.359283226713654,42.05142000000001,-1.9026999999999816,16.479907678832117,10.741007467317962,82.51235,1.4076177,72.47423538759125,74.5638420707781,489.69173,2.2937303,1.770985401459854,6,0.09071334971268248,0.08208179889641379,28.40_62.00,6,97.5
28.40000000000004,62.399999999999935,22.965361012773748,9.561872850449442,43.35537000000005,0.012350000000026284,21.63169167335766,18.218294911361987,135.44644,1.1421778,111.44613156240877,130.4977403716221,807.7307,1.9219092999999998,2.1122262773722627,6,0.1145723222455292,0.11031387197917161,28.40_62.40,6,97.5
28.40000000000004,62.79999999999993,23.887921322992725,10.018217376012705,44.473540000000014,1.3424300000000358,29.26463363558394,31.41750039936753,197.31408,0.4839326,181.08616906286497,255.6335326885676,1444.4203,1.753614,2.5328467153284673,6,0.13726938611113138,0.13531056801146862,28.40_62.80,6,97.5
28.40000000000004,63.19999999999993,23.85927565693433,10.187487437343432,44.23306000000002,0.45271999999999935,32.70786873567518,35.02477253809497,221.42825,1.7127151999999999,206.80488111058392,297.73705213423284,2069.1955,3.9399649999999995,2.6523722627737225,6,0.14951325646468977,0.14118014079390456,28.40_63.20,6,97.5
28.40000000000004,63.59999999999993,23.453268065693454,10.272143094683052,43.825829999999996,0.22714000000001988,29.30564180620438,27.07384619283543,201.25192,1.491676,162.8151614086679,204.50852387482982,1857.9461999999999,2.3299884,2.468978102189781,6,0.15124969194169707,0.13600584612811562,28.40_63.60,6,97.5
28.40000000000004,64.0,22.449818239051115,10.103629960910073,42.48600000000005,-1.4256299999999555,25.64325375437956,19.534702045173443,155.94270999999998,1.1105545,133.68076893193432,131.362179111134,1268.3008,1.3942889,2.3302919708029197,6,0.14174720962992698,0.11968923817228982,28.40_64.00,6,97.5
28.80000000000004,44.0,22.038541040146008,9.360054625125173,43.81387000000001,1.3677299999999946,35.809988274999995,24.771173141000883,220.34432,4.0539163,246.02597508576642,220.54509440358137,1425.4707999999998,8.524992,3.2125912408759123,6,0.23608995361040147,0.16799843601235423,28.80_44.00,6,99.5
28.80000000000004,44.4,22.34326879562046,9.408267957631947,44.1669,1.4150600000000395,35.438292043156935,23.517437446060278,165.36413,5.694787,235.65796165191605,203.61344321886278,1414.0449999999998,9.98412,3.16514598540146,6,0.24332789088959852,0.16825898581995355,28.80_44.40,6,97.5
28.80000000000004,44.8,22.413435145985424,9.456822192499772,44.44106000000005,1.1689700000000016,34.691573786131386,21.78819362311384,136.07625,6.460785700000001,222.79590708941606,185.08171007584644,1276.7086000000002,8.837706,3.0985401459854014,6,0.24412496940875913,0.16536587430654553,28.80_44.80,6,97.5
28.80000000000004,45.2,22.442886167883234,9.567193622201904,44.64492000000001,0.6025600000000395,33.422019840237226,19.54618217484664,129.33772000000002,6.5359247,202.03004602691607,154.82477424020246,1124.3098,9.2406545,2.954379562043796,6,0.2384874375739051,0.16142348768118953,28.80_45.20,6,97.5
28.80000000000004,45.6,22.550617956204402,9.671527918181848,45.17617000000001,0.4414300000000253,32.14627975018249,17.719534295314997,116.840475,6.314349,179.83461005565692,123.4465981453706,810.09983,8.282932,2.802007299270073,6,0.23083450904470804,0.1595521227881537,28.80_45.60,6,97.5
28.80000000000004,45.99999999999999,22.709814981751848,9.707383444651228,45.57363000000004,0.7598000000000411,33.21732489625912,18.402490263580702,136.27492,5.8839875,187.97940691952556,130.6269450361734,1028.3891,7.4346573,2.89507299270073,6,0.2288522214830292,0.16026820798585872,28.80_46.00,6,97.5
28.80000000000004,46.39999999999999,22.83202531934309,9.789765874288221,45.9203,1.1680000000000064,35.06284129260949,19.765987016461423,139.08368000000002,5.1307554,210.51671308029196,156.8921778266767,1200.9334000000001,7.904994,3.093978102189781,6,0.2282745514251825,0.16241247104046797,28.80_46.40,6,97.5
28.80000000000004,46.79999999999999,22.952332098540168,9.786409864195676,46.13613000000004,1.745140000000049,41.28471634206204,24.367420975040442,159.83709000000002,4.5586264,285.2981930479927,237.39543535521327,1395.1236000000001,7.85224,3.54014598540146,6,0.24633038679607663,0.17033429822141377,28.80_46.80,6,99.5
28.80000000000004,47.19999999999999,23.371124343065716,9.754563813850117,46.45742000000001,2.6318600000000174,41.21536232837591,23.28064187034047,140.06166000000002,5.495883,267.1601623453467,219.77385470054412,1190.7887999999998,6.6315415,3.4963503649635035,6,0.24800683373129562,0.17288815540477537,28.80_47.20,6,99.5
28.80000000000004,47.59999999999999,23.869700328467175,9.822429412957266,46.95938000000001,3.001550000000009,47.409130492700726,20.944957583230817,136.3423,9.470035,229.91439517335766,161.2247430335612,895.8978999999999,22.638023,3.5182481751824817,6,0.24680084898494525,0.17558419335605013,28.80_47.60,6,99.5
28.80000000000004,47.99999999999999,24.561852636861335,9.641389329266264,46.86880000000002,5.256860000000017,66.48896778467153,26.641488603315956,197.61251000000001,9.047444,212.29127076459855,117.26269382092842,690.7187,34.388666,3.7764598540145986,6,0.24518539304105838,0.1752298973924343,28.80_48.00,6,99.5
28.80000000000004,48.399999999999984,24.31813731751827,7.551635710222874,42.040430000000015,9.069360000000017,49.64102485218978,19.55777617088806,139.56394,4.211831,173.61164982372262,123.12131180681715,714.1569499999999,5.2581112999999995,3.2682481751824817,6,0.23408941722080293,0.1682039446536208,28.80_48.40,6,99.5
28.80000000000004,48.79999999999998,23.94192732664236,6.072588242285598,36.817769999999996,12.444970000000012,42.47742126770073,20.02217394537998,132.82222,6.6210184000000005,157.47588752554745,126.21551920063688,713.45806,11.10548,2.9124087591240877,6,0.21609080993312044,0.16000329774228814,28.80_48.80,6,99.5
28.80000000000004,49.19999999999998,24.262472791970826,5.945511375950962,36.426900000000046,12.37050000000005,42.357576882755474,18.481555346487898,133.32358,7.9723055,142.82632190054744,107.49858700687881,738.92636,16.570251,2.8567518248175183,6,0.19898386896724454,0.15691918430784044,28.80_49.20,6,97.5
28.80000000000004,49.59999999999998,24.573460191605864,5.7914168564286985,36.57388000000003,12.35390000000001,41.02642223357664,17.0198745320735,131.4542,8.658416,126.47271242372263,89.27205444757551,673.73435,12.9025794,2.781021897810219,6,0.18807185924343064,0.15578126133524417,28.80_49.60,6,97.5
28.80000000000004,49.99999999999998,24.583029069343088,5.686387900893862,36.41396000000003,12.198630000000037,36.27702423038321,14.561676396424234,121.40752,6.192918,112.66959980520073,74.36716289219477,523.7013999999999,9.022448,2.551094890510949,6,0.18234250178923359,0.15220104339729026,28.80_50.00,6,97.5
28.80000000000004,50.39999999999998,24.48945129562046,5.601226825281249,36.30360000000002,12.133450000000039,34.47341640145985,13.766948486084226,111.45604,6.6299672,106.84591893613138,69.77258438850131,535.7966,8.54241,2.4826642335766422,6,0.1770868937089416,0.14584704698588627,28.80_50.40,6,97.5
28.80000000000004,50.799999999999976,23.946017016423383,6.425020134771518,38.64834000000002,9.410180000000025,32.70214073239051,12.56354307790338,95.846296,6.532826,94.9348487381387,59.67189068235288,395.50937,12.223038,2.3677007299270074,5,0.16822526508156935,0.13835743399956638,28.80_50.80,5,80.0
28.80000000000004,51.19999999999997,22.986157116788345,8.547167977087318,42.60050000000001,3.2861599999999953,30.18753145821168,12.58632346634458,101.849366,4.8109405,85.144521,58.061935511648485,451.95793,6.046912000000001,2.2855839416058394,6,0.15028623286660583,0.1276749836538337,28.80_51.20,6,97.5
28.80000000000004,51.59999999999997,21.280923020073015,9.059069963320068,42.23013000000003,0.8154499999999985,26.34173730629562,11.777737094163891,86.60676000000001,3.7012038,77.86146926094891,55.936487946201936,402.5421,5.8818075,2.1523722627737225,5,0.1256919664093978,0.11291833471395592,28.80_51.60,5,80.0
28.80000000000004,51.99999999999997,20.045071231751848,9.456892689830635,42.55703,-1.3109799999999723,22.312086548631388,11.57567438797199,88.93946,1.4084803,64.95859824470803,52.8530976462646,409.80942,1.9249530000000001,2.0045620437956204,5,0.10700056049041971,0.10317918711554759,28.80_52.00,5,80.0
28.80000000000004,52.39999999999997,17.303215228102214,9.327291382100814,39.67544000000004,-2.958439999999996,20.229235011259124,11.10655304185794,90.96517,0.20739864,58.019817116249996,49.58467130297148,397.61443,0.23062581000000001,1.8923357664233578,5,0.08711407009899635,0.08851350959920404,28.80_52.40,5,80.0
28.80000000000004,52.79999999999997,15.834255775547469,9.3461661488404,38.189840000000004,-3.827729999999974,18.980975271695254,11.545882183539597,116.71648,0.050908708,54.937554894662405,51.54056704861838,428.6759,0.05122798,1.8312043795620438,6,0.07547334196329379,0.07906032347516473,28.80_52.80,6,97.5
28.80000000000004,53.19999999999997,17.00298156934309,9.482941456768224,39.35830000000004,-2.2183599999999615,20.096256604502738,11.84801125849484,125.96325,0.033741995,54.440175338166064,51.21050259657721,503.41504000000003,0.033947580000000005,1.8458029197080292,6,0.07451867756031022,0.07582157478800271,28.80_53.20,6,97.5
28.80000000000004,53.599999999999966,17.353210000000022,9.598067826530839,39.910060000000044,-2.2615699999999492,19.553116269607663,10.680181657336806,100.072086,0.06321531,51.1651178146989,45.79830163577189,488.2065999999999,0.06305141,1.8202554744525548,6,0.07238005751067518,0.07244182295986976,28.80_53.60,6,97.5
28.80000000000004,53.999999999999964,17.062959790146007,9.715363950997219,39.72500000000002,-3.388530000000003,17.400501781532846,9.206994059597397,90.97718,0.06741333,46.284630992350365,40.34560916934745,447.4006,0.067023366,1.7627737226277371,6,0.07025315329416058,0.06842011254403695,28.80_54.00,6,97.5
28.80000000000004,54.39999999999996,16.729005620437977,9.557326434706908,39.30508000000003,-4.574069999999949,17.211356993737226,8.883497285935697,81.696626,0.06461055,48.80532728800183,42.090625170214274,402.41937,0.07475406999999999,1.7463503649635037,5,0.06789946463156935,0.06584383698706411,28.80_54.40,5,80.0
28.80000000000004,54.79999999999996,15.632168521897833,9.400771354182858,38.08730000000003,-5.583839999999952,15.692106467427008,8.383860560142038,72.91872,0.020133815,44.791172614270074,39.778724720181,383.70993,0.020411759999999998,1.6587591240875912,5,0.06230400263083942,0.061967217855643346,28.80_54.80,5,80.0
28.80000000000004,55.19999999999996,15.372932664233598,9.518172387603965,37.476950000000045,-6.06819999999999,14.536202138058394,7.723751850935351,65.31716999999999,0.015259492000000001,41.11533233005475,35.74173639865422,337.42677000000003,0.015409540000000001,1.582116788321168,4,0.0595322020725365,0.05978244223567248,28.80_55.20,4,58.0
28.80000000000004,55.59999999999996,16.096802609489075,9.677325502713561,38.082899999999995,-5.748879999999986,13.920779921441605,7.294876075900028,63.441476,0.3808466,38.88539907673358,32.44606486826551,320.00642,0.46678959999999997,1.541058394160584,4,0.06046600156099453,0.05923909371569278,28.80_55.60,4,58.0
28.80000000000004,55.99999999999996,15.700220711678854,9.646734972830156,37.67568,-6.887549999999976,13.777145905072993,7.521721096150467,59.440612,0.6058044,37.38309351929744,30.690753730104703,285.76008,0.741457,1.5392335766423357,4,0.05892809935976277,0.056530696841823616,28.80_56.00,4,58.0
28.80000000000004,56.39999999999996,15.024619087591265,9.35355064918386,36.70034000000004,-8.455659999999966,13.03202181729562,7.108884475568231,57.377978,0.097509806,35.27692123731752,29.129006438510856,274.29954,0.0975287,1.4762773722627738,4,0.05493676210861314,0.05131410299956927,28.80_56.40,4,58.0
28.80000000000004,56.79999999999996,15.073231386861336,9.171193713586085,36.35050000000001,-8.297640000000001,12.657720620749087,6.969368441532463,53.947506000000004,0.000733885,33.6916076610646,28.132896877024717,260.20408,0.0006675168,1.4507299270072993,4,0.05241058209771898,0.048680197820932615,28.80_56.80,4,58.0
28.80000000000004,57.19999999999995,15.855265748175206,9.114064218552429,37.124660000000006,-5.51052999999996,12.729277787013366,6.735288543846227,51.029264,0.00025071595,31.33870315778355,24.368408946616082,262.03386,0.00021276947,1.457116788321168,4,0.056163138120072995,0.05009109296642483,28.80_57.20,4,58.0
28.80000000000004,57.59999999999995,16.47065683394163,8.96883404583734,36.485000000000014,-4.5130399999999895,13.922296003211677,6.737170926630229,72.53063,0.39020827999999996,32.676761804133214,24.55356299277078,366.04618,0.5310283299999999,1.5355839416058394,5,0.05742649644516423,0.04991429084722412,28.80_57.60,5,80.0
28.80000000000004,57.99999999999995,15.741265994525572,8.651862243755392,34.06850000000003,-6.941749999999956,13.78880974781478,6.675343953886265,46.125066,0.028420485,34.0663084713823,25.37730322933367,221.47906,0.033449545,1.5383211678832116,3,0.05171890435711679,0.04535829328258395,28.80_58.00,3,38.0
28.80000000000004,58.39999999999995,19.017642609489073,8.840645770434442,37.927400000000034,-4.327499999999986,13.122620137956204,5.77129614689199,37.256522999999994,1.0960962,31.360283760492702,21.319195462931702,165.7194,1.5058647,1.5173357664233578,3,0.05732580941231752,0.048198162089709465,28.80_58.40,3,38.0
28.80000000000004,58.79999999999995,22.83256103102192,9.496601788528519,43.11685,-0.24936999999999898,12.970538725729927,5.960113946577887,36.534875,1.4777151,30.39458218604015,20.86731851807425,171.60741,1.7018214,1.522810218978102,3,0.06463219874333942,0.05441448645195798,28.80_58.80,3,38.0
28.80000000000004,59.199999999999946,23.961416879562066,9.89208768489664,44.62954000000002,0.42544000000003734,12.99690130830292,6.1601829035981694,36.036226,1.0039135,30.872769631478103,21.41031185165977,189.65769999999998,1.2668655,1.520985401459854,3,0.06823589281879562,0.058062733696054414,28.80_59.20,3,38.0
28.80000000000004,59.599999999999945,23.878898667883234,9.754280872221985,44.18667000000005,0.5524000000000342,12.633154180200728,6.23659235502393,36.837257,1.2523704,31.786198245072992,22.958536236342894,160.99394999999998,1.4262544000000001,1.4826642335766422,3,0.0685873805114051,0.05928048894826004,28.80_59.60,3,38.0
28.80000000000004,59.99999999999994,20.990189014598563,9.44003143210902,40.54116000000005,-1.8587399999999548,11.932564521186132,6.058299644644844,37.481033,0.25943928,32.02560042855839,24.377310871633725,172.9988,0.56817306,1.436131386861314,3,0.06218947650830292,0.0546625884372931,28.80_60.00,3,38.0
28.80000000000004,60.39999999999994,17.48458577554747,9.061677468816885,36.70132000000001,-5.059419999999989,11.363834269187956,5.808864095328937,34.996322,0.07809023999999999,31.982458083549272,24.225368912982958,153.34086,0.07842861000000001,1.4105839416058394,2,0.053957677278394164,0.048250510230955564,28.80_60.40,2,20.5
28.80000000000004,60.79999999999994,15.479554051094912,8.805677964554567,34.7482,-7.0584499999999935,11.584530350078467,6.3518183726068305,38.655823,0.020598606,37.09241828310401,33.38156222440728,248.79122000000004,0.020533852,1.4169708029197081,3,0.048607381986770073,0.04405149697574625,28.80_60.80,3,38.0
28.80000000000004,61.19999999999994,16.740967262773744,8.974111197552315,36.50405000000001,-6.100439999999992,12.466595753713502,6.7621990440246025,41.570797,0.8057219,45.94780233779197,42.70837313697096,313.44123,0.82688717,1.5009124087591241,4,0.05829889788850365,0.05128670390310675,28.80_61.20,4,58.0
28.80000000000004,61.59999999999994,20.371190501824838,9.428205918476367,41.446920000000034,-2.7439999999999714,14.925011995620439,9.046833061911057,54.359575,0.6551504300000001,63.0666022209854,65.35366537957943,438.37233000000003,0.8333092000000001,1.6843065693430657,6,0.08395940779708029,0.07881797319166897,28.80_61.60,6,97.5
28.80000000000004,61.999999999999936,21.869135866788344,9.613875960707146,42.99697000000003,-1.5120599999999627,25.32296254899635,22.78491983175433,137.82693,1.942372,154.9124120399635,195.82406325931845,1156.8661,2.6572502,2.454379562043796,6,0.11564397873184307,0.11543430959638236,28.80_62.00,6,97.5
28.80000000000004,62.399999999999935,22.550178585766446,9.71652535016711,43.18350000000004,-0.5755399999999895,33.83341584069343,39.51128538238204,246.15179,0.4919191,226.8319340558394,329.2449226030018,2029.3032,2.2182522000000002,2.698905109489051,6,0.14054973456286496,0.1541602527966025,28.80_62.40,6,97.5
28.80000000000004,62.79999999999993,22.634569388686156,9.776604071358665,42.84878000000003,-0.04232999999999265,28.071497250547445,27.287662822480996,168.16959,1.4137061999999998,165.17574082363137,206.8738738185401,1190.9444,4.4046025,2.4963503649635035,6,0.132452867625,0.13316055550164516,28.80_62.80,6,97.5
28.80000000000004,63.19999999999993,22.82710914233579,9.833383640833768,43.12417000000005,0.21059999999999945,31.091324062956204,30.3061637267332,205.45737,0.9954694999999999,189.20201207572993,249.55731896091913,1980.2706,1.0832792,2.633211678832117,6,0.14162391364543797,0.13411439839709896,28.80_63.20,6,97.5
28.80000000000004,63.59999999999993,22.71622658759126,9.654993180000954,42.86367000000001,0.026030000000048403,26.439145495766425,23.98921922024051,192.42567,0.48551546,146.87630932427007,186.92261295831761,1741.9675,1.0291266000000001,2.3485401459854014,6,0.13672484362509124,0.12659926887286466,28.80_63.60,6,97.5
28.80000000000004,64.0,21.69034164233579,9.506095486246112,41.59292000000005,-1.3709499999999935,23.165161865547443,16.772112345224077,144.98955999999998,0.5232524,120.22110493722629,117.36969344679103,1153.5179999999998,0.9138073999999999,2.187956204379562,6,0.12679785140383212,0.10818148570020408,28.80_64.00,6,97.5
29.20000000000004,44.0,22.069864762773747,9.499112917048203,43.916650000000004,1.152900000000045,35.521522358211676,25.235178930287894,271.44165,3.1567849999999997,239.06160237271897,215.77928891171885,1497.1716,6.6095995,3.1697080291970803,6,0.24215329385082116,0.1742928150412488,29.20_44.00,6,99.5
29.20000000000004,44.4,22.34340535583944,9.523891801572816,44.51577000000003,1.0341999999999985,38.05637330264598,27.650222912981643,237.15471,5.42731,269.58166069206203,255.08561935498403,1870.5845,8.754316,3.3284671532846715,6,0.25217000034854015,0.1780029757180056,29.20_44.40,6,99.5
29.20000000000004,44.8,22.486665447080316,9.529363479627396,44.83706000000001,0.8945600000000127,37.00443561459854,24.984359991626413,173.34808,5.730227,252.76198843448904,225.7994276941027,1601.9977,7.1126642,3.2910583941605838,6,0.2523334861350365,0.17284389972836361,29.20_44.80,6,99.5
29.20000000000004,45.2,22.506596240875933,9.583427094635338,45.17617000000001,0.7158400000000142,32.287738322080294,18.78274833328318,130.57515,5.936177799999999,188.1207474990876,142.19842461953226,1058.9265,7.92372,2.865875912408759,6,0.24137652692700728,0.16454266666853903,29.20_45.20,6,97.5
29.20000000000004,45.6,22.584616350364985,9.681982245196087,45.69863000000004,0.5508000000000379,31.116985326916055,17.125956288238207,117.84551,5.491141,166.9122116665146,114.83280750365422,818.1628000000001,7.882161999999999,2.707116788321168,6,0.23487018209717153,0.16162035467659397,29.20_45.60,6,97.5
29.20000000000004,45.99999999999999,22.645444105839438,9.708418149426077,45.919340000000034,0.7226800000000253,31.446912772536496,17.24885207530377,111.3599,4.9031543,164.75804765784673,112.1940012182768,786.1876,7.4478095,2.687956204379562,6,0.22902491395437954,0.1603685254190779,29.20_46.00,6,97.5
29.20000000000004,46.39999999999999,22.746899607664258,9.773146593620142,46.196680000000015,1.1894800000000032,33.12422624434307,18.66212379458189,116.796066,4.496667,184.22496906569341,134.96656340549052,974.0746000000001,7.61834,2.85492700729927,6,0.2254368806560219,0.16150819840895217,29.20_46.40,6,97.5
29.20000000000004,46.79999999999999,22.941922226277395,9.802497011569336,46.39688000000001,1.8594000000000506,41.7534020560219,25.446999207297086,186.10804,4.548622,290.02082856614965,248.34254749968932,1618.2379,9.404719,3.576642335766423,6,0.2398669187130474,0.16843075800290747,29.20_46.80,6,99.5
29.20000000000004,47.19999999999999,23.32909664233579,9.798834072620014,46.78066000000001,2.4566300000000183,38.980221641788326,21.296742553837888,129.31537,5.703546,237.7242271354927,188.09813149466336,1000.9028000000001,8.0490175,3.346715328467153,6,0.24165579545985402,0.1704475179777245,29.20_47.20,6,99.5
29.20000000000004,47.59999999999999,24.140819434306593,9.79029856441725,47.07363000000004,3.6539000000000215,48.21942903968978,23.644074082778104,154.27803,6.8473565,289.6137912810219,212.788775768012,1092.8038,18.321252,3.7673357664233578,6,0.2610969226998175,0.18511367378910987,29.20_47.60,6,99.5
29.20000000000004,47.99999999999999,24.023465793795644,7.863676165795296,42.49355000000003,7.651400000000024,63.17422036131388,22.452000184675786,163.70907,10.509726,264.7889474288321,202.19709284500345,1064.2814,15.72992,4.019160583941606,6,0.26153573677645986,0.18691753152681273,29.20_48.00,6,99.5
29.20000000000004,48.399999999999984,23.378880757299292,6.262173064078356,37.445700000000045,11.16604000000001,48.11598952308394,22.77278104869804,139.22427,3.5130936,202.65858423512773,171.05490451382778,849.7121999999999,4.182912699999999,3.2855839416058394,6,0.23825736279379564,0.1704011835023202,29.20_48.40,6,99.5
29.20000000000004,48.79999999999998,23.632270228102215,6.0513202946117275,36.572400000000016,12.460350000000005,43.45415466788321,19.77818330706987,137.70077999999998,7.212858,160.44882701733576,127.9209557240209,800.32123,14.960488,2.9616788321167884,6,0.209877465842427,0.15617183285359418,29.20_48.80,6,99.5
29.20000000000004,49.19999999999998,24.202256149635062,6.04958992283789,36.76553000000001,12.424220000000048,41.654061241423356,17.777073362092874,138.3925,8.31103,135.45282086222628,100.90556609974695,775.71633,14.391396,2.798357664233577,6,0.19113753673184308,0.15263789197219194,29.20_49.20,6,97.5
29.20000000000004,49.59999999999998,24.328916441605863,5.9552278957283,36.44912000000005,12.062900000000013,39.58262706569344,15.63724942200788,127.47509999999998,7.465813000000001,119.62019575364963,79.89865237910081,633.06663,11.988537,2.707116788321168,6,0.18382750090191607,0.15284751469662491,29.20_49.60,6,97.5
29.20000000000004,49.99999999999998,24.21424645985404,5.863400910188963,36.44375000000002,11.75332000000003,35.54753768540146,13.652189383225291,116.52383,5.4958758,108.26736325638687,69.17260805586325,484.05025,8.673150000000001,2.5036496350364965,6,0.17901442095346715,0.14920524855456535,29.20_50.00,6,97.5
29.20000000000004,50.39999999999998,23.89631062043798,5.796038453135001,36.326070000000016,11.551420000000007,34.32043993266423,13.088038230733936,109.33443,5.2237463,99.62162473220803,62.33195433898422,444.77238,9.583782,2.4507299270072993,6,0.17475809226277372,0.14367348493564694,29.20_50.40,6,97.5
29.20000000000004,50.799999999999976,23.276328229927028,7.131755669023109,40.46084000000002,7.385770000000036,31.525799735036497,12.4814990111922,104.08661,4.4235513,84.45151353421532,56.27589222941982,401.0949,5.454803,2.315693430656934,5,0.1653709784468978,0.13668226985153897,29.20_50.80,5,80.0
29.20000000000004,51.19999999999997,21.929219671532866,9.457105295817835,44.177880000000016,0.7490500000000111,26.521207910948906,11.537181598489184,89.4174,3.8913830000000003,73.82069911094891,53.96684239026816,409.35217,5.058035800000001,2.1596715328467155,5,0.14294147643512775,0.12270067844438005,29.20_51.20,5,80.0
29.20000000000004,51.59999999999997,20.06971293795623,9.712526046531197,43.49233000000004,-1.6586399999999912,22.847671137682482,11.156802593131891,72.078635,2.0611206,66.68843083567518,53.32071163802543,456.38703,2.4639249999999997,2.0328467153284673,6,0.11706751345255474,0.10767418380039315,29.20_51.60,6,97.5
29.20000000000004,51.99999999999997,16.58069330291973,9.285516414999275,39.35757000000001,-3.936959999999999,19.356910872445255,10.411182785808403,75.246106,1.1153610999999999,59.17259189178832,50.62256031224936,433.51812,1.6852851,1.85492700729927,6,0.08902605288248175,0.08825889516302113,29.20_52.00,6,97.5
29.20000000000004,52.39999999999997,14.24360258211681,9.302782385263548,37.483540000000005,-5.337349999999958,18.21979021986314,10.632043880464789,79.4775,0.08675541,53.68697630032847,48.682918236111554,348.4973,0.18719744,1.792883211678832,4,0.0721448683055657,0.07593665448150932,29.20_52.40,4,58.0
29.20000000000004,52.79999999999997,14.752561177007323,9.515110310050197,37.68936000000002,-4.377539999999954,24.71074281748175,15.748325785028905,117.169066,0.367067,56.16214671116788,46.14801553585305,426.04495,0.3669754,1.977189781021898,6,0.0678392414591241,0.07134979615706975,29.20_52.80,6,97.5
29.20000000000004,53.19999999999997,15.34555618613141,9.537155800911796,38.01162000000005,-4.206999999999994,30.65583126523723,21.49814196339191,130.03822,0.8234203999999999,60.437126437226276,47.76654696237164,437.87667999999996,0.8450314,2.2947080291970803,6,0.06524640795757299,0.06733527690385717,29.20_53.20,6,97.5
29.20000000000004,53.599999999999966,15.668377326642357,9.563056980400042,38.04287000000005,-4.196259999999995,18.13761815564325,10.459503934862786,87.01453000000001,0.005918362,46.735002462296535,42.93592916003311,433.64483,0.022550378,1.7518248175182483,6,0.06406280868667884,0.0650981453112762,29.20_53.60,6,97.5
29.20000000000004,53.999999999999964,15.627539844890535,9.518917673722612,38.01162000000005,-4.554139999999961,16.222303236857666,8.81147076261582,85.43746,0.029171919999999997,43.2462415367938,38.821236053010665,418.9324,0.028938274,1.7125912408759123,5,0.06222973335821167,0.06164594533139122,29.20_54.00,5,80.0
29.20000000000004,54.39999999999996,14.769711395985425,9.344006566182175,36.62783000000002,-6.406229999999994,14.681600260596715,7.933326584030047,77.42321,0.03599313,41.21363700385311,36.84915994445283,385.52483,0.036100543,1.6158759124087592,5,0.058468153740602186,0.05794327128554192,29.20_54.40,5,80.0
29.20000000000004,54.79999999999996,14.439792655109512,9.518644649641924,36.165430000000015,-7.097499999999968,13.508197460713504,7.412314731566525,69.362144,0.005127152,38.568865178005474,34.41650512672055,340.08556,0.005177724,1.5255474452554745,4,0.05735031951511861,0.057026126396393165,29.20_54.80,4,58.0
29.20000000000004,55.19999999999996,14.90985735401462,9.747562695578893,36.69155000000001,-7.123879999999986,12.538934646250548,6.851403525371927,64.518304,0.0051839956,35.60795570703558,31.164506295703468,315.02034,0.005291410999999999,1.4635036496350364,4,0.05720163438437043,0.056160672750737425,29.20_55.20,4,58.0
29.20000000000004,55.59999999999996,15.28392936131389,9.762035992438358,37.211569999999995,-7.2771999999999935,12.842539290170622,6.418643616124188,64.42586,0.037456847,34.37165323609489,28.933636537783755,319.47698,0.03769216,1.4844890510948905,4,0.056994213817244524,0.0544997939177168,29.20_55.60,4,58.0
29.20000000000004,55.99999999999996,14.569843850364986,9.554108055441272,36.55435,-8.345559999999978,11.916674925328469,6.272884776123178,61.33608,0.05986737,31.788047804717152,27.344115551423023,297.98778,0.11443078,1.4169708029197081,4,0.053922203963147806,0.05089338043522094,29.20_56.00,4,58.0
29.20000000000004,56.39999999999996,11.880423604014622,9.31862638168602,33.217430000000036,-11.741799999999955,11.746869590282847,6.305186618728547,55.484494999999995,0.1366027,31.59798146907847,27.150449942409242,266.87795,0.14328580000000002,1.4114963503649636,3,0.04673821971044708,0.044775932979071766,29.20_56.40,3,38.0
29.20000000000004,56.79999999999996,11.565122043795643,9.235956990669356,32.80386000000004,-12.165699999999958,11.460408909464416,6.26487792057312,60.87599,0.013572183,30.058278687810216,25.740905594029385,252.14092,0.014662739999999999,1.3868613138686132,4,0.04424834540488139,0.04219748686781577,29.20_56.80,4,58.0
29.20000000000004,57.19999999999995,11.389222080291992,9.115054096591903,32.321920000000034,-12.508459999999957,11.00181925441606,6.493694313928924,58.50622,0.09014472500000001,28.87303358078467,24.913783030238655,231.98452,0.09056987000000001,1.3512773722627738,4,0.042672113325182476,0.04068741075408782,29.20_57.20,4,58.0
29.20000000000004,57.59999999999995,12.300251277372286,8.879251933419065,32.23843000000005,-10.276340000000005,11.931101095383212,6.446932672495327,59.273194,0.12707224,29.64734436691606,23.04150508881852,182.11584,0.12792330999999998,1.4169708029197081,4,0.044919058081569346,0.04085333002068497,29.20_57.60,4,58.0
29.20000000000004,57.99999999999995,16.901664124087613,8.808800866332888,36.136870000000044,-6.452119999999979,12.947699863124088,6.041179697696384,54.496223,0.104010064,31.024266779604016,22.06774947919359,255.83884000000003,0.10765857599999999,1.4954379562043796,4,0.055050354614507295,0.04760819643986716,29.20_58.00,4,58.0
29.20000000000004,58.39999999999995,20.772954187956227,9.192863330453557,40.57534000000004,-3.178079999999966,12.720495653740876,5.928509263939689,39.803542,0.9634629,29.732044616332114,21.186977611633495,185.40418,2.018901,1.4936131386861313,3,0.061771780577645985,0.052034455063032524,29.20_58.40,3,38.0
29.20000000000004,58.79999999999995,23.721878978102215,9.725197926597792,44.258939999999996,-0.14975999999995793,12.669399864233576,6.0024776945528515,35.378545,0.71006145,29.434661777372263,20.432890205812473,162.11861000000002,0.8439504,1.4917883211678833,3,0.06588122724388686,0.05532879157240167,29.20_58.80,3,38.0
29.20000000000004,59.199999999999946,24.71519944343068,10.061594508395956,45.62222000000003,1.039700000000039,12.633402991989051,6.157806758866671,37.097145,0.11604772000000001,29.2881485809854,20.35655495334037,148.55843,0.11726415999999999,1.4963503649635037,3,0.06949494131122264,0.05837222559811746,29.20_59.20,3,38.0
29.20000000000004,59.599999999999945,24.126082901459874,9.712484295815987,44.32730000000004,0.6569000000000074,12.258475779288322,6.092571857579831,35.641279999999995,1.1941912,30.397404099908755,21.333631295325084,137.72879999999998,1.2763413,1.4552919708029197,3,0.06758887024160584,0.057578337561453065,29.20_59.60,3,38.0
29.20000000000004,59.99999999999994,19.837654680656954,9.319730132851568,39.36587000000003,-2.6785600000000045,11.74592801158759,5.80260992443945,36.139948000000004,0.75540507,31.66127607445255,23.192482710812392,146.18030000000002,0.9217122,1.4333941605839415,3,0.05862261189881387,0.05057562791683306,29.20_60.00,3,38.0
29.20000000000004,60.39999999999994,16.538004005474477,9.12544512379077,36.19448,-6.240099999999984,11.5237358395073,5.683221021752326,35.896927999999996,0.5799011,31.231017756432486,22.598259623940603,164.83004,0.60272415,1.4142335766423357,3,0.051515300008576646,0.04524047723716696,29.20_60.40,3,38.0
29.20000000000004,60.79999999999994,16.151128567518274,8.943947232385677,35.7765,-7.275239999999997,12.158079886186131,6.095468017099478,33.697475000000004,0.23805309999999996,35.372392360611315,28.73511602114469,203.34544,0.24699802999999998,1.4607664233576643,3,0.049870106082983576,0.04421717468303955,29.20_60.80,3,38.0
29.20000000000004,61.19999999999994,18.00825463503652,9.10152570814105,37.938620000000014,-5.478859999999997,12.475582227518249,6.564335185021443,39.32836,0.41405607,44.329902150456206,39.721597732599164,240.11536,0.7704985,1.4990875912408759,3,0.06274398159266423,0.056277845555099654,29.20_61.20,3,38.0
29.20000000000004,61.59999999999994,20.554377445255497,9.432138603621196,41.887350000000026,-2.724459999999965,19.785240349452554,14.403176067721073,110.453335,1.1114252999999998,108.74909310145985,127.37811451543746,989.8101,1.3887893999999998,2.1195255474452557,6,0.09953725149306569,0.0993244128953329,29.20_61.60,6,97.5
29.20000000000004,61.999999999999936,21.501327582116808,9.542053258682238,42.70767000000001,-1.936869999999999,33.656862868540145,37.74383380477103,237.09825999999998,0.35422162,231.25011290054744,326.41461471447496,1831.0068,1.5398082,2.7363138686131387,6,0.1369785048484489,0.15467007030369537,29.20_62.00,6,97.5
29.20000000000004,62.399999999999935,20.869137198905133,9.326545409154134,41.861230000000035,-2.619479999999953,34.532754737189784,38.239092660651664,243.53858,0.52876076,234.54883060729927,319.50295013354054,1804.1261,2.6794797,2.7755474452554743,6,0.13792084244005476,0.15108267101835063,29.20_62.40,6,97.5
29.20000000000004,62.79999999999993,20.60504219890513,9.314681000872017,41.07510000000002,-2.5276999999999816,27.76514374915146,25.47762456846753,162.1393,0.6657163700000001,163.03891113293795,192.9787557960709,1184.4262,1.8161046,2.4899635036496353,6,0.12641028635072993,0.12974993697975118,29.20_62.80,6,97.5
29.20000000000004,63.19999999999993,19.75054660583944,9.386361285277685,39.52456000000001,-3.305029999999988,32.0759469774635,29.141681669057935,174.44317,1.2435057,213.09319565474453,246.3472928763368,1558.8485,1.879883,2.8403284671532845,6,0.13229259142536498,0.12783912395758534,29.20_63.20,6,97.5
29.20000000000004,63.59999999999993,19.453149726277395,9.257514722552086,39.03457000000003,-3.5598999999999705,27.152529836770075,22.827790797488724,162.67712999999998,1.2645581000000001,167.7122098946168,186.2117428679109,1433.1775,1.961169,2.548357664233577,6,0.12715612621350364,0.12118541427233073,29.20_63.60,6,97.5
29.20000000000004,64.0,19.65128970802922,9.358944059471995,39.36855000000003,-3.0970199999999863,20.31494373998175,16.01076985041224,154.64038,0.33450060000000004,100.87778807702556,113.82308970306066,1276.6209,0.45231252,2.0063868613138687,6,0.1187504341591241,0.11522325194410911,29.20_64.00,6,97.5
29.60000000000004,44.0,22.015072609489074,9.538594495557676,44.23818,0.9325800000000299,38.752045412682484,29.80594418827596,313.84159999999997,3.0773464,280.82985276213503,275.48815706764935,1857.1202999999998,5.1880593,3.35492700729927,6,0.25082978962956204,0.1815385179925664,29.60_44.00,6,99.5
29.60000000000004,44.4,22.237941031021922,9.529823582012288,44.450829999999996,0.7510000000000332,39.96058690583942,30.399739070366707,280.05005,4.4368735,293.18867308467156,287.42096071109586,2122.4237000000003,6.2500938,3.416970802919708,6,0.25643378957299273,0.1823603625424879,29.60_44.40,6,99.5
29.60000000000004,44.8,22.486524607664258,9.55134955459517,44.95278000000002,0.7607700000000364,38.485457979927006,26.57890549630459,218.3569,5.009898,271.6243124048358,246.55182967986775,1700.2178000000001,6.9828907000000005,3.3704379562043796,6,0.25730408958394163,0.1793241111100387,29.60_44.80,6,99.5
29.60000000000004,45.2,22.588815246350386,9.630721335875249,45.596100000000035,0.7754000000000474,34.226624632937956,20.768558219596702,152.57818,4.599836,212.73566211998175,172.1281958810104,1320.8039,7.739107,3.048357664233577,6,0.25050886403923356,0.17260838632127437,29.60_45.20,6,97.5
29.60000000000004,45.6,22.6671438412409,9.755816031023016,46.28848000000005,0.7168200000000411,33.45012061341241,19.648726140359667,154.45728,4.7146225,194.59931111450732,155.77269272190875,1186.268,7.684361000000001,2.9726277372262775,6,0.25115492789142335,0.17203576458444758,29.60_45.60,6,97.5
29.60000000000004,45.99999999999999,22.700568631386883,9.764130822901421,46.47890000000001,0.8994400000000269,32.8980367629562,18.886442469495556,152.2747,3.4513343,180.57846354260948,139.65110315800348,1112.4196000000002,5.41358,2.829379562043796,6,0.241926349375,0.1677384719106217,29.60_46.00,6,97.5
29.60000000000004,46.39999999999999,22.769630903284696,9.770271062791085,46.55898000000002,1.4736599999999953,31.37897005091241,17.593298618299997,140.68893,4.130072999999999,157.19478919635037,116.08489273441825,901.24644,6.9986017,2.6505474452554743,6,0.22659107705109488,0.16230075751270218,29.60_46.40,6,97.5
29.60000000000004,46.79999999999999,23.06623630474455,9.861829247748362,46.839260000000024,2.114280000000008,38.280590103010944,22.15040795821193,146.89046,4.546803000000001,239.79418216560217,193.57931164514906,1155.5439999999999,10.241777,3.3248175182481754,6,0.23906558972855838,0.16879538341235756,29.60_46.80,6,99.5
29.60000000000004,47.19999999999999,23.437902344890535,9.908632142669383,47.24648000000002,2.512300000000039,45.17057365593066,26.92887750708344,171.62515,5.7693343,308.13003263412406,264.81012935953254,1306.0657999999999,10.813606,3.7116788321167884,6,0.2580750334041971,0.18338170401501505,29.60_47.20,6,99.5
29.60000000000004,47.59999999999999,24.148906259124107,10.00578363222258,48.09512000000001,3.0611200000000167,54.770277962591244,33.305556733645034,197.16279,6.7402195,381.35910572354015,342.0677617706866,1745.3124,15.223939999999999,4.010036496350365,6,0.27753265879562045,0.20198413108716207,29.60_47.60,6,99.5
29.60000000000004,47.99999999999999,24.28327534671535,8.955366002936005,45.759420000000034,6.108420000000024,77.70220508485401,49.71416440155225,338.14254,5.748063,503.1650830833029,485.5972211217635,2717.259,6.5140613,4.360401459854015,6,0.2807397898567518,0.20444036729013634,29.60_48.00,6,99.5
29.60000000000004,48.399999999999984,23.106096551094915,6.663914629024434,39.547270000000026,9.207060000000013,46.51871906313868,23.22090767404303,169.68426,3.8998134,206.13270283120437,184.53693471611095,1036.2477,6.0617635,3.2655109489051095,6,0.22906799462271898,0.16787424122980732,29.60_48.40,6,99.5
29.60000000000004,48.79999999999998,23.46029024635039,6.359935198868137,38.46720000000005,10.632840000000044,41.98671995072993,17.892082337000176,135.45811,7.691577,136.9942105939781,103.75913093619972,767.663,11.825256000000001,2.855839416058394,6,0.1981033944415146,0.15488665733785723,29.60_48.80,6,97.5
29.60000000000004,49.19999999999998,23.753199981751848,6.218030719187194,37.38810000000001,11.79060000000004,39.05681595109489,15.462384719628863,128.18978,8.0572775,116.60006722627737,78.95341685398053,660.96493,12.694449,2.6833941605839415,6,0.1844297056615876,0.15062104728582984,29.60_49.20,6,97.5
29.60000000000004,49.59999999999998,23.736676551094913,6.10090428932957,36.680570000000046,11.678120000000035,38.72991421122263,14.18482609711814,113.60785399999999,8.459074000000001,109.9437721966241,68.63678658625132,573.0084,14.820197499999999,2.6505474452554743,6,0.18001774948202554,0.1502164574301098,29.60_49.60,6,97.5
29.60000000000004,49.99999999999998,23.790146432481773,6.07372765349005,37.013570000000016,11.324850000000026,39.13187448759124,13.151244102877346,114.92087000000001,7.590109000000001,108.30319609580292,62.80056384966345,527.8845,13.79077,2.653284671532847,6,0.17754813920620438,0.14632235172995356,29.60_50.00,6,97.5
29.60000000000004,50.39999999999998,23.39670114963506,6.627830140164568,39.29775000000001,9.101600000000019,38.40443871523723,13.138471098646773,108.38614,2.8556963,95.75232523494526,56.10140807989908,412.1665,3.4602809999999997,2.6204379562043796,5,0.1707501447915146,0.13992643347521502,29.60_50.40,5,80.0
29.60000000000004,50.799999999999976,22.329840474452574,8.845343491912868,43.17178000000001,2.5966999999999985,31.102269895437956,11.333953916986367,87.83502999999999,2.7881664,76.4997248270073,51.01471480193298,370.31356,3.2429117,2.2828467153284673,5,0.1519787824479927,0.12810101335225335,29.60_50.80,5,80.0
29.60000000000004,51.19999999999997,20.602511733576666,10.177385846238451,44.80093000000005,-2.188449999999989,25.109495324178834,11.324222078852296,82.254736,1.9262211999999999,65.82309873841241,52.28695001160746,441.4668,2.2990836000000003,2.113138686131387,6,0.12928175398430658,0.1144957721577702,29.60_51.20,6,97.5
29.60000000000004,51.59999999999997,17.15576064781024,9.622315615215607,40.26210000000003,-5.108829999999955,20.54927879388686,10.64146025783635,68.68113,1.2830947,61.21500005939781,50.7120809361017,371.12207,1.5066864,1.9133211678832116,5,0.09978166341350365,0.09412265319511191,29.60_51.60,5,80.0
29.60000000000004,51.99999999999997,13.444267509124112,9.387161852806917,36.910060000000044,-8.289999999999964,17.61446579191606,9.990807330441518,72.58464000000001,0.22823868,54.488200774470805,49.09096199004769,419.1414,0.28084686999999997,1.7673357664233578,5,0.07402942385422445,0.07653837235627843,29.60_52.00,5,80.0
29.60000000000004,52.39999999999997,13.470985784671555,9.881291835931473,37.32560000000001,-8.544600000000003,22.15162189752737,12.453422765163499,93.872174,0.23880463999999998,50.17128172986314,39.68962157503587,388.29387,0.25017993,1.9105839416058394,5,0.06751517115459854,0.07077023017237043,29.60_52.40,5,80.0
29.60000000000004,52.79999999999997,14.749004379562066,10.069092178571227,38.49648000000002,-6.228199999999958,24.230196095483578,14.572668097732882,89.14408,0.29696504,50.71946070988139,39.490544035517665,387.6273,0.30024408,1.9863138686131387,5,0.06657662027980839,0.06954952197904772,29.60_52.80,5,80.0
29.60000000000004,53.19999999999997,15.46024937043798,9.814326239857733,38.29385000000002,-5.050449999999955,21.7613108585219,12.066471976870039,83.37829,0.20143968,55.006195348211676,50.72062021117905,478.1059,0.20133653,1.9151459854014599,6,0.06682091641368613,0.06798694648714547,29.60_53.20,6,97.5
29.60000000000004,53.599999999999966,15.483498421532868,9.678456242967828,37.90762000000001,-6.0214599999999905,16.2823547567179,8.890185206025746,70.05137,0.00037612882,45.146184501795744,40.97142997354185,406.9826,0.00045301214,1.6925182481751824,5,0.06378270269872262,0.06433024280767248,29.60_53.60,5,80.0
29.60000000000004,53.999999999999964,15.34479985401462,9.529257392922494,37.2792,-6.7848299999999995,14.78019744017509,8.015985935760726,77.40426599999999,0.0013424669000000001,41.169393858404746,37.154397460605324,347.11771999999996,0.0015898806,1.6204379562043796,4,0.06058609731481752,0.05981076414366309,29.60_54.00,4,58.0
29.60000000000004,54.39999999999996,14.555864580291994,9.532761006718898,36.16323,-6.035129999999981,13.350981142387774,7.11876321057866,65.4198,0.0011435150000000001,36.5083285045458,32.22356260873393,343.94374999999997,0.0011351332,1.5246350364963503,4,0.05697475018220803,0.05553544316532232,29.60_54.40,4,58.0
29.60000000000004,54.79999999999996,14.49968856751827,9.696627658858016,36.016020000000026,-7.607280000000003,12.0982208019573,6.630839602968438,61.05908,0.0008781068,33.82229303834257,29.922477243419515,352.67195,0.00085762446,1.4333941605839415,4,0.05671715092760949,0.05499966867220061,29.60_54.80,4,58.0
29.60000000000004,55.19999999999996,14.993505793795643,9.796411496750821,36.750879999999995,-7.638530000000003,11.828090618666605,6.382604057032096,62.915916,0.0020718185999999998,32.81602910736004,27.91530363912764,281.59812,0.0022218666,1.4005474452554745,4,0.057374813112417884,0.054266822604354246,29.60_55.20,4,58.0
29.60000000000004,55.59999999999996,14.80143178832119,9.722336535443064,36.85513000000003,-7.890479999999968,11.635021446766423,6.068175065865767,62.370689999999996,0.018826416,30.599432761604017,25.94721066768937,273.73179,0.018706458,1.3895985401459854,4,0.05531730081468978,0.05120092110689427,29.60_55.60,4,58.0
29.60000000000004,55.99999999999996,12.322667682481773,9.270992499941814,33.45132000000001,-10.720499999999959,11.023032238810218,6.135757887723636,62.09572000000001,0.028972966,30.13451043523175,26.90854225496578,292.72873999999996,0.028938274,1.3585766423357664,4,0.0472673275959854,0.04424287787734588,29.60_56.00,4,58.0
29.60000000000004,56.39999999999996,9.838481916058415,9.226962062541105,30.84730000000002,-14.887729999999976,10.78868174346989,6.149604531677144,62.821979999999996,0.037011712999999995,29.488600927180656,25.905172482380582,288.91395,0.064081365,1.3293795620437956,4,0.04122632418640511,0.03901865674743684,29.60_56.40,4,58.0
29.60000000000004,56.79999999999996,10.381321204379585,9.298244329560212,31.10170000000005,-16.107100000000003,10.443382462875,5.9316614278164606,49.287189999999995,0.014815675999999998,27.17661594110949,22.532391875741407,211.70924,0.038466536,1.311131386861314,3,0.04101510995395073,0.03897645673681505,29.60_56.80,3,38.0
29.60000000000004,57.19999999999995,10.366861651459876,9.167928647370848,30.848299999999995,-16.52896999999996,10.146056504046896,6.003558359529225,50.237055000000005,0.0060888923999999995,26.48376189026186,22.122695488016316,174.48342,0.006137354,1.2956204379562044,3,0.03968616262625,0.03793740352665283,29.60_57.20,3,38.0
29.60000000000004,57.59999999999995,12.351680830291993,8.736097822263694,32.204740000000015,-11.223599999999976,11.116419472861315,5.95992246964035,42.557605,0.014929363000000001,28.57265689126095,22.492280547829658,221.24418,0.019552401,1.3768248175182483,3,0.045967143370967155,0.042722436922740276,29.60_57.60,3,38.0
29.60000000000004,57.99999999999995,18.177229698905133,8.860140917994032,37.711569999999995,-4.928169999999966,12.336270470164234,6.009076648013224,39.854484,0.2911829,30.04779166906934,21.759100550880483,200.57504,1.5879711,1.4744525547445255,3,0.05927969666432482,0.05151626552145206,29.60_58.00,3,38.0
29.60000000000004,58.39999999999995,23.01287587591243,9.682298594415077,43.916650000000004,-0.2347199999999816,12.600957996122263,6.083674167250325,38.999309999999994,0.57480315,29.728101326642335,20.986672066182805,145.40431,1.1703372,1.4954379562043796,3,0.06839003697582116,0.05746053977137251,29.60_58.40,3,38.0
29.60000000000004,58.79999999999995,24.762000072992723,10.108592655127289,46.04556000000002,0.5475000000000136,12.399570919221716,6.079599855273944,33.980694,0.044169217000000004,29.10820821417427,20.030394264794896,146.24202000000002,0.062694475,1.4726277372262773,2,0.06993382181642335,0.05818299608138816,29.60_58.80,2,19.04
29.60000000000004,59.199999999999946,24.96281982664236,10.211424236034507,46.211569999999995,0.07388000000003103,12.03909785416834,6.061041882307861,34.314635,0.0031566884999999997,28.4624987903667,20.153611452652605,141.9446,0.0033499419000000002,1.448905109489051,2,0.07038047775510949,0.05784837789123071,29.60_59.20,2,20.5
29.60000000000004,59.599999999999945,23.483819698905133,9.658754849603133,43.759900000000016,-0.9427199999999516,11.629071152445256,5.945974458231258,35.75356,0.49556279999999997,28.83524807421533,20.61658278288299,127.62044999999999,0.49561394,1.4206204379562044,3,0.06497529707025547,0.05434765597958617,29.60_59.60,3,38.0
29.60000000000004,59.99999999999994,18.431633503649657,9.119062401668128,37.87417000000005,-4.618999999999971,11.285351339069344,5.653016169111637,36.941966,0.61001704,30.596388715054747,22.142573676941677,157.81765,0.6195326,1.3996350364963503,3,0.054363205243339416,0.04675547420407056,29.60_60.00,3,38.0
29.60000000000004,60.39999999999994,16.413605374087613,9.093386881439015,36.32340000000005,-7.180520000000001,11.366594968074816,5.772075701192849,36.232563999999996,0.51907867,31.49350427832117,23.70301471534263,171.29592,0.5459498,1.4096715328467153,3,0.05084943173932482,0.044593624425858125,29.60_60.40,3,38.0
29.60000000000004,60.79999999999994,17.259198093065717,9.123030819496286,37.47573,-6.421729999999968,12.595211597737226,6.328001330863675,38.138126,0.22278821999999998,35.55787543404197,28.479674054579725,201.08472,0.22914046999999998,1.4927007299270072,3,0.053929344455063866,0.047240600817358994,29.60_60.80,3,38.0
29.60000000000004,61.19999999999994,19.672094224452575,9.29079370620604,40.15005000000002,-3.4314999999999714,17.592488992828468,11.204434596933641,101.00744399999999,0.24225394,93.59776881403285,112.49228766675327,975.4286999999999,0.24228077999999997,1.9990875912408759,6,0.07695779477591241,0.0652718583075346,29.60_61.20,6,97.5
29.60000000000004,61.59999999999994,21.973445821167907,9.628330812588292,43.978170000000034,-0.9676299999999856,36.6179000660584,49.321054283170795,414.98794,0.799625,285.4441794126825,499.93831821344946,4211.5503,1.0892477,2.778284671532847,6,0.12319038967901459,0.12335942349920193,29.60_61.60,6,99.5
29.60000000000004,61.999999999999936,22.37769614963506,9.805757130447798,43.819240000000036,-0.7010300000000029,54.34665805342153,79.0831801871768,535.5257,0.13732134999999998,439.13762157308395,732.5546440528688,4686.03,0.6056907,3.051094890510949,6,0.15627881254680656,0.16779229729915435,29.60_62.00,6,99.5
29.60000000000004,62.399999999999935,21.764339461678855,9.674515139831144,43.42666000000003,-1.4110000000000014,41.15749597619525,49.33458076264333,315.4057,0.43280907,295.47647836161497,420.09489698591017,2386.7335,0.62264793,2.9452554744525545,6,0.15094302608713506,0.15947488562869683,29.60_62.40,6,99.5
29.60000000000004,62.79999999999993,20.60650928832119,9.393963202503286,42.00967000000003,-2.8587399999999548,33.818857522737225,33.25690642475385,205.57577,0.4215839,223.23990159981753,273.62312783313916,2024.0773000000002,1.653769,2.8567518248175183,6,0.1383862620040146,0.14982355468883257,29.60_62.80,6,97.5
29.60000000000004,63.19999999999993,19.319874060219,9.188113840488088,40.00870000000003,-4.056979999999953,34.415975664963504,31.808827169319496,230.5995,0.5532262,237.63802126970802,274.06411991610526,2248.4187,3.4725170000000003,3.011861313868613,6,0.13574404919635036,0.14274271131579333,29.60_63.20,6,97.5
29.60000000000004,63.59999999999993,17.98852959854017,9.152829012098369,38.16396000000003,-5.2903799999999706,33.646789748996355,30.618213213740997,246.92594,0.5266306,245.8664724768248,283.4466699299569,2378.8448,2.4254612,3.059306569343066,6,0.13965693327016424,0.14511706917035008,29.60_63.60,6,97.5
29.60000000000004,64.0,18.159776277372284,9.263200158915678,38.01943,-4.99643999999995,29.3508542980073,26.23701687645468,252.95043,0.003308716,205.94634302544563,242.16007255044173,2384.52,0.0032634884000000003,2.8083941605839415,6,0.1386529278259124,0.14267877508477028,29.60_64.00,6,97.5
30.00000000000004,44.0,21.979832983576664,9.509782007540242,44.01920000000001,0.8173500000000331,40.691411595529196,32.661905668540086,294.46247,4.511384,306.20225867737224,312.9587528213746,2145.817,5.6339964,3.427919708029197,6,0.25292285122381386,0.1861678859551522,30.00_44.00,6,99.5
30.00000000000004,44.4,22.184234854014623,9.508258829364257,44.41810000000004,0.9091999999999985,41.335511099726276,32.10788625790536,264.66907000000003,3.971056,309.77476143704376,308.7392994222798,2330.4017,5.9010039999999995,3.4726277372262775,6,0.25748573949635034,0.18648878867562046,30.00_44.40,6,99.5
30.00000000000004,44.8,22.468618494525572,9.572570048379772,45.18398000000002,0.9121300000000474,42.565725446441604,32.04357850455439,239.50832,3.8704204,322.09784915967157,316.70874757646845,2239.6322999999998,6.6685039999999995,3.56478102189781,6,0.2639293251633212,0.18780854147268614,30.00_44.80,6,99.5
30.00000000000004,45.2,22.758975136861334,9.655811946221094,46.101950000000045,1.2500200000000063,43.4123166625,31.440234800696153,227.35699,3.6327439,328.4170037675183,315.939072380437,2254.0032,6.0841048,3.622262773722628,6,0.26956252587043794,0.19076583634553898,30.00_45.20,6,99.5
30.00000000000004,45.6,22.963043220802945,9.717379771170064,46.828520000000026,1.5771700000000237,46.794870193430654,33.7407279544236,246.29391999999999,2.9862668,363.8589782486314,350.40445025934224,2299.496,4.0815094,3.7746350364963503,6,0.2783080130611314,0.1971429680136259,30.00_45.60,6,99.5
30.00000000000004,45.99999999999999,23.07211053832119,9.74023757294436,47.21328,1.7373300000000427,38.20680799379562,24.033157604455727,222.86234,3.5899155,244.9732559144161,211.8236858243367,1532.6534,4.6157806,3.2883211678832116,6,0.2576516623156934,0.18342279210073087,30.00_46.00,6,99.5
30.00000000000004,46.39999999999999,23.163381843065718,9.85099819823715,47.419340000000034,1.8564700000000016,33.383505687408764,19.341697226005238,198.72964,3.1829734000000003,177.49088229698904,140.14324531028583,1226.7019,4.093077,2.8385036496350367,6,0.23829831341888685,0.17120276834306275,30.00_46.40,6,97.5
30.00000000000004,46.79999999999999,23.468206195255497,9.998161571144463,47.63223000000005,2.4639000000000237,47.883217070164235,31.732175130879313,254.91854999999998,4.797042800000001,355.0871263239051,323.3309087620527,1989.9723999999999,7.923706999999999,3.841240875912409,6,0.26119461136496347,0.184327659594725,30.00_46.80,6,99.5
30.00000000000004,47.19999999999999,23.877419133211703,9.960569762658094,47.8168,3.5674000000000206,56.1701523459854,39.207579190074696,270.30305,5.3710476,434.1273394808394,416.7136154613741,2111.9629,8.767133,4.052007299270073,6,0.27573451968932483,0.1987419057745015,30.00_47.20,6,99.5
30.00000000000004,47.59999999999999,24.295951459854038,10.107483277609958,48.99648000000002,3.575770000000034,58.17193461770073,34.15822891202064,234.63384000000002,9.871029,374.6392314881387,349.09129520171984,1884.721,15.58228,4.069343065693431,6,0.2661790443890511,0.19390271527708838,30.00_47.60,6,99.5
30.00000000000004,47.99999999999999,24.766750027372286,10.090824307068573,49.17715000000004,4.400959999999998,75.03604717427007,36.09139120019904,336.32918,18.092218000000003,231.3428833531022,146.05858635695571,1043.6986000000002,22.189884000000003,3.914233576642336,6,0.22551361012691606,0.17230499814039252,30.00_48.00,6,99.5
30.00000000000004,48.399999999999984,24.625877390510972,9.69540490103402,47.74087000000003,5.135340000000042,41.51396813001825,18.516061380080828,124.0957,5.805422,141.68074107572994,94.31961654423456,702.4358,11.950102999999999,2.8877737226277373,6,0.1969011899260949,0.1591352595199317,30.00_48.40,6,97.5
30.00000000000004,48.79999999999998,24.506744242700755,8.88826603324098,46.10146000000003,6.229100000000017,31.353778162591244,13.8802336618134,86.76682,3.3180962,90.96204383120438,61.08551035520541,449.00102,10.724402,2.3567518248175183,6,0.18314359848604014,0.1518744877902563,30.00_48.80,6,97.5
30.00000000000004,49.19999999999998,23.335587235401483,6.880773591973625,40.60488000000004,9.037130000000047,32.85432072518248,13.789870675358689,97.397205,5.551218,92.23934868412408,60.96692330280505,484.4679,7.0242363,2.4124087591240877,6,0.17967810544315693,0.14857637114796607,30.00_49.20,6,97.5
30.00000000000004,49.59999999999998,23.028490839416083,6.4273017443922935,38.723540000000014,9.483420000000024,35.27005821888687,13.59928446010145,100.32512,6.1761932999999996,96.70320032755474,58.57889325965005,528.71417,7.572093,2.4963503649635035,6,0.17927362034972627,0.14618505833593373,30.00_49.60,6,97.5
30.00000000000004,49.99999999999998,23.114049361313892,6.9599844720970205,40.27236000000005,7.775400000000047,36.6086733375,13.230064170549209,109.29778,5.060286,95.18225025547446,55.39989241049028,477.65275,7.813790999999999,2.553832116788321,6,0.1740881449870438,0.14116478446051753,30.00_50.00,6,97.5
30.00000000000004,50.39999999999998,22.65522153284674,9.222458799099575,44.98525000000001,2.226600000000019,37.83477349881387,15.07331336144099,99.18690600000001,3.4678240000000002,91.11303631989051,53.68082601702619,410.11216,4.5333426,2.6268248175182483,5,0.15424580177664232,0.12797717331574401,30.00_50.40,5,80.0
30.00000000000004,50.799999999999976,20.785402454379586,10.275999261455723,44.983540000000005,-1.8339599999999905,36.376527218886864,16.720546320270884,96.511194,1.8315485,81.68603846532847,52.592145946020985,417.1659,2.117412,2.5638686131386863,5,0.1311022710209854,0.1138730132784231,30.00_50.80,5,80.0
30.00000000000004,51.19999999999997,18.41962020072995,10.19051266765743,42.47550000000001,-3.701599999999985,25.93548885091241,12.312419176093115,91.65701399999999,0.9498218,64.44942625364963,50.485146499201214,376.43525,1.0389788000000002,2.105839416058394,5,0.11080280861514598,0.10168019030128943,30.00_51.20,5,80.0
30.00000000000004,51.59999999999997,14.38940123175185,9.714750095230794,38.90908000000002,-9.157199999999989,17.030934599069344,10.095236263946372,66.83332,0.38605882,54.04786430943431,49.29244743736164,373.38410000000005,0.7307355,1.7244525547445255,5,0.08360653784686131,0.08325747607239752,30.00_51.60,5,80.0
30.00000000000004,51.99999999999997,11.44663928832119,9.754354447897358,35.561180000000036,-13.303380000000004,14.594757618184307,9.158343654626078,92.94168,0.13575005,47.85859488007299,44.37784956174769,429.50690000000003,0.26920868000000003,1.592153284671533,6,0.06569303805247263,0.06916554623331661,30.00_52.00,6,97.5
30.00000000000004,52.39999999999997,12.63136019160586,10.168364409303301,37.46133000000003,-10.676429999999982,14.649442866167885,9.191709431433468,77.9184,0.24699967,43.5507105925365,40.60578458496219,327.48235,0.25204086,1.5766423357664234,4,0.06333996353139598,0.06605522401296055,30.00_52.40,4,58.0
30.00000000000004,52.79999999999997,13.648245100364987,10.221645832640093,37.97427000000005,-9.23599999999999,16.663552245301094,10.805926255006137,134.04218,0.12401895,46.22409404268248,47.24682389504694,637.8525999999999,0.12698534,1.6952554744525548,6,0.06218509419431569,0.06383586799226604,30.00_52.80,6,97.5
30.00000000000004,53.19999999999997,13.764420830291995,9.716061486864682,36.84194000000002,-9.458039999999983,16.000522680255475,9.979812829813852,97.64602000000001,0.030966270000000004,47.29907980822811,48.64531793288956,512.9236000000001,0.031261017999999995,1.6751824817518248,6,0.059661967846624094,0.05983158008594749,30.00_53.20,6,97.5
30.00000000000004,53.599999999999966,12.558740894160605,9.312824808091712,34.799950000000024,-12.489299999999957,13.915386007876187,8.46561099187768,86.33769000000001,0.0058129673,42.07334418816031,41.19444988470327,408.25805,0.0060046577,1.5492700729927007,5,0.05391625691587591,0.053741905236822186,30.00_53.60,5,80.0
30.00000000000004,53.999999999999964,12.992374324817542,9.472845391730258,34.80044000000004,-13.47233,12.98935607707573,7.44625455328506,73.31761,0.013468924,37.91189336329562,34.20387406464275,365.42977,0.013476864,1.4972627737226278,5,0.054580280189872266,0.05275199827748058,30.00_54.00,5,80.0
30.00000000000004,54.39999999999996,15.382977043795643,9.791153975603446,37.09097000000003,-7.44399999999996,12.709350417457445,6.791926014029792,64.27064999999999,0.00051823736,33.917695544123305,29.757022213758056,371.53054999999995,0.00045301214,1.4863138686131387,5,0.06014293455739052,0.05655502403834016,30.00_54.40,5,80.0
30.00000000000004,54.79999999999996,15.497885739051117,9.840622933020455,37.87026000000003,-6.898299999999949,11.64942983685657,6.561958824955607,58.842048,0.005070308799999999,32.5500390380812,29.596788724412644,345.76058,0.004722977,1.3804744525547445,4,0.058750649193430655,0.05484148711400209,30.00_54.80,4,58.0
30.00000000000004,55.19999999999996,14.548773941605862,9.587326504470346,36.38955000000004,-8.013530000000003,11.746140473695256,6.389990164544076,57.785275000000006,0.10269516999999999,32.307772863813874,28.271354508323927,271.73127,0.10270824,1.4032846715328466,4,0.05476724170360402,0.05006781919666406,30.00_55.20,4,58.0
30.00000000000004,55.59999999999996,13.151958184306592,9.428145723176536,33.955700000000036,-10.965499999999963,12.006181194051095,6.204195658124391,59.143293,0.23468558,32.045035600611314,26.019383966313296,256.29328000000004,0.23475549999999998,1.4343065693430657,4,0.05011764442569343,0.04534308141870482,30.00_55.60,4,58.0
30.00000000000004,55.99999999999996,11.843620593065717,9.3018959348869,32.04850000000005,-13.50064999999995,11.423173126970804,6.133830958174494,56.22906,0.3021469,29.872647867271898,23.520509196084134,237.10177,0.30228473,1.3914233576642336,4,0.04547798821759124,0.04115781977715479,30.00_56.00,4,58.0
30.00000000000004,56.39999999999996,12.489692892335789,9.395561019732575,32.56704000000002,-10.580899999999986,10.61453014459854,5.993049166991527,59.06342,0.11767384000000002,28.037500738403285,23.039085387622876,238.69234,0.218277,1.3430656934306568,4,0.046726529120346715,0.0421353638819486,30.00_56.40,4,58.0
30.00000000000004,56.79999999999996,13.570924133211703,9.422403138720433,33.77505000000002,-9.055520000000001,10.870065955761861,5.907445452889353,44.479034,0.10085525499999999,27.797748836085766,21.91894582681267,183.62734,0.18314664,1.364963503649635,3,0.047967124135218975,0.04331093814185888,30.00_56.80,3,38.0
30.00000000000004,57.19999999999995,12.542208658759147,9.028158929007517,32.339500000000044,-11.416969999999992,11.098889322025547,5.9158356216649315,43.093983,0.03036235,28.727272334324816,22.72448456505004,194.48457000000002,0.03505593,1.3932481751824817,3,0.04451354974885949,0.04123774007973416,30.00_57.20,3,38.0
30.00000000000004,57.59999999999995,14.452508330291993,8.62598785778795,33.90005000000002,-9.987279999999998,11.901965128624088,5.754305849003738,38.681844,0.043954992,30.94950402124088,21.803271671626025,168.50444,0.08310222,1.4315693430656935,3,0.05164832920205292,0.04550050081646345,30.00_57.60,3,38.0
30.00000000000004,57.99999999999995,20.913443531021922,9.196603498830843,41.242819999999995,-1.666849999999954,12.661094539571168,6.2837636469150375,44.476874,0.41695697000000004,31.36978115864051,20.784713929573044,151.60985,0.41800557,1.4872262773722629,3,0.06732293552135037,0.0553990096911792,30.00_58.00,3,38.0
30.00000000000004,58.39999999999995,24.445187709854036,10.220520276342437,46.16763000000003,1.0836400000000026,12.434551470164234,6.290354831056003,35.866066,0.21457927,29.594817839251824,20.045280347805296,142.08089,0.28107872,1.4835766423357664,3,0.07340070555501824,0.059917910546533025,30.00_58.40,3,38.0
30.00000000000004,58.79999999999995,24.53591562043798,10.514658865655845,46.473299999999995,-0.9173299999999927,11.68237831284124,5.8628342545572645,33.325906999999994,0.026519334,27.887675179479928,19.59255765735881,141.36057,0.046550940000000006,1.4224452554744527,2,0.07104570529657847,0.0580032243197435,30.00_58.80,2,20.5
30.00000000000004,59.199999999999946,23.956757262773746,10.50854785139288,45.64614,-2.3109000000000037,11.170120607510036,5.882381290162523,34.950773,0.0038672309999999996,27.090737409034034,19.513635341819814,119.5297,0.0051689313,1.3932481751824817,2,0.06837756748773723,0.05550673089469266,30.00_59.20,2,20.5
30.00000000000004,59.599999999999945,21.75513100364966,9.892508240885972,42.482079999999996,-3.0628399999999942,10.905193040857664,5.635343629429723,34.470524,0.0910865,27.365496336094893,19.51732124131495,122.50304000000001,0.13049789,1.3740875912408759,2,0.06171928949850365,0.05083603293567569,30.00_59.60,2,20.5
30.00000000000004,59.99999999999994,18.082904954379583,9.366867940978647,38.08510000000001,-5.417819999999949,10.78051193321168,5.4929844346874965,33.39475,0.24788907,29.572043137755475,21.48317717788942,148.4951,0.26123775,1.3740875912408759,2,0.05343524862248175,0.04540609945027918,30.00_60.00,2,20.5
30.00000000000004,60.39999999999994,17.530550802919734,9.340864089969044,38.14175,-6.701030000000003,10.947307988111314,5.698837443463432,39.273758,0.45902024,31.658675759452553,25.403060939118493,211.77127,0.4592239,1.385948905109489,3,0.05363626289594891,0.04600098366606842,30.00_60.40,3,38.0
30.00000000000004,60.79999999999994,19.666564835766444,9.49457431797184,40.92886000000004,-3.989599999999996,12.14131841580292,6.1893857517115,40.089997,0.29621358,37.00574845557482,29.66873156080281,210.89764,0.31279526,1.479014598540146,3,0.0631522726955292,0.05194971334731911,30.00_60.80,3,38.0
30.00000000000004,61.19999999999994,21.923855583941627,9.910843381343483,44.364900000000034,-0.8396999999999935,15.213999863868613,8.154843482480935,73.42347000000001,1.3267203,67.70301406487226,64.16940086948767,467.31224999999995,1.8809059999999997,1.7490875912408759,6,0.08071962271085766,0.06398597081887232,30.00_61.20,6,97.5
30.00000000000004,61.59999999999994,22.618347025547465,10.194319596362313,45.062160000000006,-0.16440000000000055,19.60508809841241,15.627065885587783,141.1155,0.76098206,111.6523155310219,142.57496906826987,1079.5880000000002,2.0763653,2.124087591240876,6,0.08779730126487226,0.0691967705214765,30.00_61.60,6,97.5
30.00000000000004,61.999999999999936,22.325568677007322,10.243462913235879,44.044579999999996,-0.7547399999999698,27.5586637595073,28.931879528198436,263.97245,0.2954241,184.6664115840055,259.6170366751556,1999.0687,0.33934977,2.5666058394160585,6,0.10701210717326642,0.09339364922006116,30.00_62.00,6,97.5
30.00000000000004,62.399999999999935,22.036178010948927,10.301180052236006,44.00576000000001,-1.209799999999973,37.88250289919708,46.37341516618574,306.95395,0.12091481999999999,277.3315444545712,428.08223838116953,3150.5147,0.29125077000000005,2.8686131386861313,6,0.15147999230574818,0.17111885768379206,30.00_62.40,6,99.5
30.00000000000004,62.79999999999993,21.51566787408761,10.133437606636658,43.57900000000001,-1.8982999999999493,38.13514149538321,45.45550309991667,348.22625,0.32597744,274.3481332137774,418.3319828687564,3614.9427,1.0794091000000001,2.8905109489051095,6,0.16172711179671534,0.19450469210728766,30.00_62.80,6,99.5
30.00000000000004,63.19999999999993,20.620519470802943,9.79503143225817,42.37100000000004,-2.4803199999999492,39.80212315865876,44.68750128800719,319.52106000000003,0.12944426,296.9587941691241,412.73647392799677,3300.967,0.45579396,3.083029197080292,6,0.1626967367660584,0.18970118551916768,30.00_63.20,6,99.5
30.00000000000004,63.59999999999993,19.713249452554766,9.714568113570468,41.26260000000002,-3.2054200000000037,42.127478358584035,45.27659264420783,316.24654,0.0006015481,333.4419952040581,427.5575800156843,3181.6303,0.00059184775,3.2937956204379564,6,0.16842144732983577,0.18467469285784338,30.00_63.60,6,99.5
30.00000000000004,64.0,19.62345104014601,9.880842375644265,41.16300000000001,-3.2991700000000037,36.822625295784675,37.42437661472714,270.2265,0.17508289999999999,278.38646746612227,339.0767658970606,2655.8986999999997,0.28951297000000004,3.1377737226277373,6,0.16506842630921534,0.175571144197649,30.00_64.00,6,99.5
30.400000000000038,44.0,21.92017027372265,9.52999693952612,44.184960000000046,1.0796400000000403,41.65171729343066,33.984675385769734,244.60493,3.2288571999999998,314.86810848312047,328.58379770684,2225.8378,5.931458,3.447992700729927,6,0.2546603583882299,0.18945138466426592,30.40_44.00,6,99.5
30.400000000000038,44.4,22.25079094890513,9.564446958884478,44.914450000000045,0.8857700000000364,42.18935312290146,32.91728915628521,217.75054,2.5097381999999997,316.15827530328465,318.51783197630516,2031.0677,6.3637664,3.510948905109489,6,0.2607859261692518,0.19227751984848634,30.40_44.40,6,99.5
30.400000000000038,44.8,22.574537855839438,9.620255327085554,45.714260000000024,1.030300000000011,44.61807549187956,34.69757074454508,226.66518,2.2052422,341.8870006208942,348.43650838457654,2300.3233,6.749577,3.6003649635036497,6,0.26824924324224453,0.19569615368465554,30.40_44.80,6,99.5
30.400000000000038,45.2,22.834480912408782,9.714295606759903,46.627340000000004,1.4062700000000063,47.1517242089416,36.648663905155594,258.32708,2.398453,366.5574344948905,376.7907980662881,2805.8540000000003,6.2098424,3.697080291970803,6,0.27318491550456203,0.19895803427772082,30.40_45.20,6,99.5
30.400000000000038,45.6,23.203855145985425,9.796528782802717,47.54336000000001,1.9131000000000427,48.28381935593065,36.24030369880611,273.4061,3.2428122000000004,367.5588242351277,364.48712172543526,2890.0777000000003,6.190905600000001,3.77007299270073,6,0.27587431520894157,0.20073331272520628,30.40_45.60,6,99.5
30.400000000000038,45.99999999999999,23.495329516423382,9.920223363020357,48.30215000000004,2.0703400000000443,39.00617108631387,24.90961436346979,222.46714,4.1022874,243.00358478275547,209.93738181294404,1609.1652,6.138894,3.29014598540146,6,0.2546152222294708,0.18770170004636522,30.40_46.00,6,99.5
30.400000000000038,46.39999999999999,23.685175145985422,10.047616386966782,48.51504,2.3887000000000285,45.81865795793796,30.692642503657655,270.5704,3.6492032,323.2629688455292,295.16132074322434,1961.8837999999998,4.649446,3.696167883211679,6,0.25563707948357667,0.18746863996389285,30.40_46.40,6,99.5
30.400000000000038,46.79999999999999,23.99513335766426,10.089221527093684,48.53262000000001,3.2187700000000063,54.29025029434307,38.06116346973972,323.02759999999995,6.1819793999999995,406.77885576414235,390.7960977876493,2458.6577,9.599223,4.009124087591241,6,0.26321022903111313,0.19383938664931455,30.40_46.80,6,99.5
30.400000000000038,47.19999999999999,24.305570958029218,10.113213215904892,48.814840000000004,3.9795200000000364,50.5899164134124,31.538151050243098,303.67525,7.4990084999999995,334.4958954698905,314.27979741520085,2212.3652,13.529178,3.8594890510948905,6,0.2479322068656022,0.18822411399193614,30.40_47.20,6,99.5
30.400000000000038,47.59999999999999,24.648934160583966,10.067552173948824,49.24453,4.963999999999999,44.550818613959855,20.644735408086248,230.34683,10.019669500000001,198.88972358759125,151.10337181087192,1436.6178,20.415362000000002,3.278284671532847,6,0.218603531177281,0.1744037327278806,30.40_47.60,6,99.5
30.400000000000038,47.99999999999999,24.725135419708053,9.955210849362336,49.359770000000026,5.25060000000002,38.82076163859489,18.39301678871018,176.38648,7.908240999999999,137.7391804274635,93.82622762925072,1002.2783999999999,14.2061065,2.7627737226277373,6,0.19799720754616787,0.16482190953673143,30.40_48.00,6,97.5
30.400000000000038,48.399999999999984,24.76761437043798,10.124086562422253,48.93203,4.391230000000007,30.906824035948905,14.645941835507685,130.48908,5.2635833000000005,94.4659368415146,67.25754302137437,684.4644,6.7548593,2.346715328467153,6,0.1852423030834854,0.15862577129363822,30.40_48.40,6,97.5
30.400000000000038,48.79999999999998,24.8069899452555,10.36069443539918,49.424950000000024,4.040639999999996,30.5289211544708,13.625788384954049,93.55592,5.3796056,90.26057639051095,61.19760213391054,515.9944,10.916404,2.343978102189781,6,0.1803239065845803,0.15062271395199778,30.40_48.80,6,97.5
30.400000000000038,49.19999999999998,24.468398485401483,10.184267497602221,49.427880000000016,4.497100000000046,35.6161270830292,17.121627189787763,103.62298,5.22119,93.04241552281022,56.150651188545375,531.70294,9.173362000000001,2.5246350364963503,6,0.17994221448494527,0.14348525015868918,30.40_49.20,6,97.5
30.400000000000038,49.59999999999998,23.80339232664236,10.169522494895238,48.98403000000002,3.5557000000000016,35.17303409489051,14.656761141034393,94.09672,2.8355126999999998,96.87286074087591,58.44232709261462,553.2227,4.3829400000000005,2.5164233576642334,6,0.17508308316149637,0.13916825131082988,30.40_49.60,6,97.5
30.400000000000038,49.99999999999998,23.000749032846738,10.39343212679751,48.49087000000003,1.749050000000011,38.47398234124088,15.925781293279854,92.90085,3.1189908,96.78729874726277,58.45751936723551,501.43205,9.3591215,2.666970802919708,6,0.16279549458266424,0.1331594821534662,30.40_50.00,6,97.5
30.400000000000038,50.39999999999998,21.205044306569366,10.37798457892571,46.27334000000002,-1.0306999999999675,33.70812184270073,14.061557507101877,86.20533999999999,4.069427,84.30767244388687,57.32056920571306,418.2877,5.669529,2.447080291970803,5,0.1403144866332117,0.12066554626064548,30.40_50.40,5,80.0
30.400000000000038,50.799999999999976,18.091843166058418,9.99668804817599,42.915430000000015,-4.176199999999994,26.112818510948905,12.078349290086354,86.43799,3.2245646,72.41062691231751,56.512315447462704,388.21432,3.5979943,2.144160583941606,5,0.11142018720680656,0.10229584028618326,30.40_50.80,5,80.0
30.400000000000038,51.19999999999997,14.781665392335789,10.042280936739603,40.477930000000015,-8.783179999999959,18.9729097145073,10.374598445444475,77.47252999999999,1.1090685999999998,60.02929163375913,55.36232277097022,522.8701,1.2797675,1.8403284671532847,6,0.08914347204282846,0.08706584603112814,30.40_51.20,6,97.5
30.400000000000038,51.59999999999997,10.936982682481775,9.94689981212252,36.36343000000005,-17.55075999999997,15.635969063166058,9.390720986144466,72.61164000000001,0.31370276,49.820711012043795,48.4998520476753,473.5607,0.3985843,1.6523722627737227,6,0.06750160342444343,0.06992982025389426,30.40_51.60,6,97.5
30.400000000000038,51.99999999999997,9.0323264872263,10.113803864870652,33.748680000000036,-19.83851999999999,13.155595183618614,8.303195719541261,63.37311,0.06725811599999999,42.64062684739964,40.80099852562976,280.9298,0.1079635,1.5246350364963503,4,0.055302190701195256,0.05891882554417289,30.40_52.00,4,58.0
30.400000000000038,52.39999999999997,10.30476611313871,9.885672131603654,34.19350000000003,-18.293019999999984,12.968551481274634,8.95986271463197,110.224946,0.015909652,40.020430111149636,40.73841409552804,506.82644000000005,0.01608096,1.5127737226277371,6,0.05264069368023722,0.05547537634061412,30.40_52.40,6,97.5
30.400000000000038,52.79999999999997,10.464872262773746,9.611614341618765,33.490380000000016,-16.325229999999976,12.37704273748084,8.595701883489541,90.26161,0.0665836,38.1348852951323,40.1646306693526,461.5085,0.069232425,1.4644160583941606,6,0.04979551291692518,0.051593804334425696,30.40_52.80,6,97.5
30.400000000000038,53.19999999999997,10.794698248175205,9.489956783452149,32.777000000000044,-15.989299999999957,12.721266169625,8.045696544059414,74.952986,0.043286992,37.19603353364599,35.43261142574362,332.66596,0.04329394,1.4908759124087592,4,0.04919886441590328,0.04938954454027795,30.40_53.20,4,58.0
30.400000000000038,53.599999999999966,11.72839694343068,9.468777261148213,32.9042,-15.561559999999986,11.879414868453466,7.045034630571581,66.32811,0.043589965,32.695847847495436,27.677904155730097,269.5131,0.043958267999999995,1.4288321167883211,4,0.05006354912731752,0.04927527444981578,30.40_53.60,4,58.0
30.400000000000038,53.999999999999964,14.436337034671554,9.934386943935268,35.60586000000001,-12.113929999999982,12.020840424711386,7.076773237718335,60.07872,0.00026244198,33.87166704741557,29.715849893935346,287.07419999999996,0.00022563846000000002,1.4416058394160585,4,0.05903859663813869,0.05490456371066726,30.40_54.00,4,58.0
30.400000000000038,54.39999999999996,16.05234024635039,9.71343218802167,37.58022,-6.192049999999995,12.190695782893796,7.207442079277744,58.46521,0.0006887676000000001,38.56119115610566,40.7958356102663,375.64794,0.0006803858,1.4452554744525548,5,0.06298081307731752,0.05797410989711173,30.40_54.40,5,80.0
30.400000000000038,54.79999999999996,13.8084201642336,9.256462118765521,35.10537000000005,-8.943330000000003,11.280521081438868,6.395545395713227,53.86327,0.0065908699999999995,33.087484313104014,28.607819249939865,259.7457,0.006655653,1.3695255474452555,4,0.054189737322901464,0.048800201129682974,30.40_54.80,4,58.0
30.400000000000038,55.19999999999996,12.686576441605862,9.261438357260863,33.26895000000002,-11.118200000000002,11.394429885254562,6.277536612562808,51.631589999999996,0.023284027000000002,32.861230270836685,25.90403661512061,235.92742,0.02319038,1.3795620437956204,3,0.05116410720665146,0.04499115961468763,30.40_55.20,3,38.0
30.400000000000038,55.59999999999996,14.26644039233579,9.534186917836228,34.342430000000036,-11.407870000000003,11.724955170275546,6.414851331249458,50.942486,0.018226282,31.450364343454382,24.354647275676736,209.89444,0.021186135999999998,1.3996350364963503,3,0.05421241388832117,0.04720416317902508,30.40_55.60,3,38.0
30.400000000000038,55.99999999999996,15.493271523722651,9.777090030884056,35.63638000000003,-7.8980999999999995,12.128294902071167,6.531956436957089,53.301623,0.24107093999999998,30.050594258868614,23.35908176377037,186.63307,0.24627855,1.437043795620438,3,0.055680043435164236,0.048358885429542094,30.40_56.00,3,38.0
30.400000000000038,56.39999999999996,15.105902208029221,9.695089518790232,35.41470000000004,-8.60531999999995,12.5443517370073,6.6441752541311665,57.390043,0.08029953,30.925324035114965,24.090444088359607,249.77695,0.080596106,1.4680656934306568,4,0.053642721296532844,0.0469826165775952,30.40_56.40,4,58.0
30.400000000000038,56.79999999999996,13.983853129562068,9.285207349029251,34.53726,-7.7450999999999794,14.442214201459855,7.851217571299934,52.46571,0.04579534,32.364125471126826,23.026287609792465,256.7101,0.047106735000000004,1.5684306569343065,4,0.04945104284653285,0.043637096004216586,30.40_56.80,4,58.0
30.400000000000038,57.19999999999995,14.170989005474475,8.756168197176212,34.1232,-8.510719999999992,13.91160701685219,7.22772233158523,44.37295,0.15686738,32.423649441377734,22.987847012158745,205.87542,0.20883487,1.542883211678832,3,0.049696308157043796,0.04447994805777027,30.40_57.20,3,38.0
30.400000000000038,57.59999999999995,18.902644032846737,8.82951496856261,38.916650000000004,-3.0898199999999747,13.078805469616789,6.231679404486511,49.197336,0.9163146999999999,32.39416281760949,21.629766617637582,185.62481,1.0375885999999999,1.5191605839416058,3,0.06319801175228103,0.05241642254569664,30.40_57.60,3,38.0
30.400000000000038,57.99999999999995,23.564288175182504,9.846214913915823,45.20670000000001,1.0270000000000437,12.786067487403413,6.485158821551699,50.280857000000005,0.00030891413999999996,31.242761093351753,21.231129539612063,165.73485,0.00043383352,1.5027372262773722,3,0.07405267449735402,0.0595653602189479,30.40_58.00,3,38.0
30.400000000000038,58.39999999999995,24.33427776459856,10.670451166838763,46.96840000000003,0.5792500000000018,11.855785641934306,5.999658126641274,32.905817,0.17405083000000002,28.56155988007299,19.62631839911389,124.96246999999998,0.17414732,1.4461678832116789,2,0.07333718187104928,0.05912732326863389,30.40_58.40,2,20.5
30.400000000000038,58.79999999999995,24.28529845802922,10.482452313847967,46.228170000000034,-0.6316999999999666,10.94539082382938,5.834938895174698,34.409478,0.010426178000000001,26.251017301976276,19.41722095109025,123.25889999999998,0.01038828,1.3841240875912408,2,0.06998131537062044,0.05672189627748431,30.40_58.80,2,20.5
30.400000000000038,59.199999999999946,23.086598394160607,10.443068082905274,44.60073,-2.454439999999977,10.452914892490055,5.706743854223053,34.698527000000006,0.0013023191,25.06176717816989,18.7357658055508,115.767364,0.0011222641999999998,1.342153284671533,2,0.06582781843613138,0.0533573406096292,30.40_59.20,2,20.5
30.400000000000038,59.599999999999945,21.02875997262776,10.00143428348418,41.919100000000014,-2.4251499999999737,10.200561883922784,5.472114195842953,34.229025,0.00030755937,24.944461411003164,18.32305644376581,118.76180000000001,0.00021276947,1.332116788321168,2,0.05999282034976278,0.04946430195986614,30.40_59.60,2,20.5
30.400000000000038,59.99999999999994,18.026562372262795,9.52428405846536,38.641260000000045,-4.906599999999969,10.29169461459854,5.5056625590180035,36.936389999999996,0.19579966999999998,28.448855879051095,21.779115841939557,145.87019,0.19564098,1.343978102189781,3,0.05324992503585766,0.04516954360917179,30.40_60.00,3,38.0
30.400000000000038,60.39999999999994,17.826051131386883,9.417948464645583,39.209130000000016,-7.255219999999952,10.399368894817519,5.455630806985349,34.17651,0.22007181,30.76056470400547,24.341781902601042,193.0096,0.2200268,1.3531021897810218,3,0.05503792786259124,0.04626385510017826,30.40_60.40,3,38.0
30.400000000000038,60.79999999999994,20.43421450729929,9.741107685130403,42.728170000000034,-3.7688999999999737,11.5900873045073,6.424054566205654,39.779554,0.28970404,37.86105182288321,32.900682035925875,238.20362999999998,0.36457878,1.438868613138686,3,0.06714327014945255,0.05441028898387952,30.40_60.80,3,38.0
30.400000000000038,61.19999999999994,22.072300218978125,10.200102539599055,44.59927000000005,-0.6927199999999516,13.873915050930657,8.66585419895861,88.56029,0.18236256,52.47373028949818,52.08022226148451,433.02057,0.20734988999999998,1.60492700729927,6,0.08098107927782847,0.0635014908781985,30.40_61.20,6,97.5
30.400000000000038,61.59999999999994,22.081586514598563,10.171435337886193,44.40005000000002,-0.7298299999999927,17.28473097544708,14.77311192912113,159.54201,0.35641862,85.38839787961679,98.23264207415947,954.8113000000001,0.37049996,1.8932481751824817,6,0.08531296131861314,0.06803173643752128,30.40_61.60,6,97.5
30.400000000000038,61.999999999999936,21.91964091240878,10.119649662558636,43.696920000000034,-0.9324699999999666,39.89038599038321,56.24332378572894,574.2508,0.30478906,325.9836250360036,566.7471722955643,5065.137000000001,0.39243205999999997,2.874087591240876,6,0.11969466239032847,0.11566297747472473,30.40_62.00,6,99.5
30.400000000000038,62.399999999999935,21.665580748175206,10.191404229720991,43.42178000000001,-0.9676299999999856,65.74682870826643,108.94036160779666,856.34656,0.24312815999999998,599.1959323547445,1136.6749215943262,8983.027,2.2080109,3.1487226277372264,6,0.17925780880082118,0.22214581936255828,30.40_62.40,6,99.5
30.400000000000038,62.79999999999993,21.249761231751847,10.204713303544422,43.28408000000002,-1.168799999999976,51.50698407874088,76.62317063121309,551.6313299999999,1.039693,444.4127779667883,789.0687030815526,6112.3396,2.0038209,3.122262773722628,6,0.1870710228072993,0.23184248394065,30.40_62.80,6,99.5
30.400000000000038,63.19999999999993,20.930076386861334,10.284432190148072,43.18252000000001,-1.2459499999999935,44.83431185394161,60.30588407276435,427.74974000000003,0.31812264,358.9498544905109,590.0732958029454,4317.831999999999,0.3494626,3.0748175182481754,6,0.19030645340474453,0.23134136766791447,30.40_63.20,6,99.5
30.400000000000038,63.59999999999993,20.51427258211681,10.470253368617788,43.12686000000002,-1.6731999999999516,35.23923534604927,38.58516974976342,241.64142999999999,0.18237307,242.01200255184307,320.8981986039441,2357.2625000000003,0.33957506,2.886861313868613,6,0.17451718500054744,0.19877946338538757,30.40_63.60,6,97.5
30.400000000000038,64.0,20.15547875000002,10.391191421184091,42.462800000000016,-2.2049299999999903,30.081038155948903,31.471417372639745,219.98464,0.19152882,193.7649999694343,248.76749016971863,1774.2664,1.1218470999999999,2.6861313868613137,6,0.15741636148330293,0.17297325597657603,30.40_64.00,6,97.5
30.800000000000036,44.0,21.94598530109491,9.585822896174228,44.64590000000004,1.0816000000000372,41.19629763010949,32.782777470395594,241.3911,1.699421,303.5571329041971,310.97669214403504,2170.6858,6.465796999999999,3.458029197080292,6,0.2548408364692518,0.18944325290563216,30.80_44.00,6,99.5
30.800000000000036,44.4,22.300088968978123,9.687403402154715,45.51210000000003,0.8340000000000032,42.14257212801095,32.70485613558675,252.82088000000002,1.7448603,306.45161887317516,310.8183406928194,2315.8298,6.0945100000000005,3.4635036496350367,6,0.26072075773293796,0.19533127914437887,30.80_44.40,6,99.5
30.800000000000036,44.8,22.688405510948925,9.753131896869037,46.43105000000003,1.113300000000038,44.71895291076642,34.496460094149,251.01627,2.3200162,329.1880016849452,336.56013683799887,2397.1947,6.294569999999999,3.579379562043796,6,0.264719741979927,0.19884564577985964,30.80_44.80,6,99.5
30.800000000000036,45.2,23.131426669708052,9.839709979240236,47.49258000000003,1.7568600000000174,45.04983369662409,33.81818420920824,243.2081,3.5616257,324.95396420666054,329.484504264565,2599.0432,5.604105,3.571167883211679,6,0.26260202795958026,0.19897788816465903,30.80_45.20,6,99.5
30.800000000000036,45.6,23.655564197080313,9.924579655755746,48.53848000000005,2.3877200000000016,42.69048243613139,30.25003083823214,273.76535,3.5101466,286.67953914543796,277.5874358341042,2802.7061,5.2466170000000005,3.4753649635036497,6,0.25515697520036495,0.19675134606422254,30.80_45.60,6,99.5
30.800000000000036,45.99999999999999,23.958235374087614,10.09349350647349,49.255269999999996,2.6670200000000364,39.565137721715324,25.867732735085717,263.22076,3.150541,234.61949254206203,218.06393045648767,2498.868,6.2634036,3.2445255474452557,6,0.2421355924998175,0.18915834630896436,30.80_46.00,6,99.5
30.800000000000036,46.39999999999999,24.32551577554747,10.109298157959312,49.419340000000034,3.428740000000005,37.61535687728102,23.467675909026127,201.27682,1.9753388,201.0723193015511,177.77272793143598,1750.6907999999999,7.847801,3.042883211678832,6,0.23031185384069341,0.18482747980729147,30.80_46.40,6,99.5
30.800000000000036,46.79999999999999,24.52648452554747,10.095367955819281,49.36855000000003,4.299830000000043,35.40283572837591,22.279524177045573,172.65354,1.3969784,173.29476787582118,159.7783125803596,1190.2604999999999,2.2834334000000003,2.8394160583941606,6,0.2171463178029197,0.18425445808585836,30.80_46.80,6,97.5
30.800000000000036,47.19999999999999,24.72293687043798,10.116675701227976,49.59512000000001,4.875020000000006,35.76713136432482,18.32543504721778,146.1011,6.3420913,132.58511378558393,111.41932040166537,831.7796000000001,13.612356,2.656934306569343,6,0.2006347678582117,0.1748549751103067,30.80_47.20,6,97.5
30.800000000000036,47.59999999999999,24.75128102189783,10.03658081455605,49.65566000000001,5.35116000000005,37.42151566633212,18.20438395805711,138.41257000000002,5.9886154,121.97945499452554,88.82550624515231,710.891,15.198343999999999,2.6551094890510947,6,0.19199222179142336,0.16488082689311842,30.80_47.60,6,97.5
30.800000000000036,47.99999999999999,24.403826961678856,10.001563306201371,49.3578,5.191980000000001,39.858582936496354,18.94255376782505,126.54503,7.613637,114.90345970018248,79.17849849763239,733.63475,14.162844999999999,2.7116788321167884,6,0.18623429168029199,0.15878427964926414,30.80_48.00,6,97.5
30.800000000000036,48.399999999999984,24.583463813868633,10.094659859951873,49.27090000000004,4.812130000000025,33.631685854744525,15.094554546394377,106.71788000000001,6.933385,102.65548392244526,69.51008881264625,689.7562,12.996418,2.454379562043796,6,0.1838219974520073,0.1539630570025095,30.80_48.40,6,97.5
30.800000000000036,48.79999999999998,24.43845175182484,10.298769205174468,48.94766000000004,3.8951400000000262,34.83138983859489,14.639990955447951,92.94583,7.1302906,106.3667666040146,66.58292074111242,577.8956000000001,10.664473999999998,2.511861313868613,6,0.183866090990146,0.14723604593543066,30.80_48.80,6,97.5
30.800000000000036,49.19999999999998,24.072329397810243,10.449493648602097,49.49453,3.219750000000033,37.53377583321168,15.773175279676561,106.15780000000001,6.8194286,107.48980377463504,64.64631332852998,565.67393,11.745836,2.6395985401459856,6,0.18583452584032847,0.14234844090954216,30.80_49.20,6,97.5
30.800000000000036,49.59999999999998,23.612424762773745,10.379699696176646,48.9169,2.2275600000000395,38.60642307846715,16.207643551096833,104.13535,6.556229,108.10512019571168,68.10415683012094,575.1087,12.1636425,2.6523722627737225,6,0.17171466372062044,0.13598198204132475,30.80_49.60,6,97.5
30.800000000000036,49.99999999999998,21.302348038321192,10.126595938414567,46.266999999999996,-1.2069999999999936,33.508057469434306,13.643770030462203,93.35287,5.588013,95.33621427691605,63.785206784487265,444.85312999999996,10.100319,2.43521897810219,6,0.14573836456569342,0.1227980121197194,30.80_50.00,6,97.5
30.800000000000036,50.39999999999998,17.885027189781045,10.031146387915829,43.29922000000005,-6.329079999999976,23.18049024790146,11.077940098506103,75.22883,2.9512939,69.57058283740875,56.007949892895546,360.81676000000004,3.8624369999999995,2.0301094890510947,5,0.11814568974187957,0.10661287747860466,30.80_50.40,5,80.0
30.800000000000036,50.799999999999976,13.476952500000023,9.896911404601378,38.88467000000003,-13.668919999999957,17.748874656843064,9.769400382019573,61.13948,1.0539053999999999,58.14492062262774,50.79884776188401,298.05629999999996,1.2609792000000002,1.7846715328467153,4,0.08740266854162408,0.08443100145164294,30.80_50.80,4,58.0
30.800000000000036,51.19999999999997,9.855223412408783,10.1560431017577,34.76920000000001,-20.963839999999976,16.962550611861314,9.790639781762225,62.40452,0.28797766999999996,52.96575314262773,46.869695922008624,351.35918,0.29044359,1.7025547445255473,4,0.06696071251228103,0.06764128591691296,30.80_51.20,4,58.0
30.800000000000036,51.59999999999997,8.188915939781044,10.244233805988944,33.41177000000005,-21.877899999999983,14.832978395118612,9.341113872410416,88.11054999999999,0.08041888999999999,45.076880291058394,43.968811897563064,540.3744,0.08040506,1.614963503649635,6,0.0550173273067792,0.057855072708193275,30.80_51.60,6,97.5
30.800000000000036,51.99999999999997,7.848797937956228,10.236528212962824,31.984520000000032,-21.27443999999997,12.584997494320255,8.086245845809456,52.341139999999996,0.058613530000000004,38.66135025959854,37.01584232120683,316.83993,0.05870279,1.5045620437956204,4,0.048997057220100365,0.0520785836807948,30.80_52.00,4,58.0
30.800000000000036,52.39999999999997,8.91143020072995,9.937234278513897,32.10757000000001,-21.706099999999964,12.163644359739964,7.741208453483507,81.70616,0.01745153,35.97756620375091,33.77073123749757,337.08101999999997,0.017274671000000002,1.4726277372262773,4,0.047429782785063865,0.04963750410747099,30.80_52.40,4,58.0
30.800000000000036,52.79999999999997,9.748383667883234,9.73619294901914,31.936900000000037,-18.720759999999984,11.501010753305657,7.31343582037176,67.34376,0.0075607750000000005,33.9314410992719,32.19321934517355,430.5641,0.007497602,1.4197080291970803,6,0.047396444487499995,0.0482666728802514,30.80_52.80,6,97.5
30.800000000000036,53.19999999999997,12.187732746350388,9.811812406866316,33.79775000000001,-13.578159999999968,11.694284444479926,6.758235292339825,50.547655000000006,0.03158453,34.904840988156934,29.8211593388339,206.71254000000002,0.03177265,1.427007299270073,3,0.05434466679540146,0.05233310363363054,30.80_53.20,3,38.0
30.800000000000036,53.599999999999966,14.872638403284693,10.0410408589862,36.31826000000001,-11.060219999999958,11.5373874602573,6.5292364195162325,53.40222,0.01816812,32.888363159827556,27.27960268811145,237.77606,0.020173686000000003,1.407846715328467,3,0.06111329058722628,0.05648599313166733,30.80_53.60,3,38.0
30.800000000000036,53.999999999999964,15.966782819343088,10.131331806383683,37.74795,-7.1131299999999555,11.630891258541057,6.5110621757760585,53.897868,0.008987907,33.243127652249996,26.681139874258992,231.16768,0.065027136,1.4096715328467153,3,0.06424562881578467,0.05801959463534647,30.80_54.00,3,38.0
30.800000000000036,54.39999999999996,15.046841660583963,9.572852562790752,36.482320000000016,-7.6988999999999805,11.403580165202372,6.436467349631508,46.976065999999996,0.0012572018,33.432870362775546,27.241560451933843,188.28796,0.023645127999999998,1.3914233576642336,3,0.059286150665018245,0.05348588194382603,30.80_54.40,3,38.0
30.800000000000036,54.79999999999996,14.04595349452557,9.287030645872253,34.26650000000001,-9.613319999999987,11.641535697295621,6.6508451865624965,49.727515000000004,0.008845798,35.4014041729708,29.110351665750724,194.67786999999998,0.024504487000000002,1.4087591240875912,3,0.05656607833726277,0.049273108030812335,30.80_54.80,3,38.0
30.800000000000036,55.19999999999996,15.441665191605864,9.514595196452582,35.92178000000001,-8.580099999999959,11.611034937318978,6.763076912326902,44.77064,0.0042130596,33.26687117620164,27.273711934091676,194.78765,0.039624835,1.3932481751824817,3,0.060302860543065696,0.05084909168432863,30.80_55.20,3,38.0
30.800000000000036,55.59999999999996,16.803774680656957,9.915647118841663,37.687400000000025,-7.122719999999958,12.294244808260036,6.490426011308308,49.93692,0.028230723,32.923629171414234,24.832908699791652,174.77673000000001,0.03505593,1.4434306569343065,3,0.06303625953302919,0.05221157131026429,30.80_55.60,3,38.0
30.800000000000036,55.99999999999996,16.110067153284696,9.763214957516174,37.03970000000004,-6.243020000000001,12.912348333330291,6.332444225613412,53.067215,0.061398860000000006,33.000313456751826,23.850155717872454,216.91584,0.10235854000000001,1.489051094890511,3,0.05832960328330292,0.0491220659644362,30.80_56.00,3,38.0
30.800000000000036,56.39999999999996,14.250150939781044,9.473945879656492,34.69302000000005,-9.528969999999958,13.895729067198905,7.148573333591099,54.054542000000005,0.1207152,33.40675732608577,23.689875302546678,235.9585,0.12106863,1.5401459854014599,3,0.052495409653576644,0.04515935419134936,30.80_56.40,3,38.0
30.800000000000036,56.79999999999996,13.939482007299292,9.043853949261825,34.05093000000005,-9.12564999999995,14.17392784995073,7.419408643591587,50.735043000000005,0.024788876,33.230849579052006,22.838522556001255,202.02870000000001,0.024764750999999998,1.5602189781021898,3,0.050803762943448905,0.04425038498797483,30.80_56.80,3,38.0
30.800000000000036,57.19999999999995,16.353915063868637,8.779662914966323,36.37417000000005,-5.891459999999995,12.900584098987226,6.348294972632619,44.365787000000005,0.42272272,32.659474666058394,23.241166188646993,206.92600000000002,0.42427753,1.5027372262773722,3,0.05772212232898723,0.0504070905572434,30.80_57.20,3,38.0
30.800000000000036,57.59999999999995,21.651675894160608,9.407691114510811,43.040670000000034,-0.7342299999999682,12.870548914562043,6.294816545288674,46.919762000000006,0.7722914,32.0743643147354,21.4410541994817,173.24173000000002,0.85048335,1.510948905109489,3,0.07232462205012773,0.05917466249880099,30.80_57.60,3,38.0
30.800000000000036,57.99999999999995,24.15633409671535,10.48510405089673,47.126599999999996,0.2887200000000121,11.877449723607791,6.29105941337894,59.68139,0.00030891413999999996,28.979994520660146,21.63211079590913,229.16213,0.00043383352,1.4215328467153285,4,0.07612328429379561,0.06179096116493646,30.80_58.00,4,58.0
30.800000000000036,58.39999999999995,24.079292509124112,10.588458040350902,46.83022,-0.8924299999999903,11.079795826783887,5.988475469881683,42.756472,0.00030891413999999996,26.761881232902848,20.25832940929273,129.01256,0.00043383352,1.395985401459854,3,0.07255965396459854,0.05868397024111157,30.80_58.40,3,38.0
30.800000000000036,58.79999999999995,23.671393065693454,10.18136969595115,45.52212000000003,-0.9949699999999666,10.52248202549708,5.712486676188425,34.387813,0.0003080498,25.847221864510693,19.619233413091298,131.3484,0.00021330772,1.3604014598540146,2,0.0678747017718978,0.05511682327759503,30.80_58.80,2,20.5
30.800000000000036,59.199999999999946,21.838844826642358,10.376434895428002,43.81704000000002,-2.9446800000000053,10.124357758269069,5.531060963878004,35.500978,0.0009617491,25.291526112761225,19.465067802166242,132.67592,0.0008948905,1.3293795620437956,3,0.06367031575812045,0.051942803874038684,30.80_59.20,3,38.0
30.800000000000036,59.599999999999945,20.265537299270097,10.282555478126351,42.08706000000001,-2.936869999999999,9.855276910843067,5.325055781692433,34.828613,0.015882656,24.89826277091332,18.86721300837195,123.57201,0.015674179,1.3147810218978102,2,0.059664446461177,0.04966819106492607,30.80_59.60,2,20.5
30.800000000000036,59.99999999999994,18.177285182481775,9.775058994806685,39.52114,-5.0960399999999595,9.894073955419708,5.277583879785667,34.30149,0.07008362,27.14022580410584,21.018584567684094,153.04082,0.16267512,1.3147810218978102,2,0.054617493204379565,0.04630109822935001,30.80_60.00,2,20.5
30.800000000000036,60.39999999999994,18.41331823905112,9.53822584431334,40.20962000000003,-5.816749999999956,10.123244776824817,5.521822276199487,31.904154000000002,0.13221348,29.39216437468978,24.801288532911144,222.79833,0.14744109,1.3275547445255473,3,0.056860375626459854,0.047670342104952745,30.80_60.40,3,38.0
30.800000000000036,60.79999999999994,20.68876285583944,9.867058727186816,43.22378000000003,-3.898779999999988,11.409850788472628,6.960441911827357,55.26733,0.019818796,37.32924821912957,35.97622532589394,299.2924,0.024996206,1.4224452554744527,4,0.06867307229671532,0.05619060281922292,30.80_60.80,4,58.0
30.800000000000036,61.19999999999994,21.860017618613163,10.249725933748758,44.546040000000005,-1.3889999999999532,15.958278737837592,12.272901748769785,123.94297000000002,0.14360955,75.07147385186131,90.07976751128955,716.42717,0.21701327,1.7837591240875912,6,0.08493851793567518,0.06703400662922424,30.80_61.20,6,97.5
30.800000000000036,61.59999999999994,21.83547577554747,10.288328908112137,44.18667000000005,-0.7078599999999824,18.283549198941603,18.63044650725232,187.92588,0.5138180400000001,94.28435176861313,122.59420214767309,1125.6733,0.9299529,1.9516423357664234,6,0.08657200637965329,0.06862444813067405,30.80_61.60,6,97.5
30.800000000000036,61.999999999999936,21.747872098540167,10.228821651682123,43.97866000000005,-0.6814999999999714,28.23430017377737,41.17550176728657,423.95757000000003,0.47089975999999995,202.52739680976276,373.66757388931575,3394.0807,0.6231027,2.4552919708029197,6,0.09738962583010949,0.09619949521921722,30.80_62.00,6,97.5
30.800000000000036,62.399999999999935,21.390036760948927,10.134913330838309,43.22646000000003,-1.1111799999999903,46.25852463859489,80.28938121446417,730.9046000000001,1.081526,409.4702730571168,832.3779114227004,6901.206700000001,2.1846213999999997,2.954379562043796,6,0.12965682054023722,0.16676852525093683,30.80_62.40,6,99.5
30.800000000000036,62.79999999999993,20.878349826642356,10.069610321567122,42.893460000000005,-1.656599999999969,40.21523516712591,62.36610916949918,574.15565,0.35151407,351.7656314470073,650.3137888114254,5275.741,0.46258422,2.95985401459854,6,0.14241568277755473,0.1801624707683041,30.80_62.80,6,99.5
30.800000000000036,63.19999999999993,20.655985666058417,10.159813990609042,42.902980000000014,-1.9388199999999642,31.22445177861314,40.78129609688374,369.32244,0.13960182000000002,241.56452619850364,393.1044317080558,3019.5808,0.18166406,2.7335766423357666,6,0.1423889134696168,0.17019783906784589,30.80_63.20,6,97.5
30.800000000000036,63.59999999999993,20.711652463503672,10.379418319112125,43.19204000000002,-1.7923299999999927,25.800063644585766,28.282727932794018,218.51424,0.037567876,172.70346316520985,248.97493843267912,1740.0321000000001,0.039441819999999995,2.489051094890511,6,0.139727222207208,0.16212629099093656,30.80_63.60,6,97.5
30.800000000000036,64.0,20.681653485401483,10.350137825194748,42.606100000000026,-2.055999999999983,23.418182505643248,23.010797594622595,215.46079,0.024664965,139.61968926219527,184.87084684526735,1391.1965,0.10015059600000001,2.309306569343066,6,0.13241893856578468,0.14997493435994058,30.80_64.00,6,97.5
31.20000000000003,44.0,21.955641532846737,9.667306852962302,45.11367000000001,0.9297000000000253,42.800852537043795,34.794210839465066,272.0135,2.2165397999999996,317.25760178275544,334.2643643716911,2430.5875,6.5971193,3.521897810218978,6,0.25841458796149636,0.19461487717877396,31.20_44.00,6,99.5
31.20000000000003,44.4,22.431606697080316,9.824788144032906,46.19473000000005,0.6709200000000237,40.71537202335766,30.642081765157695,230.51386,3.6161005,277.02460481523724,276.57453782151146,2043.6876,5.334795300000001,3.3585766423357666,6,0.2561530523386861,0.19433303050294898,31.20_44.40,6,99.5
31.20000000000003,44.8,23.04441361313871,9.897319528023361,47.34316000000001,1.3437700000000063,39.479075124361316,27.80119687468443,201.68439,3.4930132,250.9375725040146,239.43183105036204,1600.3435,4.4449684000000005,3.2372262773722627,6,0.2496349720995438,0.1912966137510476,31.20_44.80,6,99.5
31.20000000000003,45.2,23.63141047445258,9.958782713469965,48.41055,2.303740000000005,34.2397034625,21.780230991470894,163.93783,0.6852419,175.97285578828468,160.4762722054176,1226.9444,0.68533756,2.7655109489051095,6,0.2340847689707117,0.18588652825069177,31.20_45.20,6,97.5
31.20000000000003,45.6,24.00996758211681,10.002840362223766,49.21523000000002,3.027370000000019,30.869148900465326,18.88620590019449,144.59306,0.37234021,134.00793362880475,121.1614397699064,1270.8891,0.37241457,2.4872262773722627,6,0.22222299320501826,0.18578504124616907,31.20_45.60,6,97.5
31.20000000000003,45.99999999999999,24.180237682481774,10.087030339545557,49.52773000000002,3.4541300000000206,32.7472255729927,17.91654928416997,155.67757,2.7398046,123.65902326523722,107.02809390303995,1191.8120000000001,2.7397723999999997,2.490875912408759,6,0.21284991530191608,0.1838164480897744,31.20_46.00,6,97.5
31.20000000000003,46.39999999999999,24.41772296532849,10.166691529006131,49.689840000000004,3.723230000000001,30.35060258877737,17.543183419071408,147.07256,0.8577688,116.42386896916058,102.4906032020205,1050.4191999999998,0.8578005000000001,2.383211678832117,6,0.2063029874964416,0.1820647596241992,31.20_46.40,6,97.5
31.20000000000003,46.79999999999999,24.53746233576645,10.198465062357123,49.685940000000016,4.498620000000017,28.87727545095803,17.287074828197213,103.91348,0.17572595,108.04084307104014,96.29252425485348,738.08195,0.17576476,2.3394160583941606,6,0.19759390020611314,0.17928282390859743,31.20_46.80,6,97.5
31.20000000000003,47.19999999999999,24.758877344890532,10.336099311173164,50.23574000000002,4.279870000000017,36.07283037527372,17.4305483696022,123.68633,5.0723488,120.57978418248176,84.84263085507556,652.26914,16.043295,2.602189781021898,6,0.19099332633759125,0.16694377576361824,31.20_47.20,6,97.5
31.20000000000003,47.59999999999999,24.511058740875935,10.134464105284373,49.77578,4.854100000000017,37.43851915611314,17.162663880111484,119.55174,6.5931696,123.60527477554744,82.2616490041066,603.6609,15.716434,2.667883211678832,6,0.1882825466171533,0.15773351755430629,31.20_47.60,6,97.5
31.20000000000003,47.99999999999999,24.245929260948927,10.267711721570324,49.70060000000001,4.210530000000006,44.37119987682482,20.75295995902854,141.38973,8.733531,132.4800191149635,79.93036396372482,640.6694,17.491313,2.8914233576642334,6,0.18839165126870439,0.15251238708880863,31.20_48.00,6,97.5
31.20000000000003,48.399999999999984,24.43436193430659,10.510947087398675,50.258200000000045,3.6090000000000373,38.03425450903285,16.906054562689558,123.18486,8.509198999999999,132.6612545086679,83.24988310140621,658.1553299999999,11.6935475,2.716240875912409,6,0.1904475878091241,0.15019387390033084,31.20_48.40,6,97.5
31.20000000000003,48.79999999999998,24.27479656934309,10.40742713334511,49.88125000000002,3.414100000000019,44.37364819945255,18.30218046758198,118.06873,8.515104000000001,162.99966100410586,106.09722435501342,659.6396,11.8975585,3.031934306569343,6,0.19715703746843066,0.14880820582219134,31.20_48.80,6,99.5
31.20000000000003,49.19999999999998,23.66555367700732,10.47496333019418,49.95742000000001,2.371120000000019,43.55440690328467,20.24218004514308,133.85342,5.2633045,132.36631866879563,91.86984041783921,614.12015,9.420486,2.9023722627737225,6,0.19211782492016424,0.14654644481313417,31.20_49.20,6,97.5
31.20000000000003,49.59999999999998,22.59039470802922,10.122053726878782,48.40957000000003,0.8164300000000253,30.624637125000003,14.306107138134523,111.96178,6.905759,99.71263423859489,80.15729276977252,578.5504,9.831292,2.3649635036496353,6,0.16054334211076643,0.1324567776887149,31.20_49.60,6,97.5
31.20000000000003,49.99999999999998,17.551329498175207,9.7799477607301,42.78750000000002,-6.40179999999998,22.57628454857664,12.221124672930403,78.31841,0.55869354,85.37415259434307,68.57245950724575,443.62278000000003,0.5805254000000001,2.04014598540146,6,0.11872129000513686,0.10607949890885754,31.20_50.00,6,97.5
31.20000000000003,50.39999999999998,12.792351742700752,10.208304434248532,38.58390000000003,-17.67575999999997,18.793544805656932,10.679844410796248,75.66091,0.9602701,64.2084711910584,54.36549072772186,362.45228,1.2148224,1.812043795620438,5,0.09093261073828467,0.08716720253254373,31.20_50.40,5,80.0
31.20000000000003,50.799999999999976,10.366486441605863,10.468259049665177,36.24380000000002,-22.56735999999998,17.403190222286494,10.570920331924857,70.89102,0.085956166,55.8312706175365,50.59006550365631,334.51903,0.08955895,1.7372262773722629,4,0.07281224353808485,0.07334361180698884,31.20_50.80,4,58.0
31.20000000000003,51.19999999999997,8.659609571167907,10.488067772725127,34.32095000000004,-21.699239999999975,16.019468650879563,10.067927143467122,66.06828,0.06999118,48.01792456813504,43.789819233583195,323.04382,0.070104256,1.6423357664233578,4,0.059035067078859485,0.060425937820227954,31.20_51.20,4,58.0
31.20000000000003,51.59999999999997,7.897110273722651,10.208358493988824,32.66177000000005,-20.94044999999997,13.18317351237135,8.721077723656707,58.783105,0.011794671999999999,41.29104351741515,40.18595375212001,286.00985,0.011738207,1.5191605839416058,4,0.04983901391666971,0.05231714268608155,31.20_51.60,4,58.0
31.20000000000003,51.99999999999997,8.217822600364988,10.017396136569198,31.893950000000018,-16.24807999999996,11.483946127607664,7.659440221526987,48.675062,0.014730456,36.14759879162956,36.21448332528227,301.23715,0.014719624999999998,1.4315693430656935,4,0.046918221724452557,0.048725181009395505,31.20_52.00,4,58.0
31.20000000000003,52.39999999999997,10.40180243613141,10.031447873784384,33.267480000000035,-17.308249999999987,11.761348748567517,7.774236144667173,57.419551999999996,0.010667332,35.64166420824726,35.609620013195844,282.10436999999996,0.015856493,1.447080291970803,4,0.0500506246852646,0.04998925038463619,31.20_52.40,4,58.0
31.20000000000003,52.79999999999997,12.49984258211681,10.19174700412392,34.89883000000003,-14.594759999999951,12.22958326939781,7.739545873971802,62.6058,0.1813997,35.85629257646898,33.80268949075011,275.20403,0.28789546,1.4543795620437956,4,0.05633870284393248,0.0539403410791005,31.20_52.80,4,58.0
31.20000000000003,53.19999999999997,15.151540666058418,10.187725103216282,37.548730000000035,-8.138339999999971,13.684136491536497,8.005405327034524,50.48251,0.01595259,48.24884480778467,58.37272642086804,453.13377,0.016083867,1.5866788321167884,6,0.06822519228357664,0.06344726695491672,31.20_53.20,6,97.5
31.20000000000003,53.599999999999966,15.672906916058416,9.986754898329714,37.99110000000002,-7.227499999999964,12.315939049692883,6.704404677671962,41.441221999999996,0.0063246474,41.59474297487591,43.173416712110246,362.06177,0.009660519,1.5054744525547445,5,0.06675092699215328,0.06209536303738874,31.20_53.60,5,80.0
31.20000000000003,53.999999999999964,13.942765018248199,9.438725225892837,35.29970000000003,-7.988699999999994,11.435702642194343,6.201609395068806,43.00391,0.004789875,34.67526312378011,27.58024687424052,173.19717,0.011024761,1.405109489051095,3,0.058858919418010955,0.05438412221787185,31.20_54.00,3,38.0
31.20000000000003,54.39999999999996,13.840496076642358,9.378583344213146,34.768460000000005,-9.864899999999977,12.044109521475,6.6795448721101085,42.06899,0.004249862599999999,35.85592324669708,27.562023302750024,215.27420999999998,0.004658298,1.4434306569343065,3,0.058106767592217154,0.05195290991984087,31.20_54.40,3,38.0
31.20000000000003,54.79999999999996,15.543336386861338,9.490502788261578,35.794820000000016,-7.7031599999999685,12.337273135349452,6.943116237792849,44.5124,0.033061096,37.434412592828465,30.67598720719465,209.72719999999998,0.04647539,1.4434306569343065,3,0.06277389304374088,0.053408819636684125,31.20_54.80,3,38.0
31.20000000000003,55.19999999999996,17.043752737226303,9.880746534921384,37.97720000000004,-5.583839999999952,12.183100973109033,6.992027126173632,46.072556999999996,0.013278083500000001,35.355514095232664,28.630161961759377,190.20972,0.013396067,1.4352189781021898,3,0.06695407278686132,0.05484506307318119,31.20_55.20,3,38.0
31.20000000000003,55.59999999999996,17.343282636861336,9.82809194921035,38.904930000000036,-4.846529999999973,12.753171884702555,6.4713003254600725,52.696013,0.041674192,35.661141056891424,26.900313932479882,205.2134,0.047561483,1.4762773722627738,3,0.06560173950346715,0.0535456915382604,31.20_55.60,3,38.0
31.20000000000003,55.99999999999996,15.227824753649656,9.299517546368962,35.50552000000005,-6.937349999999981,11.732674705296533,6.166186451573494,54.174127,0.09220823,32.793109965702556,25.327707260605884,224.23038,0.09310165999999999,1.405109489051095,3,0.05537513206240876,0.04675580701152033,31.20_56.00,3,38.0
31.20000000000003,56.39999999999996,13.408082864963527,9.298612566543015,33.48306000000002,-11.769199999999955,11.859299235634124,6.138270022890738,44.017217,0.025002039,32.63712374612044,23.315630340664686,172.92329999999998,0.024878438,1.4242700729927007,3,0.052425915750729926,0.04448519922853174,31.20_56.40,3,38.0
31.20000000000003,56.79999999999996,16.152269041970825,9.297153641487313,36.36294000000004,-8.852399999999989,13.133029388184307,6.439133569639317,40.415966,0.31245586999999997,32.91491458746351,22.522390381696287,170.7272,0.3975439,1.5136861313868613,3,0.05943280136854927,0.05026783794587683,31.20_56.80,3,38.0
31.20000000000003,57.19999999999995,19.922233512773744,9.507514284243392,40.73794000000004,-4.062349999999981,13.346716762436131,6.545375118093979,51.082772,0.19129411999999998,34.230278877764604,23.912362069857043,203.38987,0.28897786999999997,1.5337591240875912,3,0.06913586209635036,0.058488756885269715,31.20_57.20,3,38.0
31.20000000000003,57.59999999999995,23.014330282846736,10.037478076463605,45.231600000000014,-0.4324699999999666,12.464735343787538,6.303004235811554,44.08795,0.00030891413999999996,30.831736391021458,21.33689952579501,155.03034,0.00043383352,1.4854014598540146,3,0.07554524880097628,0.06153476439075976,31.20_57.60,3,38.0
31.20000000000003,57.99999999999995,23.680384735401482,10.453036849436758,46.57534000000004,-0.7654799999999682,10.995780633751771,6.198310182140013,43.178073,0.0003080498,26.816180670240183,21.984064556071587,177.08287,0.00021330772,1.3759124087591241,3,0.07293576152810219,0.05937198389072283,31.20_58.00,3,38.0
31.20000000000003,58.39999999999995,23.585396313868635,10.179748628865175,45.813620000000014,-1.2683999999999855,10.59745775542303,5.930625781185866,36.161733,0.00030891413999999996,26.013926698112062,20.842088876971605,138.05779,0.00043383352,1.3594890510948905,3,0.06976069735994525,0.0563973560114827,31.20_58.40,3,38.0
31.20000000000003,58.79999999999995,22.30814569343068,9.8889115761603,44.03677000000005,-1.709799999999973,10.089724008343067,5.494578441613692,32.439747,0.0039247119999999995,25.44544131836405,20.00944839508338,148.36023,0.029043167,1.3293795620437956,2,0.06380265537232664,0.05203561327622589,31.20_58.80,2,20.5
31.20000000000003,59.199999999999946,20.134843558394184,10.214257019523416,42.50650000000002,-3.774759999999958,9.885186516020985,5.2848324072344885,34.16788,0.040406387,25.542915937751825,19.887293666651576,159.92889,0.040947426,1.312956204379562,3,0.06073223236919709,0.05007902759319916,31.20_59.20,3,38.0
31.20000000000003,59.599999999999945,18.826584461678852,10.303827292786087,41.37808000000001,-4.5061999999999784,9.61575756613595,5.221985555301712,35.452526,0.09827854500000001,25.025123676122263,20.019073000464928,150.79003,0.0983182,1.2965328467153285,2,0.057872737989507296,0.04884997564515713,31.20_59.60,2,20.5
31.20000000000003,59.99999999999994,17.774869114963526,9.950826707485346,39.862450000000024,-6.661469999999952,9.674877493184306,5.265552634424396,37.907096,0.22296675999999999,26.157756984808394,21.13362727434079,177.74083,0.31160488000000003,1.2883211678832116,3,0.0552603641685219,0.047277692519128965,31.20_60.00,3,38.0
31.20000000000003,60.39999999999994,19.14808928832119,9.860223831498098,41.43520000000001,-5.868499999999983,9.904914973823905,5.775814342557749,41.348333,0.010824356,27.70016794635584,25.36136071255026,208.3268,0.0215854,1.3083941605839415,3,0.058757516546350363,0.050365354448144196,31.20_60.40,3,38.0
31.20000000000003,60.79999999999994,20.791328029197103,10.017795868508506,43.32388000000003,-3.7610799999999927,10.49565186408303,7.072980619639201,54.924479999999996,0.003988935,31.12752838967062,35.2288208734863,373.31343999999996,0.0048799690000000005,1.3567518248175183,5,0.06606986498093065,0.05681999158861908,31.20_60.80,5,80.0
31.20000000000003,61.19999999999994,21.462843248175204,10.311126576755832,43.87026000000003,-2.0037599999999998,20.961524585875914,21.936348991966526,144.99724,0.64516187,141.81464727415147,231.74163964498717,1448.7732,0.6468726699999999,2.241788321167883,6,0.08656915793266423,0.06937938337453371,31.20_61.20,6,97.5
31.20000000000003,61.59999999999994,21.528310766423377,10.464686497498723,44.00454000000002,-0.9764199999999619,17.852207845647808,16.862800400020806,174.90366,0.50066473,106.78976769014598,134.21157826083004,909.2432,0.5714904,2.083029197080292,6,0.08364543481961678,0.06790209610588292,31.20_61.60,6,97.5
31.20000000000003,61.999999999999936,21.540789653284694,10.47376868383938,44.21792000000005,-0.641459999999995,19.007270911085765,23.70943997952959,256.74805,0.34838835,102.64765013622262,165.88554444654878,1559.9863,0.7042482,1.9434306569343065,6,0.0854365153145073,0.08759659736338078,31.20_62.00,6,97.5
31.20000000000003,62.399999999999935,21.573398895985424,10.376648817663316,44.09780000000001,-0.6961399999999571,24.151631645675185,38.85198396175567,453.10415,0.21743495,161.70969747667883,337.5985048979023,3537.7145,0.29648037,2.173357664233577,6,0.09962304552718977,0.14690897510712148,31.20_62.40,6,97.5
31.20000000000003,62.79999999999993,21.117614160583965,10.27110334408852,43.48916000000003,-1.4085399999999595,27.564069067801096,40.63776671060559,396.33180000000004,0.22874651,208.84141722354016,391.43449183937236,3255.22,0.3080838,2.4616788321167884,6,0.11205871152582117,0.1674448786717264,31.20_62.80,6,97.5
31.20000000000003,63.19999999999993,20.41106986313871,10.182480572019553,42.74110000000002,-2.522799999999961,19.31304262975365,23.16991505350401,268.29048,0.49872434,114.50869979005475,186.51166353015535,1860.0615,0.6428916,2.0374087591240877,6,0.10607480174717153,0.15004525161582905,31.20_63.20,6,97.5
31.20000000000003,63.59999999999993,20.04745497262776,10.432080564223849,42.74380000000002,-2.8138199999999642,18.458442892600257,18.791204123562007,199.91707,0.00024994888,103.50384786728799,146.20556221805583,1304.6934999999999,0.00021192764,1.9908759124087592,6,0.1065909143158759,0.1412419190548517,31.20_63.60,6,97.5
31.20000000000003,64.0,20.17439682481754,10.599351577726662,42.71353000000005,-2.4192999999999643,19.17547805609489,16.97187256826632,162.38796,0.24128047,103.45351783378649,130.55019061811552,991.1092000000001,0.47452513999999996,2.0145985401459856,6,0.10859298718978103,0.12958958772449092,31.20_64.00,6,97.5
31.60000000000003,44.0,22.043497728102214,9.786921285865398,45.74940000000004,1.0117400000000316,40.3345768225365,30.084241476731407,254.80264000000003,3.0553402,276.2926477908759,267.4004393538878,2119.7945,4.2150368,3.375,6,0.2507405205864964,0.18661159834818544,31.60_44.00,6,99.5
31.60000000000003,44.4,22.893126806569366,9.923821988718478,47.099019999999996,1.2969000000000506,34.85654290264599,21.45498176827772,190.09131,2.580444,184.9176198609489,153.40782448463284,1285.4237,4.7507576,2.8485401459854014,6,0.2383899787519161,0.17703794882710472,31.60_44.40,6,97.5
31.60000000000003,44.8,23.493361487226302,10.027371482220607,48.30800000000005,1.9814700000000016,32.4055561470803,18.683561086059104,150.71896,1.4494946,148.14393449315693,120.39311909069102,984.8474000000001,1.4495405000000001,2.585766423357664,6,0.22526253335018248,0.17378050918337715,31.60_44.80,6,97.5
31.60000000000003,45.2,23.85317534671535,10.056070794423865,49.040430000000015,2.558620000000019,31.06006787504562,16.793991332162754,127.36267,0.8205221500000001,127.3757427567518,98.36330705600423,711.47946,1.7227584,2.447992700729927,6,0.2149861470390511,0.16889169554238517,31.60_45.20,6,97.5
31.60000000000003,45.6,23.833586779197102,10.077821831513187,49.19473000000005,3.1621300000000474,30.28162516313869,16.62614911993272,110.84246399999999,0.2707113,118.82655302423358,96.48604162005351,858.2075,0.27080696000000004,2.395985401459854,6,0.21001292295082116,0.17279211851704765,31.60_45.60,6,97.5
31.60000000000003,45.99999999999999,23.951654260948928,10.188806979168245,49.30020000000002,2.9966699999999946,33.455553222718976,16.710629635531074,121.86240000000001,4.237373,117.89483756277372,93.17651885330454,918.0893,4.3715196,2.511861313868613,6,0.20509979459297445,0.1771457216956908,31.60_46.00,6,97.5
31.60000000000003,46.39999999999999,24.148818321167905,10.238208102845691,49.54922000000005,3.6402199999999993,29.262018917518247,16.205373383721998,123.77289,1.5190355,108.40357738804745,91.75853735243857,840.09235,1.5630568,2.309306569343066,6,0.19902661021733575,0.1785238503317977,31.60_46.40,6,97.5
31.60000000000003,46.79999999999999,24.18234099452557,10.233180975824425,49.47207000000003,3.9556500000000483,27.80662234379562,15.785113583968858,98.09394,0.9376339,100.39690640218977,83.51773365680138,561.97774,1.0177862999999998,2.2518248175182483,6,0.18994374606295622,0.1715819150316622,31.60_46.80,6,97.5
31.60000000000003,47.19999999999999,24.371416505474475,10.363260944668783,50.053120000000035,3.941980000000001,32.01168820218978,15.971936195189175,122.72545,3.9694769999999995,131.28199308667882,90.5145333717612,602.39034,10.415082,2.548357664233577,6,0.18932166825583943,0.16113092873228146,31.60_47.20,6,97.5
31.60000000000003,47.59999999999999,24.11455372262776,10.2634748150657,49.946680000000015,4.206080000000043,37.128012872627735,17.76153145194362,162.58201,6.5468857,155.8362039361314,114.3328813110563,729.5264,7.213341,2.803832116788321,6,0.19401277157518249,0.15539958188655356,31.60_47.60,6,99.5
31.60000000000003,47.99999999999999,23.995922563868636,10.428765593975418,50.06190000000004,3.3262000000000285,40.4296412310219,21.318298859354112,189.33915,5.92903,183.24420045437955,147.4472693394057,887.8035,10.358899,2.9854014598540144,6,0.19993183011131388,0.15260222686940755,31.60_48.00,6,99.5
31.60000000000003,48.399999999999984,24.08677791970805,10.59746555547874,50.61074000000002,2.7998300000000427,39.92527302326642,21.325221893409786,149.20036,5.129925399999999,170.06020766158758,136.45039976120802,767.15554,9.081201,2.895985401459854,6,0.20295490240556568,0.15211599415633237,31.60_48.40,6,99.5
31.60000000000003,48.79999999999998,23.912639333941627,10.51714065004808,50.446680000000015,3.064480000000003,48.137781110401455,23.616902608628155,158.10656,6.697383,209.58223471350365,169.42883565476458,1210.1509,10.880857,3.3083941605839415,6,0.20729310630611314,0.1522683866789802,31.60_48.80,6,99.5
31.60000000000003,49.19999999999998,22.499426085766444,10.595026414431121,49.32560000000001,1.2993700000000104,49.55250118175182,27.00416460346046,170.72385,5.7439142,139.4825964671533,116.50114766304372,808.80056,8.378716,3.0866788321167884,6,0.18318099057217152,0.14503066082997224,31.60_49.20,6,97.5
31.60000000000003,49.59999999999998,20.251940775547467,10.278830915533609,46.44960000000003,-2.252399999999966,24.6759796129562,13.09980211661616,104.19387,0.8789982000000001,82.91519062837591,72.60433311912192,568.0272,0.8899053,2.10492700729927,6,0.14579936206751823,0.1258797999208522,31.60_49.60,6,97.5
31.60000000000003,49.99999999999998,14.616285118613161,10.048198389739117,40.04092000000003,-11.129339999999956,19.851437374114965,11.283069623517935,67.51321,0.5404578999999999,72.69916300848541,60.01913451482104,344.02907999999996,0.7906187,1.906021897810219,4,0.10292805991170621,0.09643985497601747,31.60_50.00,4,58.0
31.60000000000003,50.39999999999998,9.77727095802922,10.67521013123298,35.91616000000005,-23.727509999999967,17.270414510369523,10.612694105371698,60.224295,0.07926434,57.03217312076642,50.059946650713115,297.0963,0.07927299,1.7317518248175183,4,0.07622807892832117,0.07544968794287085,31.60_50.40,4,58.0
31.60000000000003,50.799999999999976,9.011560364963527,10.911560800925384,35.60903000000002,-23.305639999999983,16.430959658695254,10.696574806023886,64.20228,0.08122422,49.551412550656934,45.23916635520351,273.5663,0.08261171,1.655109489051095,4,0.06427863698183393,0.06558967315777058,31.60_50.80,4,58.0
31.60000000000003,51.19999999999997,7.973778202554767,10.47803645270333,33.654930000000036,-20.37696999999997,14.639521913544707,9.75637101821335,68.755895,0.055204785,44.960542900319346,43.61947978731366,354.40626999999995,0.05538181,1.5930656934306568,4,0.05377471449379562,0.05551757168311102,31.60_51.20,4,58.0
31.60000000000003,51.59999999999997,7.999419625912432,10.098297940528111,32.27358000000004,-15.697299999999984,12.342087823289233,8.494260146381084,56.682214,0.014583057,40.12967835628011,41.42639634505618,302.29424,0.014681922,1.4708029197080292,4,0.04863992324259124,0.04973926514363225,31.60_51.60,4,58.0
31.60000000000003,51.99999999999997,10.162921094890534,9.910741249422136,32.98135000000002,-13.584630000000004,11.793977967563869,8.575190214274288,64.53906599999999,0.013624398,39.94161322443887,45.24053080375158,358.5018,0.014073586,1.4516423357664234,5,0.05239980518231752,0.05075041221977719,31.60_52.00,5,80.0
31.60000000000003,52.39999999999997,12.777833631386883,10.037998871453597,35.26064000000002,-12.035799999999995,12.528008129615875,9.516872089212683,69.04236999999999,0.04852505,42.68420845020985,50.70746623679868,359.9178,0.0869258,1.4854014598540146,5,0.059567023709224454,0.05638788365661497,31.60_52.40,5,80.0
31.60000000000003,52.79999999999997,14.71737459854017,10.250484105305576,37.15273000000002,-9.380529999999965,13.188107536546532,9.649695484211568,78.185366,0.063939715,42.812279602527376,47.72283907880532,428.56408,0.17427905999999999,1.5155109489051095,6,0.06565185790802919,0.06122720605651365,31.60_52.80,6,97.5
31.60000000000003,53.19999999999997,15.1746764872263,9.78805376918716,37.52944000000002,-8.369119999999953,11.834927194791971,6.437962507565559,38.891839999999995,0.003532302,37.83894497977463,33.74462527982376,334.85141999999996,0.019267098,1.4434306569343065,4,0.0641032071620438,0.060436616221654624,31.60_53.20,4,58.0
31.60000000000003,53.599999999999966,13.238317983576664,9.260947264447912,34.58047000000005,-9.726999999999975,11.958827818587226,6.729312183128874,41.375813,0.0009999046,42.235082053161676,40.75768110514324,290.66666,0.0008905152,1.4927007299270072,4,0.05917717358681569,0.0559048011163255,31.60_53.60,4,58.0
31.60000000000003,53.999999999999964,12.87272187043798,9.170648569068527,33.32705000000004,-9.971349999999973,12.119720113995438,6.674479442837563,45.270696,0.031414,38.236711293912414,29.75650379497546,227.07809,0.03177265,1.4744525547445255,3,0.059749355030136855,0.05303383069575215,31.60_54.00,3,38.0
31.60000000000003,54.39999999999996,14.938131770073015,9.506928614160115,35.40322000000003,-8.333649999999977,15.108217891859487,7.695038904471739,45.542972,0.052173193,40.750735551779194,29.61318741794298,217.1671,0.05216328,1.6268248175182483,3,0.06441325357700729,0.05546315118322672,31.60_54.40,3,38.0
31.60000000000003,54.79999999999996,16.542667144160607,9.824186637314554,37.35000000000002,-6.864099999999951,13.870993724707391,7.039562410408068,45.66462,0.0026483636999999997,39.096918236552284,29.350684408307796,193.5646,0.0028231913,1.5593065693430657,3,0.06874008847281023,0.056862553297673105,31.60_54.80,3,38.0
31.60000000000003,55.19999999999996,18.041922755474474,9.950798823065202,39.376599999999996,-4.282199999999989,13.199072720287226,7.102217238224606,47.268056,0.0031315328,37.291039033401184,29.543835835275388,209.58191,0.0032779387,1.522810218978102,3,0.07212142800009123,0.058620222886890026,31.60_55.20,3,38.0
31.60000000000003,55.59999999999996,16.85619270072995,9.538698907190884,37.998680000000036,-4.998879999999986,12.305155645842154,6.610579359632147,50.668202,0.024419394,35.50515776130657,28.71482797287197,270.82149999999996,0.024537377000000003,1.4343065693430657,4,0.06441677969197081,0.05249445442350708,31.60_55.60,4,58.0
31.60000000000003,55.99999999999996,14.513923138686154,9.045356612651547,34.088040000000035,-8.127779999999973,11.682539342375913,6.538666330443048,51.485794999999996,0.014002836999999999,35.24813141123266,29.246392434614105,283.08466,0.013964501,1.3941605839416058,4,0.055873895080237226,0.046051214660656176,31.60_56.00,4,58.0
31.60000000000003,56.39999999999996,14.983737335766447,9.261692785151064,34.801900000000046,-8.49984999999998,11.88541657905748,6.704010708517548,54.775573,0.017825557,34.17796016270712,28.492941280299643,307.18797,0.017716166999999998,1.4215328467153285,4,0.05905044050161497,0.04923200927362723,31.60_56.40,4,58.0
31.60000000000003,56.79999999999996,18.673703312043816,9.726315772449878,39.71255000000002,-4.901219999999967,12.891871081332118,6.481164433133852,50.537942,0.5619907,32.861497326104015,23.49504115323789,192.20627,0.56376515,1.5063868613138687,3,0.06896634237423359,0.05662953605897887,31.60_56.80,3,38.0
31.60000000000003,57.19999999999995,21.48572819343068,10.120722853453591,43.564099999999996,-1.8172399999999698,13.069093571661497,6.398204191849192,44.682558,0.019602592,33.256795052520985,22.382607854884533,164.69133000000002,0.037612108000000005,1.5155109489051095,3,0.07400039143125,0.06033435504426834,31.60_57.20,3,38.0
31.60000000000003,57.59999999999995,22.252009279197104,10.352479180432535,44.84000000000003,-1.374369999999999,11.786491355001488,6.136921634501092,39.068805,0.00030425163,29.353850131097342,21.71014784751886,138.04139,0.00020913928999999998,1.4315693430656935,3,0.07214924764096715,0.058534484523887584,31.60_57.60,3,38.0
31.60000000000003,57.99999999999995,22.49570035583944,10.283070154163406,45.11930000000001,-1.9578599999999824,10.483767726437172,5.847520089303735,33.833923999999996,0.00030891413999999996,25.603104709640988,20.656727319877227,140.41487999999998,0.00043383352,1.3503649635036497,2,0.06878391796715327,0.05508280850704339,31.60_58.00,2,20.5
31.60000000000003,58.39999999999995,22.550519260948928,10.133400128332518,44.893700000000024,-2.4314999999999714,10.150263747017464,5.728980073085018,32.83395,0.00030891413999999996,25.26135243804153,20.60800034647216,136.94483,0.00043383352,1.3293795620437956,2,0.06664116649224452,0.05353571308893082,31.60_58.40,2,20.5
31.60000000000003,58.79999999999995,20.699085364963526,9.843036058740521,42.610000000000014,-3.4148999999999887,9.657807133759123,5.345413046259992,31.372192,0.09465478,24.6057248935,19.98408571360742,166.87044,0.09740870600000001,1.2956204379562044,3,0.0602666326339781,0.049515316115802524,31.60_58.80,3,38.0
31.60000000000003,59.199999999999946,18.128330839416083,9.845414970900526,40.422500000000014,-5.3723999999999705,9.543545960333942,5.166570023000417,32.535834,0.047540236,25.101251233093066,19.710383345873296,165.43002,0.06887331000000001,1.291058394160584,3,0.056050851409397806,0.046896447096792596,31.60_59.20,3,38.0
31.60000000000003,59.599999999999945,16.48891197992703,9.781193110087203,38.72378000000003,-6.588229999999953,9.229741636766423,5.042103827555953,34.95931,0.049577946000000005,24.310598267451642,19.638286254189733,172.29955,0.049546547,1.2664233576642336,3,0.05244416063747263,0.04485521619440367,31.60_59.60,3,38.0
31.60000000000003,59.99999999999994,15.988595812043819,9.654988607272644,37.824370000000044,-7.815769999999986,9.318289827062044,5.226121475665453,38.198817,0.025393910000000002,25.2220403167281,21.352228237056966,246.76760000000002,0.032954084,1.27007299270073,3,0.05152672777344891,0.04467178462134791,31.60_60.00,3,38.0
31.60000000000003,60.39999999999994,17.602002226277392,9.704323421050859,39.33364,-6.091160000000002,9.43962045303741,5.781324789734054,41.149068,0.014391280999999999,25.523744591499998,25.95272391007949,258.44926,0.014657036,1.2773722627737227,4,0.05538910912281022,0.04863454200983555,31.60_60.40,4,58.0
31.60000000000003,60.79999999999994,19.447890155109512,9.795630593093426,41.473299999999995,-4.049170000000004,9.867559853309034,6.850495964598529,53.374563,0.0044152607000000005,27.432936160317702,33.20428023302646,344.8583,0.0066989582,1.3065693430656935,4,0.06116941292344891,0.054091886445152615,31.60_60.80,4,58.0
31.60000000000003,61.19999999999994,20.95879792883214,10.192774496363993,43.203760000000045,-2.107280000000003,17.729674910282846,16.99583312060387,120.25097000000001,0.5623324,118.79038179568431,188.87158985646838,1238.9450000000002,0.6216342,2.102189781021898,6,0.07612426923535584,0.062105473101268294,31.60_61.20,6,97.5
31.60000000000003,61.59999999999994,21.37664223540148,10.461188414473808,43.86587000000003,-1.082369999999969,13.289473102709854,11.561185950827495,113.430175,0.25426947,64.80248914844891,80.21165257729194,650.1921,0.5000935,1.6797445255474452,6,0.07433338902080293,0.06415681239826689,31.60_61.60,6,97.5
31.60000000000003,61.999999999999936,21.30018489051097,10.481821781250218,44.37710000000004,-0.9671399999999721,15.111276485958028,15.540963791311139,186.04808,0.12810550999999998,73.01179469781022,105.45928443971171,1026.9324000000001,0.17415333000000002,1.7472627737226278,6,0.0778739459919708,0.0827001117704353,31.60_62.00,6,97.5
31.60000000000003,62.399999999999935,21.222570228102214,10.523624900834399,44.52480000000003,-1.0716299999999706,16.04064307862106,20.472391029173217,288.07725,0.00042097868,79.05706573896857,149.3765324403188,1806.6795,0.00043984955,1.7454379562043796,6,0.0880639678685219,0.13146784120935903,31.60_62.40,6,97.5
31.60000000000003,62.79999999999993,20.71923603102192,10.462694442393037,44.04580000000004,-1.5325699999999642,17.899944955439782,21.72839020447172,218.38416,0.016919282,101.59070367709855,176.97794539840416,1580.7170999999998,0.33615866,1.9516423357664234,6,0.09381318707509124,0.14118376095737392,31.60_62.80,6,97.5
31.60000000000003,63.19999999999993,20.096978850364987,10.383486647972276,43.179100000000005,-2.7620599999999627,13.069513366623065,14.363071559010521,178.41579000000002,0.00024994888,51.56609875781719,95.04207532862873,1008.3605,0.00021192764,1.5291970802919708,6,0.08822262692709855,0.12662385220738326,31.60_63.20,6,97.5
31.60000000000003,63.59999999999993,19.492255675182506,10.49702553556278,42.62295,-3.281599999999969,14.59613818082106,13.548678243909569,173.94153,0.00024994888,70.59623311778252,99.93591424106866,1070.3553,0.00021192764,1.7144160583941606,6,0.0893758982910584,0.12151755971274092,31.60_63.60,6,97.5
31.60000000000003,64.0,19.107659297445277,10.686316694039773,42.36514,-3.269399999999962,15.222806907910584,12.503080399715586,132.2296,0.21627808,75.18016779543795,94.17956303620956,902.65195,0.27597466,1.760948905109489,6,0.09170568899571167,0.1143485848761951,31.60_64.00,6,97.5
32.00000000000003,44.0,22.09546986313871,9.900945753335261,46.30898000000002,0.9043200000000411,37.6677055580292,24.437844204638473,202.3775,2.9562464,232.21183084717154,196.72691801114144,1600.778,4.214980000000001,3.187043795620438,6,0.23935419330310218,0.1738043320123299,32.00_44.00,6,99.5
32.00000000000003,44.4,23.179028448905132,10.018609970117385,47.84805,1.6406500000000506,33.97481644096715,18.316349519641474,161.61411999999999,3.2960956,156.26950632344892,116.4033160051893,948.3021,7.1390835,2.6943430656934306,6,0.22481571853138685,0.16503215974456167,32.00_44.40,6,97.5
32.00000000000003,44.8,23.34629569343068,10.090289633595042,48.47500000000002,2.017600000000016,32.77645387235402,16.9068784075666,137.15685,2.161707,135.99387663275547,102.78299649508735,753.0767,2.7808986,2.5355839416058394,6,0.2129648038020073,0.16486331026308276,32.00_44.80,6,97.5
32.00000000000003,45.2,23.421434717153307,10.132422421621436,48.93008000000003,2.3242400000000316,31.754458825456204,16.210603650094537,117.22706,2.9515534,130.7459836441606,96.35371658217386,629.71725,6.051806,2.4844890510948905,6,0.2061376502301095,0.16188130911173793,32.00_45.20,6,97.5
32.00000000000003,45.6,23.473338330291995,9.959209145644035,48.89590000000004,3.6445600000000127,30.76835102481752,16.216130393116746,111.30402600000001,2.0349675,118.70890975939781,94.91903935546297,663.16676,5.778934,2.4078467153284673,6,0.203227312447719,0.1680351368465314,32.00_45.60,6,97.5
32.00000000000003,45.99999999999999,23.724022180656956,10.206884043415055,49.12832000000003,3.3023300000000404,30.231640339872264,16.15451233678328,118.93038,3.6041656,113.97261089142336,92.40334841552874,823.0153,7.328429,2.3585766423357666,6,0.20003961152414232,0.17377658237531052,32.00_46.00,6,97.5
32.00000000000003,46.39999999999999,23.725031925182503,10.253179584805045,49.26016000000004,3.3394400000000246,28.78033054060219,16.152258236815904,118.272105,2.8261782,108.90545911304746,89.50553975284788,719.3983999999999,5.717579,2.312043795620438,6,0.19278620138613137,0.17396282191317478,32.00_46.40,6,97.5
32.00000000000003,46.79999999999999,23.604094826642356,10.277277505318196,49.18300000000005,3.407250000000033,30.245781814963504,16.62066275184698,118.887705,2.8798027999999998,121.71738781332117,93.54656455765297,724.5706,4.975302,2.426094890510949,6,0.190959684529927,0.16748065439450216,32.00_46.80,6,97.5
32.00000000000003,47.19999999999999,23.497522901459877,10.44632236267973,49.49258000000003,2.5351800000000253,39.904608775547445,22.186382801100546,179.15093,3.8206043000000003,200.99586969425184,174.70673763959965,1059.2792,6.9844894,3.105839416058394,6,0.20069221869178833,0.16361994650924233,32.00_47.20,6,99.5
32.00000000000003,47.59999999999999,23.085184324817543,10.450682349783113,49.72012000000001,1.3476800000000253,46.77960257664234,31.440181755366105,239.57837999999998,6.0982206,258.0512879758212,273.8485515156806,1696.4617999999998,9.004854,3.323905109489051,6,0.20986889539160583,0.1634015435292346,32.00_47.60,6,99.5
32.00000000000003,47.99999999999999,22.90217311131389,10.502675805532308,49.80703,1.7822500000000332,41.59053172153285,27.260103872018952,204.51014,4.1137923999999995,206.98190630611316,195.57149854015475,1160.7069,6.069901,3.071167883211679,6,0.20504299488695257,0.15633935963300566,32.00_48.00,6,99.5
32.00000000000003,48.399999999999984,22.933533275547468,10.720284958987984,50.30117000000001,0.8740500000000111,40.28081262791971,23.934117614754125,172.94232000000002,3.8644279999999998,184.78196458549272,160.55779747307517,973.6190999999999,7.209454999999999,2.928832116788321,6,0.2042342101303832,0.15348457364792403,32.00_48.40,6,99.5
32.00000000000003,48.79999999999998,22.718031459854036,10.696871259387315,49.86855000000003,0.621120000000019,34.96736881870438,19.180883144511792,157.2968,2.6217741,145.99663972956205,126.80569257251257,867.9325,3.0956182,2.653284671532847,6,0.18842424951624087,0.14695225392361552,32.00_48.80,6,97.5
32.00000000000003,49.19999999999998,21.164807901459877,10.438058544118924,47.580700000000036,-0.6957499999999754,35.79666727937956,18.05065574402274,145.20037,4.5823696,104.03300509990876,89.60970633620619,676.5831999999999,5.758050000000001,2.5638686131386863,6,0.16245812816003652,0.13811719713827444,32.00_49.20,6,97.5
32.00000000000003,49.59999999999998,17.55898568430659,10.118587641158973,42.923,-7.355899999999963,20.900275235766426,12.458343998807099,84.29547,0.7347452,75.15470382831205,69.08109143282873,514.2302999999999,0.76096823,1.927007299270073,6,0.12412316840301096,0.11452333675098679,32.00_49.60,6,97.5
32.00000000000003,49.99999999999998,11.15438425182484,10.311951117048702,37.11710000000005,-20.880829999999975,16.556529195127737,10.434610802834491,72.311025,0.19742837000000002,61.71873908438869,56.47462514607172,337.00212,0.2005952,1.7253649635036497,4,0.08442757694889598,0.0838483934338763,32.00_50.00,4,58.0
32.00000000000003,50.39999999999998,7.191308585766446,10.900242993857074,33.562160000000006,-27.814429999999987,13.966989379850364,9.276291423515177,54.26874,0.06514582000000001,47.22005322670529,44.127126276001015,313.49663,0.06898139,1.572992700729927,4,0.0636282085957938,0.06477573473462642,32.00_50.40,4,58.0
32.00000000000003,50.799999999999976,7.92193599452557,10.877615440811605,34.111230000000035,-23.61720999999997,14.153194829803832,10.014096027060855,67.02536,0.060743015000000004,43.36131345692244,41.28317771349307,369.90917,0.060690535999999996,1.5666058394160585,5,0.05709916592856752,0.05752358888692318,32.00_50.80,5,80.0
32.00000000000003,51.19999999999997,8.740157627737249,10.562908533721597,33.63003000000003,-18.092799999999983,14.423544876104016,9.932523263403086,72.536224,0.08619866,42.25197900249088,40.028183689720684,320.61125999999996,0.08630463,1.5912408759124088,4,0.05389850321842153,0.05338705032487253,32.00_51.20,4,58.0
32.00000000000003,51.59999999999997,10.461828704379585,10.290817095483153,34.09805,-15.765659999999968,17.400180916286498,11.795557021396364,115.20769,0.14663995000000002,46.95561748955292,47.538112797978975,388.8139,0.15434773000000002,1.7308394160583942,5,0.05728787598260949,0.054938596152184827,32.00_51.60,5,80.0
32.00000000000003,51.99999999999997,12.622353822992723,10.176095063598456,35.50040000000001,-13.016269999999963,14.799881037014599,11.00697096744926,81.67237999999999,0.026806748,49.71540491701095,61.98802724969807,484.9654,0.036414103999999996,1.6277372262773722,6,0.06410045024333942,0.06138446212096884,32.00_52.00,6,97.5
32.00000000000003,52.39999999999997,14.410383594890533,10.338073955894366,37.24600000000004,-9.203399999999988,15.187447585392336,11.417733131343843,95.22134000000001,0.03929809,53.5679941137135,67.91372916033836,562.9943000000001,0.17585101,1.6487226277372262,6,0.07022424084246351,0.06725940168987947,32.00_52.40,6,97.5
32.00000000000003,52.79999999999997,15.543318677007322,10.192333668357534,38.154930000000036,-6.963840000000005,15.442290161405111,12.180249786891832,103.19610999999999,0.04063391,65.04872013135949,91.21539607443412,865.6041,0.18337569,1.7509124087591241,6,0.07414241238293795,0.06886258908961031,32.00_52.80,6,97.5
32.00000000000003,53.19999999999997,14.03479811131389,9.465277371386632,35.34658000000002,-9.092749999999967,11.699509605290146,6.637801482689051,41.245552999999994,0.02694396,37.27589722569343,31.026900415115897,214.8065,0.04809345,1.4498175182481752,3,0.06179197362092153,0.05878970223900358,32.00_53.20,3,38.0
32.00000000000003,53.599999999999966,12.864795739051118,9.270935820366962,33.395399999999995,-10.592229999999972,12.097242878398076,7.421544465406822,51.875983,0.00024672929000000004,40.40234070470088,36.488259237717465,307.49075,0.00020839417,1.4507299270072993,4,0.06167736419623176,0.05704588283348659,32.00_53.60,4,58.0
32.00000000000003,53.999999999999964,15.797492372262795,9.66326045459421,36.87393000000003,-8.042429999999968,13.148945805487227,7.683691623747719,50.48248,0.02105381,41.173415130106754,36.00876356180925,284.84797000000003,0.030388701999999997,1.5218978102189782,4,0.0725429350513686,0.06363251211694086,32.00_54.00,4,58.0
32.00000000000003,54.39999999999996,16.491393531021924,9.639387999368454,37.32314000000002,-8.37484999999998,15.565869187945255,7.675412590080241,50.105253000000005,0.029506809999999998,43.674304107911496,33.346634258635405,263.56375,0.037778346,1.6633211678832116,4,0.06950616181541971,0.06031059385420493,32.00_54.40,4,58.0
32.00000000000003,54.79999999999996,16.54193678832119,9.70850111594667,37.510400000000004,-7.333439999999996,13.952647199216788,7.4986770247807,54.664216,0.0008150948,41.6893022127584,34.94541174025395,297.66101999999995,0.0012848724,1.5675182481751824,4,0.0707543741669708,0.058839029847794364,32.00_54.80,4,58.0
32.00000000000003,55.19999999999996,18.404362910583966,9.929600331968906,39.989900000000034,-4.507799999999975,13.622033440259763,8.19705880406635,65.21074999999999,0.0020940717,39.763777126425,35.835558936936884,279.76353,0.0024821308,1.5319343065693432,4,0.07480629548567518,0.061001579721936226,32.00_55.20,4,58.0
32.00000000000003,55.59999999999996,16.486606085766446,9.477598304978617,37.05435,-6.813329999999951,12.255730063107118,7.703424420516896,74.58852,0.0028757374000000003,38.34129953721743,37.31339693595751,395.89202,0.0028231913,1.4352189781021898,5,0.06408464461094891,0.05182427664734748,32.00_55.60,5,80.0
32.00000000000003,55.99999999999996,15.785721833941627,9.230524341857679,35.94350000000003,-8.415869999999984,12.540654484943795,8.499006473018552,90.3184,0.0043533124,40.09663479145411,43.21016709641772,502.4739,0.0049260097,1.4708029197080292,6,0.06267413151058394,0.05093848598275662,32.00_56.00,6,97.5
32.00000000000003,56.39999999999996,17.97683725364966,9.596005222546593,38.52750000000003,-6.325049999999976,12.79087269874095,8.452826859300595,91.33661,0.00028900808,37.20950875739936,36.28777516488532,415.7365,0.0003216927,1.4708029197080292,5,0.06818088184571168,0.05565314803446624,32.00_56.40,5,80.0
32.00000000000003,56.79999999999996,19.279645976277397,9.881933365780363,40.989400000000046,-3.4969199999999887,12.573404923735401,6.836804247617921,51.166108,0.05403787,33.576413655965325,24.93314817292526,215.08823999999998,0.055357628,1.4653284671532847,3,0.06940233322533758,0.055540061074796594,32.00_56.80,3,38.0
32.00000000000003,57.19999999999995,20.46582375912411,9.82628983697328,42.47573,-1.6629399999999919,11.834959996368614,6.122385575846121,39.348574,0.0355092,30.918039347522807,21.738877892748437,129.01944999999998,0.0646669,1.4343065693430657,3,0.06858284543129563,0.05496280318700721,32.00_57.20,3,38.0
32.00000000000003,57.59999999999995,21.42375187043798,10.10882160883342,43.93960000000004,-1.9388199999999642,11.409557197071805,5.881042365066232,37.216548,0.0022511387,28.373470487336313,20.566104336322535,139.73964,0.0021418156000000002,1.4087591240875912,3,0.06813436595410584,0.054376299937882275,32.00_57.60,3,38.0
32.00000000000003,57.99999999999995,21.649155027372288,10.268201857007801,44.54263000000003,-3.0955599999999777,10.120999116677135,5.667789933022763,35.006334,0.00030891413999999996,24.751163181098104,20.063236024256884,140.05750999999998,0.00043383352,1.3248175182481752,2,0.06587606072180657,0.05266236388339923,32.00_58.00,2,20.5
32.00000000000003,58.39999999999995,20.967099781021922,10.182801003239062,43.79263000000003,-4.845559999999978,9.706680511563997,5.495893098560244,31.723740000000003,0.00030891413999999996,24.14294365030721,20.103132706229633,143.67923000000002,0.0003201467,1.2855839416058394,2,0.0626330594174635,0.05077106019395696,32.00_58.40,2,20.5
32.00000000000003,58.79999999999995,19.037586687956228,9.874588081620058,41.41177000000005,-5.690279999999973,9.248851592454379,5.237902809186691,30.78568,0.08153816,23.336196660361313,19.67838412519871,161.66664999999998,0.081606236,1.2518248175182483,3,0.05684358652250912,0.0474421695905609,32.00_58.80,3,38.0
32.00000000000003,59.199999999999946,15.947697116788342,9.590686063345705,38.12026000000003,-7.470559999999978,9.04881026420438,5.015826976959371,31.434407000000004,0.041293018,23.604449008152372,18.773962426388426,152.67055000000002,0.041361095,1.2326642335766422,2,0.050630299040903284,0.043468576029041625,32.00_59.20,2,20.5
32.00000000000003,59.599999999999945,14.06248592153287,9.425768854229899,35.66030000000001,-9.086770000000001,8.934124019356114,5.014324262490585,39.082305,0.0041855243,24.17221210530201,19.131627177125672,166.6533,0.004539652,1.2408759124087592,3,0.0474535344357208,0.04142046163404708,32.00_59.60,3,38.0
32.00000000000003,59.99999999999994,14.390512363138708,9.422178955341597,35.80630000000002,-9.646829999999966,8.912171128080292,5.184751098643718,39.249937,0.035779206,24.46204794676095,21.04067966545126,239.54780000000002,0.03579044,1.22992700729927,3,0.04829561469781022,0.042292125419544364,32.00_60.00,3,38.0
32.00000000000003,60.39999999999994,16.020747080291994,9.501883142585111,37.953760000000045,-6.343099999999993,9.051388060530108,5.562604471727374,37.251286,0.015911841,24.336004947166973,25.094856303611795,239.21970000000002,0.016134965,1.2563868613138687,3,0.052594800883941605,0.04629589644962374,32.00_60.40,3,38.0
32.00000000000003,60.79999999999994,18.455624242700754,9.693371961851035,40.94400000000002,-3.751800000000003,9.559380121645138,6.755565386781779,59.966546,0.00025693407,26.007783459414835,31.72123263737413,315.20855,0.00021959366,1.2965328467153285,4,0.05920007907645985,0.05218913649811975,32.00_60.80,4,58.0
32.00000000000003,61.19999999999994,20.303878020073018,10.210165323308848,42.867819999999995,-2.0301299999999856,9.873905977953923,7.370744191839025,61.565245,0.0003137775,27.100451020924872,33.82055630917731,300.0234,0.00021959366,1.313868613138686,4,0.06550835154324817,0.05679159502018274,32.00_61.20,4,58.0
32.00000000000003,61.59999999999994,20.77003694343068,10.482777933852418,43.65566000000001,-1.4563999999999737,10.07838424346469,8.067630905569152,75.51886999999999,0.0006264163,28.13738362357573,39.313165098754666,425.77244,0.000674341,1.3193430656934306,6,0.06748434563914234,0.06052824533512246,32.00_61.60,6,97.5
32.00000000000003,61.999999999999936,20.735019425182507,10.576057831781938,44.28286000000003,-1.4934999999999832,10.807448795073633,10.49885390296801,120.7205,0.0013020517,32.72433078565493,59.669992514865854,766.49235,0.0015838357,1.3722627737226278,6,0.07120726631551094,0.07992124415805299,32.00_62.00,6,97.5
32.00000000000003,62.399999999999935,20.383937901459877,10.521678134581403,44.20938000000001,-1.668299999999988,11.214456789844434,11.927575406994187,161.87849,0.0037528045,35.796473455084126,73.44240606001578,928.4684,0.0038575722,1.3841240875912408,6,0.07634816518083941,0.10338692055829465,32.00_62.40,6,97.5
32.00000000000003,62.79999999999993,19.590759416058418,10.56480937639649,43.74502000000001,-2.5120599999999627,11.033414945301825,10.427244934221724,128.26841,0.0002783706,34.67257022836263,59.64601787810985,623.13626,0.00021192764,1.3822992700729928,6,0.07660064955246351,0.09850202436368073,32.00_62.80,6,97.5
32.00000000000003,63.19999999999993,19.2497353832117,10.585187742801756,43.42666000000003,-3.269869999999969,10.633177172782737,9.676263253136701,140.98241,0.00024994888,32.03596044935898,53.81965128852496,727.8868600000001,0.00021192764,1.3558394160583942,6,0.07519566227974453,0.09477389228185551,32.00_63.20,6,97.5
32.00000000000003,63.59999999999993,18.733854270073017,10.414941662018817,42.48428000000001,-4.006699999999967,10.278872616971588,8.641601261045851,95.746984,0.00034942486,31.343509774738976,49.73908974093506,704.85186,0.00043930132000000004,1.3458029197080292,6,0.0732384170245438,0.09445803512054751,32.00_63.60,6,97.5
32.00000000000003,64.0,17.78834815693433,10.252592164205337,41.10098000000005,-4.950049999999976,10.037505509937846,7.831701796003642,82.146,0.00024994888,30.98493514883984,45.10803029887918,582.03415,0.00021192764,1.3284671532846715,6,0.07114650526186131,0.09009408273329783,32.00_64.00,6,97.5
32.40000000000003,44.0,22.31628474452557,9.891314869096211,46.70938000000001,1.384800000000041,36.91146412217154,21.329437988223315,158.73012,5.0349107,207.3389686290146,157.31419970573472,1025.7089,8.263354399999999,3.062043795620438,6,0.23104148080328468,0.16959019213289153,32.40_44.00,6,99.5
32.40000000000003,44.4,23.05106026459856,10.031927540778693,47.94473000000005,1.8779499999999985,34.157011763412406,17.595003005735734,133.52505,4.6776947,146.49044253832116,108.1200526483389,711.5968,9.35384,2.64507299270073,6,0.21463286921031022,0.16235550541058438,32.40_44.40,6,97.5
32.40000000000003,44.8,22.888005228102212,10.044763522572035,48.10586000000001,2.2070600000000127,33.32407272718978,16.885783425672713,125.41732999999999,3.9297294000000003,134.0569333339416,103.21117038466511,685.178,6.4641834,2.5465328467153285,6,0.20554734369370437,0.16263067573406487,32.40_44.80,6,97.5
32.40000000000003,45.2,23.13487065693433,10.21725321250587,48.93690000000004,2.428740000000005,32.33903979169708,16.736118355832634,124.73654000000002,2.6841478,131.7374677089416,101.4835172039746,696.3624,8.7315755,2.519160583941606,6,0.2017541789591241,0.16380983542393857,32.40_45.20,6,97.5
32.40000000000003,45.6,23.314481167883237,10.099505010336268,49.09316000000001,2.909750000000031,34.47337780437956,17.37661460497567,136.95504,5.148359999999999,134.9543120629562,99.8676226949764,798.6354,9.13576,2.5894160583941606,6,0.20184187403403284,0.1699556571209551,32.40_45.60,6,97.5
32.40000000000003,45.99999999999999,23.2665364872263,10.244221232437155,49.19766000000004,2.756430000000023,32.626754771715326,17.733414957627403,140.99280000000002,2.3477913,135.37774669370438,100.70228246030563,840.69706,2.4931774,2.5264598540145986,6,0.20150992801304746,0.17373104040496568,32.40_46.00,6,97.5
32.40000000000003,46.39999999999999,23.201178859489072,10.27993405676039,49.089260000000024,2.66366000000005,33.20743091094891,19.45839460793212,135.03028,3.4070846,145.4746607071168,117.27574728759751,852.7502499999999,4.4642796,2.60492700729927,6,0.19804867914425184,0.17679617696783304,32.40_46.40,6,97.5
32.40000000000003,46.79999999999999,22.795241459854036,10.337525862627366,48.66738000000004,1.1328400000000443,45.96231822636861,34.47024564333466,222.60863,3.1464291,284.3169539254562,308.7180119770847,1911.4746,6.5204353,3.366788321167883,6,0.20815576577527373,0.17563606672525728,32.40_46.80,6,99.5
32.40000000000003,47.19999999999999,22.10174395072995,10.398641440562319,48.165430000000015,-0.9306399999999826,50.109037347810215,35.02270817345956,229.83406,3.7476475,304.51759419069344,321.1100036550235,2025.4836000000003,8.318351,3.488138686131387,6,0.2081119026182482,0.16774296708576045,32.40_47.20,6,99.5
32.40000000000003,47.59999999999999,21.76940609489053,10.415826292188694,48.297270000000026,-1.7079799999999636,40.47676572828467,25.39818524944776,182.89703,2.6284555,202.77084342746352,192.0173839287779,1068.3898000000002,5.4648175000000005,3.051094890510949,6,0.19488894256733577,0.15422135445142146,32.40_47.60,6,99.5
32.40000000000003,47.99999999999999,21.82627723540148,10.360659925566305,48.54630000000003,0.26370000000002847,33.55905821304744,18.94990783366172,135.63537,1.5801208,148.02273839388687,126.30974450147875,708.0969,1.5811614,2.6322992700729926,6,0.1818856959564781,0.14317209149431845,32.40_48.00,6,97.5
32.40000000000003,48.399999999999984,21.391031934306593,10.556448593354137,48.297270000000026,-0.8778999999999542,29.89964472709854,15.645678690434163,103.60395,3.0066973,118.82330587773723,96.47331368039892,604.62685,3.38088,2.3905109489051095,6,0.1706668427868613,0.13793783908209045,32.40_48.40,6,97.5
32.40000000000003,48.79999999999998,20.191913822992724,10.47699009359168,46.686180000000036,-2.367619999999988,24.0019115885219,14.44265079649293,108.15487,0.73815376,105.06876726870438,88.25334450792022,584.76365,1.5765915000000001,2.1350364963503647,6,0.1557649651796533,0.13116666672185354,32.40_48.80,6,97.5
32.40000000000003,49.19999999999998,17.798664233576666,10.092583355530882,43.80630000000002,-7.696719999999971,20.065750164826643,12.98857041783156,91.39983000000001,0.2888194,78.20887556232664,72.99595534082579,531.96914,0.29789238,1.8914233576642336,6,0.13008645519653284,0.11836489666131787,32.40_49.20,6,97.5
32.40000000000003,49.59999999999998,12.401777500000023,9.998989579902704,37.58047000000005,-19.16403999999997,15.850819609753652,10.892843987296514,76.64985999999999,0.18932497,62.54591585290146,60.98177573858481,425.37908,0.18989740000000002,1.6706204379562044,6,0.08962325477562957,0.08850175482321737,32.40_49.60,6,97.5
32.40000000000003,49.99999999999998,6.127338175182505,10.479939182263106,32.28457000000003,-29.54879999999997,12.80312343970803,8.983958566116863,63.05917,0.04730409,47.52908434654197,46.80457097470784,367.56244999999996,0.04738089,1.510036496350365,5,0.061470745545109486,0.06363402409960599,32.40_50.00,5,80.0
32.40000000000003,50.39999999999998,5.736801797445278,11.037287655799856,32.12270000000001,-30.225559999999973,11.585807931427919,8.631374626350448,65.22699,0.010848706,39.19393290307391,40.30158812542285,391.82833999999997,0.010782015,1.438868613138686,5,0.05418155453648722,0.05573185532437004,32.40_50.40,5,80.0
32.40000000000003,50.799999999999976,8.6116277372263,10.99979448927288,34.857079999999996,-20.46742999999998,13.6181346729927,10.01593842527761,73.004486,0.05848349,40.77797292245073,40.722136680640524,370.31344,0.058416800000000005,1.5346715328467153,5,0.05596452721581205,0.05507520964690189,32.40_50.80,5,80.0
32.40000000000003,51.19999999999997,10.700497755474476,10.85792137831943,35.22500000000002,-20.86976999999999,16.007877724370438,11.159022469178764,77.264374,0.27244556999999997,43.11200444208029,43.24436646359134,379.6271,0.43668745999999997,1.6587591240875912,5,0.05994122040233577,0.056832016240215714,32.40_51.20,5,80.0
32.40000000000003,51.59999999999997,12.93174826642338,10.751947110675337,36.939840000000004,-17.051429999999982,23.6994474317427,15.032271879517587,97.63554,0.55652055,53.77880540218978,51.62779445506676,430.08486999999997,0.7228552,1.9945255474452555,6,0.06749909254713504,0.06387682348871525,32.40_51.60,6,97.5
32.40000000000003,51.99999999999997,14.149812125912431,10.490867157187393,37.86367000000001,-12.363929999999982,18.705128822372263,12.65392559336505,99.28291399999999,0.16134091,55.274710457691604,61.72005582452807,569.9132500000001,0.1928472,1.8093065693430657,6,0.07058630429206204,0.06712441990190032,32.40_52.00,6,97.5
32.40000000000003,52.39999999999997,14.656451021897833,10.18755310322006,37.884180000000015,-6.5031999999999925,16.08542490676916,10.172026079274504,92.36214,0.008702119,53.812650135373175,62.740028852430335,540.66794,0.030104485000000004,1.7363138686131387,6,0.07154052218455291,0.06881865261367136,32.40_52.40,6,97.5
32.40000000000003,52.79999999999997,14.661531350364985,9.993147888000024,37.228170000000034,-7.3840699999999515,19.67706532827865,17.51647843007742,162.45983,0.0034867354,104.60421585890137,159.30555038022223,1290.3763,0.0033880789,2.06478102189781,6,0.08228399596007299,0.07511917237767482,32.40_52.80,6,97.5
32.40000000000003,53.19999999999997,14.832115447080314,9.749430345053192,36.07778000000002,-8.675759999999968,13.757137987974453,7.964629987656185,65.414525,0.000275151,49.70758699221639,44.64770097954,278.6476,0.00020839417,1.5857664233576643,4,0.07403154816222628,0.06831373660623234,32.40_53.20,4,58.0
32.40000000000003,53.599999999999966,16.506343467153307,9.871326041200643,38.142240000000015,-6.571719999999971,13.63183187529106,8.335207477357836,55.177484,0.00242099,46.61597198076798,43.96486562208522,364.47864,0.0025958177,1.5492700729927007,5,0.08045583085793796,0.07309296660924279,32.40_53.60,5,80.0
32.40000000000003,53.999999999999964,18.1353689872263,10.118581397323346,39.86220000000003,-5.262059999999963,14.427670979257298,8.163086538620892,56.644442000000005,0.01322124,45.58836775468978,41.03632158772353,333.3463,0.01328238,1.5912408759124088,4,0.08323852453905109,0.07345035693205046,32.40_54.00,4,58.0
32.40000000000003,54.39999999999996,16.61853656934309,9.486929555746473,37.548730000000035,-6.427599999999984,14.10139538154209,8.606118847138081,66.04001,0.00048824513,46.29548411495785,43.520142360607444,320.42884999999995,0.0048660078,1.5602189781021898,4,0.07193816356395986,0.06250090777215493,32.40_54.40,4,58.0
32.40000000000003,54.79999999999996,16.633630620437977,9.472731540509626,37.419579999999996,-5.673299999999983,14.143403122977647,9.974930858322614,87.29288,0.0013266855,48.4499458589885,54.504141146313295,505.00239999999997,0.0060175424,1.572992700729927,6,0.0732096701665146,0.06221362261192425,32.40_54.80,6,97.5
32.40000000000003,55.19999999999996,17.987215958029218,9.743947561060288,39.28480000000002,-4.784999999999968,14.513848642944343,10.651057692012193,88.309584,0.0041831360000000005,46.67750930574325,51.78405139714027,394.61793,0.0043011202,1.5775547445255473,5,0.07512490915629562,0.06306532980560836,32.40_55.20,5,80.0
32.40000000000003,55.59999999999996,17.183073777372282,9.602696001127475,37.84097000000003,-6.764499999999998,13.99199507564439,10.68462233151815,97.90009,0.00028936185,47.3586513721674,56.96506712545284,522.7182,0.00020839417,1.5593065693430657,6,0.06996478141167883,0.05702682743382916,32.40_55.60,6,97.5
32.40000000000003,55.99999999999996,18.490186149635058,9.71182766916088,39.508939999999996,-6.044780000000003,14.040408764540603,11.329456526411096,108.48425,0.0002961135,44.884966862746985,53.80256369603101,514.41316,0.0003216927,1.5383211678832116,6,0.0726572875305657,0.05878832975289485,32.40_56.00,6,97.5
32.40000000000003,56.39999999999996,18.83040486313871,9.818148287904807,40.445460000000026,-4.5808999999999855,13.23233976338771,9.354072005472624,100.63369,0.00030321893000000003,37.85623976406086,36.41160191374439,356.65596,0.0003216927,1.4863138686131387,5,0.06894834976350366,0.05517369275067451,32.40_56.40,5,80.0
32.40000000000003,56.79999999999996,18.019625629562068,9.660823138985286,39.52505000000002,-4.274270000000001,12.51190518046989,7.036429211386452,58.053543999999995,0.020802702,35.422223122647814,27.35013420242532,245.43286,0.022088102000000002,1.4580291970802919,4,0.06421690783038321,0.05092437277400377,32.40_56.80,4,58.0
32.40000000000003,57.19999999999995,18.75056409671535,9.521955623871113,40.240380000000016,-3.445169999999962,11.78672388870438,6.095622077780168,36.67711,0.060053079999999995,32.6930392749489,22.722950815246225,155.63572,0.080977884,1.4324817518248176,3,0.06287398403412409,0.0503241402373776,32.40_57.20,3,38.0
32.40000000000003,57.59999999999995,19.771859224452577,9.949620989031356,42.360000000000014,-3.391459999999995,11.546517690925182,5.858209700989322,36.19649,0.018342489,28.883834986350365,19.689491576292305,140.50997,0.018396354,1.4114963503649636,3,0.06415425931514598,0.05133641747812557,32.40_57.60,3,38.0
32.40000000000003,57.99999999999995,20.215498330291993,10.241106213666018,43.400540000000035,-4.81819999999999,9.885576079318888,5.5061596984881485,35.647947,0.0022273795,24.086675197910402,19.42728766703755,132.85148,0.0023665098,1.3093065693430657,3,0.06291862710018248,0.05121530695328542,32.40_58.00,3,38.0
32.40000000000003,58.39999999999995,18.895694151459875,10.15953239331511,42.13590000000005,-7.182469999999967,9.671892227237619,5.275689770310416,33.013816,0.00028049243,24.05323393965315,19.51455530951932,140.06228000000002,0.00020645985,1.2773722627737227,2,0.058903237803704385,0.04897745385050292,32.40_58.40,2,20.5
32.40000000000003,58.79999999999995,17.064683959854037,9.912925695089431,39.921040000000005,-8.166849999999954,9.328624977819343,5.086202317347268,32.373872,0.07063843,23.24600300464416,19.136238808743038,148.98102,0.07057861,1.2518248175182483,2,0.05390749415881387,0.04598287293493511,32.40_58.80,2,20.5
32.40000000000003,59.199999999999946,14.460492500000022,9.590891450880399,36.541650000000004,-9.53353999999996,9.0988433376323,4.970418169749118,35.097139999999996,0.011123375,22.825946725000914,18.04462128671792,132.65871,0.011120396,1.2417883211678833,2,0.04801636122600365,0.042007441176592906,32.40_59.20,2,20.5
32.40000000000003,59.599999999999945,12.947146359489073,9.406445816400014,34.69350000000003,-10.601419999999962,9.112978725089143,5.086440615732264,42.379493999999994,0.0015280947,23.978256598136404,18.69110677294799,146.59837,0.0028343495,1.2490875912408759,3,0.045461886077007296,0.0400773578933748,32.40_59.60,3,38.0
32.40000000000003,59.99999999999994,13.440978330291992,9.448607650868365,35.05142000000001,-10.269869999999969,8.827606077965328,5.1776100542231855,40.495603,0.004273743,23.32877418570803,19.65158942743644,190.84733,0.004299186,1.2226277372262773,3,0.04670991449781022,0.0412528353756456,32.40_60.00,3,38.0
32.40000000000003,60.39999999999994,15.344598111313893,9.480053972306031,38.05630000000002,-6.139499999999998,8.817554519570713,5.421742019629504,34.728547,0.0005130885,23.107952155486316,22.318908201659106,171.37403,0.000582572,1.2335766423357664,3,0.05184868470565693,0.045473414522712564,32.40_60.40,3,38.0
32.40000000000003,60.79999999999994,17.99353360401462,9.843713528242397,41.41763000000003,-3.706899999999962,9.353123362022874,6.569628983377189,54.75236,0.00025693407,24.634067200012463,27.600182990484523,204.54264,0.00021959366,1.2755474452554745,3,0.0590836769354927,0.05095605179867932,32.40_60.80,3,38.0
32.40000000000003,61.19999999999994,19.04794902372265,10.364482727989985,42.089,-3.189799999999991,9.41877369353239,6.817490982200062,74.45409,0.0003137775,24.000184955496042,27.895340544225956,314.57892999999996,0.00021959366,1.2782846715328466,4,0.06212414562518249,0.053194100697618624,32.40_61.20,4,58.0
32.40000000000003,61.59999999999994,19.464881122262796,10.569213345994951,42.75723000000005,-2.055999999999983,9.520452053135676,7.278273904311631,76.152766,0.0009674766999999999,25.041195220427372,33.80584133833558,393.73776,0.0011290884,1.2974452554744527,5,0.06391273405830292,0.05953989880025608,32.40_61.60,5,80.0
32.40000000000003,61.999999999999936,19.65986409671535,10.828935013454387,43.81167000000005,-1.4046399999999721,10.39029897804051,8.515677008423811,89.08231,0.0045486124,28.28629830012737,45.63307031165543,636.3042,0.0043123195999999996,1.3366788321167884,6,0.0671547730895073,0.07183290677582889,32.40_62.00,6,97.5
32.40000000000003,62.399999999999935,18.857403029197105,10.660772753755944,43.275300000000016,-3.543299999999988,10.635755250417883,8.377158383036104,94.98448,0.004974938,29.868483214969892,43.70340948013083,515.72005,0.004767067,1.343978102189781,6,0.06717951592180657,0.07380274263180184,32.40_62.40,6,97.5
32.40000000000003,62.79999999999993,17.770996213503672,10.529629260651667,42.290430000000015,-5.451499999999953,10.36925341604708,7.721856189419931,70.54323,0.004918094600000001,29.40205771148449,38.29637579479821,354.61034,0.004767067,1.3248175182481752,4,0.06514467661259124,0.0694768576836163,32.40_62.80,4,58.0
32.40000000000003,63.19999999999993,17.108598786496373,10.481398887493462,41.766020000000026,-5.675149999999974,9.85551898091478,7.512385264249555,79.88005,0.0014862933,27.73829251508823,36.88262141686921,438.54843,0.0015761698,1.3047445255474452,6,0.06345082043868613,0.07047967758582997,32.40_63.20,6,97.5
32.40000000000003,63.59999999999993,15.994516414233598,10.037673299552047,40.00040000000001,-7.412939999999992,9.243838478031478,6.99484238857549,77.688796,0.00029258144,26.38975548265555,35.96099165578897,491.53440000000006,0.00032561448000000004,1.272810218978102,6,0.05919781322226278,0.06952572239802592,32.40_63.60,6,97.5
32.40000000000003,64.0,14.248039908759146,9.65231190197485,37.58828,-10.18734999999998,8.785135170494078,6.151846975218686,55.066195,0.00024994888,25.531440542777244,31.363394095566353,364.00735000000003,0.00021192764,1.2445255474452555,5,0.05446850156341241,0.06263518846068061,32.40_64.00,5,80.0
32.800000000000026,44.0,22.473400410583967,9.886448320004963,47.12832000000003,1.6914300000000253,32.31107040392336,18.721365575158103,156.57243,2.6244513,158.5542811198905,126.27664203022778,878.7996499999999,4.8890314,2.701642335766423,6,0.22057304834224453,0.169370256894491,32.80_44.00,6,97.5
32.800000000000026,44.4,22.84116386861316,10.076590808433554,47.98380000000003,1.9394800000000032,34.274044319981755,17.968821442305,143.90801,3.570898,140.18697863093067,112.89349950196078,737.65904,8.373874,2.6186131386861313,6,0.20788216449005475,0.1650765574758001,32.80_44.40,6,97.5
32.800000000000026,44.8,22.865086770073017,10.168028268227586,48.45156000000003,2.454679999999996,33.940365250547444,17.680748953467557,140.00942,2.2576823,137.0485377343978,109.09040726103115,748.903,6.0501675,2.5885036496350367,6,0.20326134889489053,0.16614944532425252,32.80_44.80,6,97.5
32.800000000000026,45.2,22.86446421532849,10.27620966572939,49.089260000000024,1.388270000000034,31.83221963677007,17.50690696414722,139.33679999999998,2.255437,124.42015722855841,102.39497823542615,709.40615,6.342456299999999,2.4826642335766422,6,0.20025609633156935,0.17002303113441974,32.80_45.20,6,97.5
32.800000000000026,45.6,22.482446697080313,10.17860420297643,48.71914000000004,2.063070000000039,32.833712024635034,18.44634111542992,156.65209,3.1693776000000002,138.71639331468978,111.31044605917961,921.81773,4.5627324,2.5501824817518246,6,0.20313362599388685,0.17679359672988737,32.80_45.60,6,97.5
32.800000000000026,45.99999999999999,22.529913576642357,10.225595669067586,48.70254,1.3951000000000136,33.76980937965329,19.77445788328381,159.32592,3.533543,153.03326949224453,125.72958436775282,1021.8029,7.121141,2.6715328467153285,6,0.2051312280111314,0.1808014954059689,32.80_46.00,6,97.5
32.800000000000026,46.39999999999999,22.105765209854038,10.11281026256676,47.740620000000035,0.214870000000019,33.49266654927007,21.30954371870286,222.2119,3.833806,159.90589866405108,141.59897673752883,1018.0572,4.435397,2.6888686131386863,6,0.1935089745171533,0.17463608853799087,32.80_46.40,6,97.5
32.800000000000026,46.79999999999999,20.12401837591243,10.001210544984637,45.41348000000005,-1.9648199999999747,39.53159275118613,26.818139311274066,211.58338,1.0310915,236.79722031724452,239.2292606773557,1800.1693,2.8257114000000003,3.1660583941605838,6,0.18031524075437955,0.1564949691767213,32.80_46.80,6,99.5
32.800000000000026,47.19999999999999,18.387790209854035,10.030015943028898,44.108540000000005,-3.4638400000000047,43.14090001240876,30.03524684125657,235.74476,0.9148751,282.34897958768244,285.75669634817433,2165.8414,1.9938162000000001,3.4078467153284673,6,0.17853942965410585,0.14746220023187717,32.80_47.20,6,99.5
32.800000000000026,47.59999999999999,18.397789799270093,10.155511871758671,44.64272,-3.9579799999999636,36.49593158631387,24.527282842075397,236.96343,1.5212271,213.2211942370438,205.66258477214043,1814.9585,4.1961217,3.033759124087591,6,0.16575931958357665,0.13349105215264975,32.80_47.60,6,99.5
32.800000000000026,47.99999999999999,18.21917422445258,10.14948640616596,43.98452000000003,-3.8944999999999936,27.929772043521897,15.467722499868453,102.05835,2.1469158000000004,128.83635401870438,107.50438547954198,599.4022,3.0259972,2.4187956204379564,6,0.14252221415220803,0.11977460317352114,32.80_48.00,6,97.5
32.800000000000026,48.399999999999984,17.0410838412409,10.06846565308405,42.498440000000016,-7.201599999999985,21.039149288905108,13.451598727150564,93.326776,0.24203234,88.58763492540146,82.28040500367935,520.7575,0.26841854,1.967153284671533,6,0.12376017750967153,0.11167751716017356,32.80_48.40,6,97.5
32.800000000000026,48.79999999999998,15.72975970802922,10.038052003473087,41.822900000000004,-10.12639999999999,18.738732297791973,12.88932217125308,91.56819,0.46669885,79.22545421845803,75.08849933919298,565.8668,0.52091703,1.8156934306569343,6,0.11135398348414234,0.105587638224644,32.80_48.80,6,97.5
32.800000000000026,49.19999999999998,12.807708695255497,10.019992012315656,38.987450000000024,-17.720159999999964,16.004291548895985,12.121231357251919,85.12704000000001,0.14881409,66.88821734759124,69.67328246147298,561.1108,0.14873523,1.687956204379562,6,0.09069114083288321,0.09146643770527403,32.80_49.20,6,97.5
32.800000000000026,49.59999999999998,7.94499208941608,10.307948567754938,33.75576000000001,-25.726019999999977,12.674150359401459,9.651812644846482,75.05825,0.06374465,50.90192056072993,54.02006849614035,425.04797,0.0928632,1.5127737226277371,6,0.06492365095133212,0.06836048157576424,32.80_49.60,6,97.5
32.800000000000026,49.99999999999998,4.82232474452557,10.678836320171458,31.258939999999996,-28.808569999999975,10.461725526219892,8.369396264625633,57.239635,0.01300513,38.989844335727646,43.00093226059425,347.33938,0.0128473595,1.3968978102189782,4,0.05036504837990876,0.05394809568567132,32.80_50.00,4,58.0
32.800000000000026,50.39999999999998,6.166902636861336,11.06576042029555,33.06167000000005,-27.277319999999975,10.697465167436132,8.43559267317312,72.25123,0.053099150000000005,36.08707144457482,39.58912017516453,445.9326,0.053277090000000006,1.3786496350364963,6,0.0491572989525,0.05110192809895113,32.80_50.40,6,97.5
32.800000000000026,50.799999999999976,8.841713640510973,10.931754661164911,34.08364,-21.270929999999964,12.583920736888686,9.266242185509373,66.92708599999999,0.12272111999999999,36.88076848572993,37.063230962626,325.2368,0.1227582,1.4580291970802919,4,0.05377176092066606,0.05318377605521164,32.80_50.80,4,58.0
32.800000000000026,51.19999999999997,11.876365118613162,10.709712884815282,35.97744,-17.535789999999963,13.980501749224452,9.456161767221772,63.02476,0.31906894,38.681801082125915,36.71385035777124,278.46810000000005,0.31916497000000005,1.5291970802919708,4,0.061324972826003646,0.05807623514071622,32.80_51.20,4,58.0
32.800000000000026,51.59999999999997,13.861544689781045,10.545634014437027,38.12440000000004,-9.87858,22.606695005565694,12.481860782866026,67.07958,1.3090835,44.51091914890511,29.15759483717205,222.28579,1.4793335,1.9425182481751824,4,0.06575894807956205,0.06091409390404753,32.80_51.60,4,58.0
32.800000000000026,51.99999999999997,13.473686724452579,9.985059466060566,37.25405000000001,-7.797829999999976,14.115982415332118,7.303333472433249,56.56778,0.07407205400000001,38.711575640821174,30.60230193716256,236.65514,0.09467861,1.5875912408759123,4,0.06228954155291971,0.0584376843601304,32.80_52.00,4,58.0
32.800000000000026,52.39999999999997,11.938108859489073,9.519829829322852,34.68276000000003,-10.209419999999966,12.635359136675183,6.806043001715434,47.06794,0.003657266,38.32223972965967,32.12908191456862,214.49378000000002,0.006912371,1.4835766423357664,3,0.05750350406240876,0.05482110616283183,32.80_52.40,3,38.0
32.800000000000026,52.79999999999997,11.956028056569366,9.48277706089687,33.27896000000004,-11.010049999999978,13.831614195861313,7.599542074055151,50.95956,0.044030304000000006,51.5907231354927,45.16560067780434,346.3465,0.04380375,1.583941605839416,4,0.06473722807250912,0.05917527311359497,32.80_52.80,4,58.0
32.800000000000026,53.19999999999997,16.10557549270075,9.827259006303455,37.853170000000034,-8.619419999999991,13.449179757043796,7.779881072174406,59.157973,0.00871633,45.67729611735766,42.460277729749066,395.15247999999997,0.008788203999999999,1.5483576642335766,5,0.07914924332194344,0.0713406970662692,32.80_53.20,5,80.0
32.800000000000026,53.599999999999966,18.504197974452577,10.115462604946538,40.22524000000004,-5.70572999999996,13.82701437081916,7.866839352006093,63.737595,0.0005877898000000001,45.12240990172144,40.972409995212196,348.59977,0.0005494547,1.5757299270072993,4,0.08480008540301094,0.0752085428709666,32.80_53.60,4,58.0
32.800000000000026,53.999999999999964,18.349217034671554,10.085429143267616,40.294579999999996,-4.944979999999987,14.278200119761223,8.61819888128185,74.497855,0.0012272783,47.05437885179279,43.597052320631704,367.97496,0.0011178889,1.5766423357664234,5,0.08299228057755474,0.07179843758173976,32.80_54.00,5,80.0
32.800000000000026,54.39999999999996,18.640346423357688,9.870011800640752,40.46816000000001,-4.172219999999982,14.39486098409407,10.184474359609188,88.77759,0.0006588441,49.50875762955155,53.85391742291133,398.2786,0.0006631415,1.5748175182481752,5,0.08110487696587591,0.06946098182347264,32.80_54.40,5,80.0
32.800000000000026,54.79999999999996,19.191208439781043,9.863484645873656,40.94106000000005,-3.3416499999999587,14.940738057071169,12.028209903387127,102.41119,0.009604548,51.08230421629334,63.717972909694325,479.4163,0.0093551755,1.6012773722627738,6,0.08182005188594892,0.0711382041413875,32.80_54.80,6,97.5
32.800000000000026,55.19999999999996,17.689737071167905,9.794757764552353,39.50650000000002,-5.201030000000003,15.580666848719252,14.127907315534085,119.70708,0.0013267542,53.2522553345855,71.16771852331607,544.4019999999999,0.0012315757,1.6322992700729928,6,0.0758150058145073,0.06686592624719732,32.80_55.20,6,97.5
32.800000000000026,55.59999999999996,17.3060651642336,9.760404367004536,38.87515000000002,-6.631699999999967,16.441012017299634,16.122576130001438,127.95697000000001,0.0026767854000000002,58.643126266420346,85.81867474209848,621.7000999999999,0.0025958177,1.687043795620438,6,0.07471576623175183,0.06379727370015062,32.80_55.60,6,97.5
32.800000000000026,55.99999999999996,18.654229516423378,9.851549767621776,40.62905000000001,-4.896339999999952,15.395306111671076,14.630814477304073,123.00413,0.004928852,49.33153244941241,66.14057522778461,536.94,0.004982853,1.602189781021898,6,0.07374879762718979,0.06037552627918508,32.80_56.00,6,97.5
32.800000000000026,56.39999999999996,17.622417253649655,9.774075767175798,39.524069999999995,-5.043799999999976,13.449656059299727,9.716148772547093,102.80528,0.0020937865,39.618146234168066,38.484585537266014,357.85558000000003,0.0021406822,1.5,5,0.06557065695830291,0.052369125280204286,32.80_56.40,5,80.0
32.800000000000026,56.79999999999996,18.60084895985404,9.75888077514499,40.28530000000001,-3.644399999999962,13.216841052862227,7.7284681566258495,71.56701000000001,0.032920540000000005,37.06806795837135,30.558000820629825,298.18196,0.037849854999999995,1.5045620437956204,4,0.0670818577733303,0.052662512909399134,32.80_56.80,4,58.0
32.800000000000026,57.19999999999995,19.53217899635039,9.805709236796885,41.68374,-3.4388199999999642,12.080298651201641,6.3559825596645565,39.13521,0.023799457,32.39997818798358,23.690410388018844,160.55246,0.13515274,1.438868613138686,3,0.06496410069375,0.05181397617200818,32.80_57.20,3,38.0
32.800000000000026,57.59999999999995,18.996860602189802,10.10474412704264,42.00600000000003,-4.402699999999982,11.645955782116788,5.904565408262316,38.313978,0.08338556999999999,28.960393439963504,19.866342238302337,157.37064,0.08331154,1.4096715328467153,3,0.06268638471970803,0.05041923720290866,32.80_57.60,3,38.0
32.800000000000026,57.99999999999995,19.181953695255498,10.269804403809566,42.364900000000034,-5.597019999999986,9.927439073553193,5.404451066261715,36.599076,0.0057943043,24.49864856307737,19.19901340754805,158.35539,0.0065729228,1.291058394160584,3,0.06096099424197081,0.04984458528872668,32.80_58.00,3,38.0
32.800000000000026,58.39999999999995,17.568650428832143,10.18047258185552,40.37417000000005,-8.262549999999976,9.719915329145072,5.141129414777546,34.548159999999996,0.014093443,23.70180259492792,18.854993975716763,140.72586,0.014189941,1.27007299270073,2,0.05652452610194343,0.047417212999754134,32.80_58.40,2,20.5
32.800000000000026,58.79999999999995,15.473675903284693,9.8281027159331,37.438620000000014,-9.96957999999995,9.586553696298358,5.0423974420531446,37.06381,0.029338736,23.345637124001826,18.42150972341764,132.86486,0.02977813,1.2591240875912408,3,0.05159149033993613,0.04451240376077594,32.80_58.80,3,38.0
32.800000000000026,59.199999999999946,13.239704771897832,9.376979297834799,34.63345000000004,-12.040869999999984,9.330692173776642,5.025038088793382,41.719556000000004,0.00030596119999999995,23.169988399653604,17.917047179910774,119.01529000000001,0.00021955235,1.2481751824817517,3,0.04633134424267336,0.04112443226545471,32.80_59.20,3,38.0
32.800000000000026,59.599999999999945,11.549888448905133,9.068927785481938,32.66520000000003,-11.701999999999998,8.949660421258212,5.180556964965973,45.306886999999996,0.001897577,23.56716020201332,19.065826098109643,193.53814,0.0024364456,1.2335766423357664,3,0.04310118119293796,0.03874122543746616,32.80_59.60,3,38.0
32.800000000000026,59.99999999999994,12.172698567518271,9.065846292806464,33.30776000000003,-9.75815,8.700513509782846,5.086738578562075,40.452814,0.014690299999999998,22.390489654635036,18.291818090518092,153.67765,0.014644688,1.218978102189781,3,0.0445394897810219,0.03986728292973197,32.80_60.00,3,38.0
32.800000000000026,60.39999999999994,15.319546195255498,9.37465111488416,38.402980000000014,-6.92465999999996,9.04173396224135,5.562671421599219,36.60278,0.00031413652,23.077286062778686,21.461288414501396,158.72432,0.00063941544,1.2490875912408759,3,0.052186803763375915,0.0458557862095977,32.80_60.40,3,38.0
32.800000000000026,60.79999999999994,17.991747910583964,9.960112266551773,41.63150000000002,-4.361670000000004,9.34861990573437,6.546362694472667,58.29612,0.00056957287,23.737655761539234,25.615082037071492,241.84390000000002,0.000674341,1.2618613138686132,4,0.05893431134051095,0.0503221183367033,32.80_60.80,4,58.0
32.800000000000026,61.19999999999994,17.917216094890534,10.248824032075039,41.55142000000001,-4.378269999999986,8.981744531140576,6.4030050909638225,68.59458,0.00025693407,22.151394139160274,25.833911245696083,302.96923,0.00021959366,1.2463503649635037,4,0.0582110373939781,0.0505213440828576,32.80_61.20,4,58.0
32.800000000000026,61.59999999999994,17.45739197080294,10.32105507162653,40.652980000000014,-3.6634300000000053,9.169497504939597,6.605118072006513,68.212344,0.0012516938,23.889329292352553,30.320695552566608,353.88373,0.0011290884,1.2527372262773722,4,0.058015118148175185,0.05334881831001573,32.80_61.60,4,58.0
32.800000000000026,61.999999999999936,17.25861425182484,10.693547972964659,41.453760000000045,-4.014999999999986,9.589502978979198,7.4273850164951085,89.07872499999999,0.0034685872,25.790082881573994,41.01134212579064,653.2316699999999,0.0034028251,1.2965328467153285,6,0.05955634170465328,0.0582562075946671,32.80_62.00,6,97.5
32.800000000000026,62.399999999999935,16.991727846715353,10.856718913505185,42.08706000000001,-5.62143999999995,9.352255128466242,6.5606650957290675,76.53072,0.007646579000000001,23.698122471789233,30.28921037447707,452.5329,0.0074955510000000005,1.260948905109489,6,0.059182975867883215,0.057233154815958635,32.80_62.40,6,97.5
32.800000000000026,62.79999999999993,16.74166975364966,10.857026157567173,42.088040000000035,-6.831399999999974,9.169639791812044,6.636598517901233,60.179026,0.005060203,24.254224451865237,30.191849394861208,333.18354999999997,0.0052218143000000005,1.2536496350364963,4,0.05788447559470803,0.057018156178125654,32.80_62.80,4,58.0
32.800000000000026,63.19999999999993,15.641124589416082,10.605035940055764,40.33267000000001,-8.286959999999965,9.04269902425675,6.422969016599874,58.65347,0.0025875142,24.761977298849818,29.133989628406052,274.57935,0.0024933304,1.25,4,0.05538744165766423,0.05748688088346444,32.80_63.20,4,58.0
32.800000000000026,63.59999999999993,12.947128978102214,9.99224948570454,36.75747000000001,-13.908059999999978,8.458741036094708,6.190910082949893,77.87662,0.0012041979999999999,24.185985448982482,30.347918877855687,462.05182,0.0012296414,1.219890510948905,6,0.048558789341970804,0.05333437687228754,32.80_63.60,6,97.5
32.800000000000026,64.0,9.123975209854038,9.85276652724915,32.71646000000004,-19.354349999999982,7.79121612074343,5.603374648052054,51.544944,0.0014139263000000001,23.44582435693531,27.23887357078427,293.7262,0.0014042127,1.1961678832116789,4,0.04120297997340329,0.044308829981126015,32.80_64.00,4,58.0
33.200000000000024,44.0,22.368220793795643,9.843073872281682,47.03848000000005,2.2305000000000064,34.42644807372263,19.372010696092737,159.62627,3.2562133,162.50411680885037,129.4473260974767,859.0070999999999,4.383483,2.781021897810219,6,0.22100499592399636,0.17633584680271872,33.20_44.00,6,97.5
33.200000000000024,44.4,22.951394306569366,10.021443113602908,48.13223000000005,1.8687400000000025,42.371070986040145,20.262115999236848,158.34542,9.9204875,167.30147781934306,120.08990404785334,830.8901000000001,17.987412,2.934306569343066,6,0.2108424981979927,0.1713318889107942,33.20_44.40,6,99.5
33.200000000000024,44.8,22.666068786496375,10.146362498646603,48.341200000000015,1.475180000000023,35.452356605200734,19.058800337538674,159.43825999999999,4.5960693,139.3044845731752,113.66225233846711,885.6903,5.830681,2.625912408759124,6,0.2044438125535584,0.17323429182447303,33.20_44.80,6,97.5
33.200000000000024,45.2,22.192630255474473,10.200618650083015,48.474019999999996,1.3306500000000483,33.12045822737226,18.700770595975087,158.99148,3.4556509,132.6689792709854,109.88809586361927,823.1736,6.505527,2.521897810218978,6,0.20418350788631387,0.17821858708189453,33.20_45.20,6,97.5
33.200000000000024,45.6,21.91858712591243,10.192328666253236,48.48380000000003,1.020530000000008,36.089024205839415,20.705965123803736,167.32582000000002,3.9284361999999997,162.1699115419708,136.4826113022938,961.7669999999999,7.734842,2.7627737226277373,6,0.20923104656906935,0.18507100371390772,33.20_45.60,6,99.5
33.200000000000024,45.99999999999999,21.16185812043798,10.094818896559033,47.00723000000005,-0.6044699999999921,38.24657272755474,23.49245769483489,179.36246,4.0421058,206.97689255237228,185.08187321766732,1230.0922,4.042268,3.093978102189781,6,0.19581394146167883,0.17178103815131893,33.20_46.00,6,99.5
33.200000000000024,46.39999999999999,18.177604717153308,9.766441261545221,43.20230000000004,-3.2865400000000022,37.56211664580292,23.258666783296004,166.53493,0.7218959,217.65760983777372,194.54838367970123,1304.1368,1.0794751,3.1322992700729926,6,0.1683322596805657,0.14964379019506036,33.20_46.40,6,99.5
33.200000000000024,46.79999999999999,15.475362189781045,9.848569084445804,41.01113000000004,-5.858799999999974,34.900718902645984,21.76855060445114,172.39150999999998,0.09878237000000001,214.66681357600365,184.69751699086495,1614.2875,0.7444946,3.0346715328467155,6,0.14960621528946166,0.13261733969240255,33.20_46.80,6,97.5
33.200000000000024,47.19999999999999,14.959676879562068,10.039105658377697,41.37563,-6.570899999999995,25.37588515242701,15.921537959134536,121.87112,0.14596911,123.51230250291972,105.24492385815685,812.4835999999999,0.679113,2.2755474452554743,6,0.12739903471868613,0.11654736661282676,33.20_47.20,6,97.5
33.200000000000024,47.59999999999999,15.58467822992703,10.3155577016902,42.59000000000003,-6.488259999999968,23.560291678932483,14.62859676471089,104.87386,0.43024345,103.59242092903284,94.76112811011468,694.4892,0.76670437,2.1204379562043796,6,0.12088946376997263,0.10841090142159568,33.20_47.60,6,97.5
33.200000000000024,47.99999999999999,14.492494872262796,10.340692630430071,41.562160000000006,-8.716250000000002,19.778283866532846,12.6829310824854,84.18868,0.06537238,82.49273088245803,78.17141854722401,529.6206500000001,0.085048364,1.905109489051095,6,0.10451035996648722,0.09773573157569417,33.20_48.00,6,97.5
33.200000000000024,48.399999999999984,12.12044497262776,10.378709131620422,39.21646000000004,-20.01019999999997,16.388753540050182,11.0790223030582,75.44103,0.064638225,65.40873084901003,64.34004144952348,454.17931,0.074806675,1.7281021897810218,6,0.0882466964364051,0.08675906640090383,33.20_48.40,6,97.5
33.200000000000024,48.79999999999998,10.881539379562065,10.41930031711805,38.08853000000005,-25.023869999999988,14.577821994080292,11.027036793144637,86.514184,0.007960531,59.322340241896896,63.20795096803691,524.7321999999999,0.008650808,1.6113138686131387,6,0.07862930037949817,0.08180850073209518,33.20_48.80,6,97.5
33.200000000000024,49.19999999999998,8.414279425182503,10.538739404714178,35.41300000000001,-26.90179999999998,12.809292787998174,10.785363885441598,117.1431,0.003931115000000001,51.9586213167698,61.38756552208346,788.4413999999999,0.003952761700000001,1.5191605839416058,6,0.0672751274743613,0.07232943832157049,33.20_49.20,6,97.5
33.200000000000024,49.59999999999998,6.416256259124111,10.700855158578822,33.45060000000001,-28.296849999999978,11.013401240198176,9.06451778867425,75.138075,0.0057643152,42.5968314438344,50.06944728567605,426.50075,0.005544377499999999,1.4169708029197081,6,0.056133357994917886,0.061409844396739854,33.20_49.60,6,97.5
33.200000000000024,49.99999999999998,6.525431505474476,10.88675166844297,33.05703,-26.08102999999997,9.963971799437044,7.848449642626052,56.538948,0.02772789,35.01134252902646,38.775217539401744,351.08795,0.055388333000000005,1.354014598540146,4,0.05011473680110401,0.05393741133072556,33.20_50.00,4,58.0
33.200000000000024,50.39999999999998,7.934612299270095,10.852925396015689,33.87954000000002,-23.97599999999997,10.317545201756388,7.630115224010902,52.609433,0.047089624,32.22710174797445,32.47542414522506,272.9751,0.06999404999999999,1.354014598540146,4,0.050223566251916055,0.05160584179706857,33.20_50.40,4,58.0
33.200000000000024,50.799999999999976,9.898630492700752,10.601193738623033,34.18813,-20.99455999999998,12.063134674635036,8.47402677180773,52.447263,0.13218554999999999,35.990770459297444,33.47464502015529,255.81448,0.16215028,1.437043795620438,4,0.0544645756245438,0.053965172208472446,33.20_50.80,4,58.0
33.200000000000024,51.19999999999997,11.519069534671555,10.068089644071083,34.98525000000001,-13.343359999999961,12.045050276937957,7.891348122124839,48.09,0.053788904000000005,35.90526083067518,33.29957483029921,239.94716,0.05672687,1.436131386861314,3,0.056462852896751826,0.054361125019344814,33.20_51.20,3,38.0
33.200000000000024,51.59999999999997,11.646111897810242,9.86912855999324,34.802400000000034,-11.360939999999971,12.555251910620438,7.750713956458654,54.785446,0.06367966,35.88424357034307,32.18937953477331,258.03553,0.067413436,1.467153284671533,4,0.056408466055447075,0.053202421128505595,33.20_51.60,4,58.0
33.200000000000024,51.99999999999997,12.188832791970826,9.845384103417677,34.353170000000034,-13.190099999999973,14.727435305036495,8.108825086008103,52.672018,0.4785223,40.190661658020076,33.15852784671941,224.91963,0.48351406,1.593978102189781,3,0.05889079113485402,0.05508925393304038,33.20_52.00,3,38.0
33.200000000000024,52.39999999999997,12.929175437956227,9.744107069623652,34.892240000000015,-11.021519999999953,12.538543057886862,7.33611538127073,46.441702,0.091366664,37.76598440571168,34.061500598956926,269.53855999999996,0.10381422,1.4552919708029197,4,0.06102472527260037,0.057434892421376386,33.20_52.40,4,58.0
33.200000000000024,52.79999999999997,13.951035739051118,9.886669749379429,36.97524000000004,-9.978639999999984,12.869861917536495,7.3881746246043205,52.041944,0.13637516,40.56695128570255,36.82029880399809,294.13542,0.13655603,1.4881386861313868,4,0.06821365431215327,0.06330410991274585,33.20_52.80,4,58.0
33.200000000000024,53.19999999999997,16.909233731751847,10.087055645912324,40.251599999999996,-9.765899999999988,13.437503167636862,7.320344319345932,51.52859,0.02769054,41.98301327670255,36.43473534089576,286.17129,0.027416666,1.5483576642335766,4,0.07864761461255475,0.0705129833291297,33.20_53.20,4,58.0
33.200000000000024,53.599999999999966,17.328047490875935,9.957246320967258,39.34560000000005,-7.864539999999977,13.676452066304744,7.546997815591092,51.83222,0.030816930000000003,43.214645218252734,36.50339159240557,265.6236,0.031054645,1.5465328467153285,4,0.07891005386308395,0.06956468449779069,33.20_53.60,4,58.0
33.200000000000024,53.999999999999964,17.655844625912433,9.818806560248277,39.21353000000005,-4.566699999999969,14.06462855728604,8.340395480504133,70.234485,0.0005167355,46.39813870215315,43.44444908998033,363.94817,0.00043576785,1.5675182481751824,5,0.08021900464790147,0.06902073438240607,33.20_54.00,5,80.0
33.200000000000024,54.39999999999996,18.891683585766444,9.856146391169727,40.67446000000001,-2.4833699999999794,14.984851913426434,9.608697254016692,74.08733,0.00034620527,49.75654064021989,50.82554083787896,372.1481,0.000322081,1.6195255474452555,5,0.08228036625264598,0.0697493164109179,33.20_54.40,5,80.0
33.200000000000024,54.79999999999996,18.561017700729952,10.022983879154548,40.746730000000014,-3.752779999999973,16.091666980507433,11.713574808744234,96.65455,0.000275151,53.02987733748614,57.9313464235212,382.52304,0.00020839417,1.6797445255474452,5,0.08123776063895986,0.07017730178489466,33.20_54.80,5,80.0
33.200000000000024,55.19999999999996,18.02585536496353,10.058558562736412,40.574850000000026,-5.651219999999967,17.29190128596259,15.40484775817745,125.51577,0.0052489500000000005,59.88959459027153,79.21436491911034,551.00503,0.0054379886,1.7326642335766422,6,0.08138970216268249,0.07341040719954635,33.20_55.20,6,97.5
33.200000000000024,55.59999999999996,18.618069543795645,10.215749682872016,41.37222000000003,-5.7146999999999935,18.508747500428832,19.967787140811993,150.63882999999998,0.05210889,66.16838489546532,102.06420461341243,689.4911000000001,0.05210605,1.7864963503649636,6,0.08531384374854015,0.07815359709194908,33.20_55.60,6,97.5
33.200000000000024,55.99999999999996,18.180493558394183,10.070628359327122,40.76968000000005,-5.20492999999999,16.67697992459991,17.493785114966492,146.23837999999998,0.0120627015,56.86046905597573,82.85237830188773,675.8055,0.0121451234,1.676094890510949,6,0.07411640058613138,0.06114024013321461,33.20_56.00,6,97.5
33.200000000000024,56.39999999999996,17.55439081204382,9.880389876108218,39.65640000000002,-4.978369999999984,14.368564618553467,11.22268201707767,98.058116,0.0037780976,44.62001206333084,49.69694940757353,484.33470000000005,0.0036708336000000003,1.562956204379562,6,0.06819660044744526,0.05458966648693124,33.20_56.40,6,97.5
33.200000000000024,56.79999999999996,19.681250501824838,9.954461976528956,42.32534000000004,-2.1219199999999887,14.79907966768248,8.702845457790728,81.43084999999999,0.09541988,39.429167577472626,33.019805823075444,285.8127,0.1472166,1.592153284671533,4,0.07240855817189781,0.05664273750992678,33.20_56.80,4,58.0
33.200000000000024,57.19999999999995,18.810413476277393,9.681899877313056,41.68765000000002,-3.157079999999951,11.246546904781935,6.284978170380695,38.888709999999996,0.013880281000000001,30.120929763318433,23.74065626537304,174.8991,0.015781557,1.385948905109489,3,0.06328839778713503,0.05065652971156647,33.20_57.20,3,38.0
33.200000000000024,57.59999999999995,16.95004607664236,9.62751260118409,39.547500000000014,-6.532079999999951,10.940629930009123,5.752158571547515,38.203105,0.035338669999999996,28.833669864945254,20.66324303555048,157.23250000000002,0.03544938,1.3759124087591241,3,0.05740811895127738,0.04666011093919401,33.20_57.60,3,38.0
33.200000000000024,57.99999999999995,16.893819616788345,9.928344430695105,39.30776000000003,-7.908059999999978,10.027871924032846,5.31167316627452,37.99787,0.05647021,25.692680808053833,19.26769544626356,166.05688,0.058186747,1.312043795620438,3,0.05610146381204379,0.045919291575058474,33.20_58.00,3,38.0
33.200000000000024,58.39999999999995,15.938664543795644,10.0854905353988,37.77358000000004,-9.564300000000003,9.288453125222627,5.035442133521055,36.713452,0.0024802220000000002,23.294241991250548,18.354236334059966,169.49033,0.002493289,1.2490875912408759,3,0.05395362613421533,0.04514121051258527,33.20_58.40,3,38.0
33.200000000000024,58.79999999999995,14.413448211678856,9.679823561218354,35.64468000000005,-10.94906999999995,9.074324724981022,4.989390702356091,38.021394,0.00030596119999999995,22.451691390149044,18.181260966492545,157.94395999999998,0.00021955235,1.2335766423357664,3,0.050621366154808396,0.04374553630601343,33.20_58.80,3,38.0
33.200000000000024,59.199999999999946,12.29800611313871,9.108667358183165,33.00210000000004,-12.365099999999984,8.831640597382455,4.933928888759213,38.749658000000004,0.00050491317,22.286804286500455,17.687403683816953,148.08207000000002,0.0007311431,1.2116788321167884,3,0.045760913746350364,0.04096378203461658,33.20_59.20,3,38.0
33.200000000000024,59.599999999999945,10.087976678832138,8.664099220962338,30.235500000000002,-12.198099999999954,8.642645458406568,4.850774189477423,39.181895000000004,0.0048392235999999995,22.756671351516058,17.15821241990592,116.203836,0.004880712600000001,1.2080291970802919,3,0.04192843749115876,0.038446827743489904,33.20_59.60,3,38.0
33.200000000000024,59.99999999999994,10.934527381386884,8.636328932256648,32.591200000000015,-10.09603999999996,8.609320489010493,5.215413520010949,37.294733,0.0092901745,22.72168124143385,18.24696172282649,144.05151,0.0095287805,1.219890510948905,3,0.044167373884279194,0.03991301945864584,33.20_60.00,3,38.0
33.200000000000024,60.39999999999994,15.132353476277396,9.22020963381131,38.75747000000001,-7.125339999999994,9.146521383521897,5.706265799835499,40.642245,0.024639631999999998,23.658913183377738,21.89750359046038,200.94525000000002,0.033229412,1.2463503649635037,3,0.05282334537112226,0.04637035578110881,33.20_60.40,3,38.0
33.200000000000024,60.79999999999994,17.469590520073016,9.870419686129008,41.080700000000036,-5.023779999999988,9.184963504596716,6.170374184892709,63.10719999999999,0.00201908,22.394946815260038,22.200324495707015,279.0277,0.002038583,1.2527372262773722,4,0.057815634819069345,0.049530212260156276,33.20_60.80,4,58.0
33.200000000000024,61.19999999999994,17.02974450729929,10.011521609845175,40.16323,-5.399759999999958,8.56353968106615,5.796433193136363,59.377815,0.0003137775,20.1409914289048,21.010193675723595,242.62333999999998,0.00021959366,1.218978102189781,4,0.05597476531870438,0.04909098912551188,33.20_61.20,4,58.0
33.200000000000024,61.59999999999994,16.296851322992726,9.994680199529189,39.59976,-5.218099999999993,8.681686409338413,5.9280929689948865,57.134034,0.0019338148999999997,21.396739844327556,23.392454972614992,264.7037,0.002038583,1.218978102189781,4,0.054585750829744525,0.04903482512147863,33.20_61.60,4,58.0
33.200000000000024,61.999999999999936,15.536485784671553,10.376236254775776,39.51968000000005,-5.972999999999956,8.736654888610401,6.711968710920247,95.27256,0.004292817,22.290790379693064,34.63961073911849,697.60114,0.0043123195999999996,1.227189781021898,6,0.05423440791368613,0.050839995954692616,33.20_62.00,6,97.5
33.200000000000024,62.399999999999935,15.405432372262796,10.497633785160392,39.95718000000005,-7.458349999999996,8.258347603069343,5.67655685618248,56.286442,0.015888873999999997,20.765458799903286,23.74270683700355,294.2117,0.015681003,1.197080291970803,4,0.053489766869251824,0.050861897615226734,33.20_62.40,4,58.0
33.200000000000024,62.79999999999993,14.709710647810242,10.386786271861213,39.564099999999996,-8.879249999999956,8.089992277745894,5.668315236306258,47.952923,0.005742324,20.99304484238659,23.946345850666667,255.48541999999998,0.0056765617,1.1925182481751824,4,0.05029022938193431,0.0486761726728556,33.20_62.80,4,58.0
33.200000000000024,63.19999999999993,13.22874724452557,10.494698109601522,37.767240000000015,-12.740099999999984,8.183408345218249,5.822433352355478,60.87372,0.0065665537,22.02722751206332,25.402518612101545,320.14378,0.0065860564,1.197080291970803,4,0.047972084616970806,0.04750464101094808,33.20_63.20,4,58.0
33.200000000000024,63.59999999999993,12.465632773722652,10.420727512879939,36.87563,-17.662939999999963,8.002067689665722,5.513941397687517,45.715726000000004,0.00025044843,22.346060688682407,23.084467116182275,271.223,0.00021247587,1.2007299270072993,4,0.04582447772326642,0.04569793695053379,33.20_63.60,4,58.0
33.200000000000024,64.0,8.88447849452557,10.297998755797071,33.28090000000003,-24.22348999999997,7.152225613477764,4.922248694535077,33.035015,0.00025044843,20.608602583601705,21.635593087212534,177.41267,0.00021247587,1.1633211678832116,3,0.03890569308536496,0.038557253339870076,33.20_64.00,3,38.0
33.60000000000002,44.0,21.96175338503652,9.999527690306588,47.329499999999996,1.6478500000000054,34.12326218841241,21.586964283176858,189.7543,4.8229527,164.0894778614051,149.47105276357763,1125.4514,5.6574576,2.7563868613138687,6,0.22347338449945256,0.18624362425743898,33.60_44.00,6,97.5
33.60000000000002,44.4,22.50908012773725,10.148118877352161,48.22598000000005,1.1656000000000404,35.228629502554746,20.734856874691477,172.04904,3.3564491,148.63255042062045,130.98381784218682,974.6278,8.867431,2.6861313868613137,6,0.20842010839379563,0.17882306265011147,33.60_44.40,6,97.5
33.60000000000002,44.8,22.27573076642338,10.19995897410033,48.44473000000005,1.1724500000000262,33.442701871259125,20.01435509030834,173.93529,3.6851420000000004,148.35676703558394,123.32979130133288,952.9172000000001,10.273688,2.6195255474452557,6,0.2053928752625,0.17824399136996075,33.60_44.80,6,97.5
33.60000000000002,45.2,21.83921031934309,10.20967774346874,48.54922000000005,0.7906000000000404,39.34057255392336,20.98505666557758,177.5956,3.6298728000000002,149.39442620574818,117.67509190482241,872.0399500000001,10.607462,2.855839416058394,6,0.20767208577773724,0.18398137489565455,33.60_45.20,6,97.5
33.60000000000002,45.6,21.102054124087612,10.168618591096196,47.66836000000001,-1.191379999999981,41.8691425810219,22.40590836717666,174.45832000000001,4.794244,176.9958441870438,150.89393179565283,1187.7388,8.036703000000001,3.053832116788321,6,0.2001720065392336,0.17909398134313875,33.60_45.60,6,99.5
33.60000000000002,45.99999999999999,18.069464589416082,9.723326272139285,43.391020000000026,-3.524849999999958,36.41152347381387,21.53985845454142,172.58014,2.5859763,206.38948458759126,174.69885730607695,1294.0145,4.2750985,3.0684306569343067,6,0.1655670661459854,0.14535653187156605,33.60_46.00,6,99.5
33.60000000000002,46.39999999999999,13.78743534671535,9.74173405581577,39.36514,-7.637119999999982,31.269457505383215,18.555248152167675,169.59378,1.519853,177.0327881281022,149.85912483716928,1578.6753999999999,2.1458999999999997,2.7563868613138687,6,0.13023444431286496,0.120955252586426,33.60_46.40,6,97.5
33.60000000000002,46.79999999999999,13.245986715328488,10.010911397467625,39.64736000000005,-10.432039999999972,24.090238550410582,15.801546133384416,132.14296000000002,0.06389472,118.34069692842152,104.85432307657842,1177.8739,0.16882565000000002,2.1998175182481754,6,0.11160847987281021,0.108410399250599,33.60_46.80,6,97.5
33.60000000000002,47.19999999999999,13.784284005474476,10.2791652280602,41.13345000000004,-9.292399999999986,19.129494370088505,13.030155949916645,92.59986,0.046549972,82.20696936579014,78.46222236026593,677.59714,0.048378426,1.8622262773722629,6,0.10033052569801094,0.1001782692551896,33.60_47.20,6,97.5
33.60000000000002,47.59999999999999,13.487173594890534,10.449441782645984,41.44595000000004,-11.161540000000002,17.60590502876186,11.5598120597709,77.55319,0.039075063,70.67680325289598,64.62915760887438,412.77116,0.040192974,1.7572992700729928,5,0.0940819004712865,0.09178091317273321,33.60_47.60,5,80.0
33.60000000000002,47.99999999999999,12.442006277372286,10.41465420730342,40.32778000000002,-12.356849999999952,17.854387489218066,11.358365105795155,89.7003,0.033426383000000004,67.1917099236916,63.37480961356038,456.51495,0.035026155999999996,1.7764598540145986,6,0.08331064888874999,0.08262418130477316,33.60_48.00,6,97.5
33.60000000000002,48.399999999999984,10.412132627737249,10.571599987500862,38.13345000000004,-22.217749999999967,16.188545944781023,10.711940235633078,69.82284,0.16666012,56.80521322683394,55.42038101235913,426.9246,0.22351893,1.6742700729927007,6,0.07321801371614964,0.07500779202394148,33.60_48.40,6,97.5
33.60000000000002,48.79999999999998,9.77759065693433,10.54842645291188,37.17837000000003,-22.483829999999983,13.98751644609489,9.74479961827827,80.548666,0.073294294,50.7886583654927,51.51775605546594,457.432,0.07307435999999999,1.5812043795620438,6,0.0673914249054562,0.07213623203417527,33.60_48.80,6,97.5
33.60000000000002,49.19999999999998,8.968200364963527,10.51960611407715,36.539450000000045,-21.37152999999998,12.768652839768249,9.425381619544732,105.676286,0.037866637,45.01940211134124,48.71575334752455,594.34007,0.03783144,1.5218978102189782,6,0.06028955499780109,0.06624732952079083,33.60_49.20,6,97.5
33.60000000000002,49.59999999999998,8.457765656934331,10.638232581124171,35.74940000000004,-20.106419999999986,11.36251795627646,8.182258285006984,71.92008999999999,0.051156759999999996,38.35282057157938,40.16466276097323,392.52615,0.051114446,1.4352189781021898,5,0.054796538576286496,0.05985815594832173,33.60_49.60,5,80.0
33.60000000000002,49.99999999999998,9.458621596715352,10.701828909259131,36.11733000000004,-15.989659999999958,10.72111997092062,7.318437202402653,53.586646,0.035280404,34.54992910411496,33.67226485936596,294.23611999999997,0.05334197,1.3895985401459854,4,0.05463927293859489,0.05643768991918417,33.60_50.00,4,58.0
33.60000000000002,50.39999999999998,11.208536633211702,10.413943932023637,36.28384,-16.53085999999996,10.89237333765146,7.022147933424235,48.058296999999996,0.050116536,32.9682684952281,29.679887940348202,271.29866,0.1179161,1.3914233576642336,4,0.05670168087236314,0.05583184583141236,33.60_50.40,4,58.0
33.60000000000002,50.799999999999976,11.094664352189803,10.14093275079876,34.886870000000044,-14.677339999999958,11.175965850945255,7.160800317374458,39.132020000000004,0.025132802,33.93462628089781,30.10498363795562,195.48924,0.029498914,1.4124087591240877,3,0.05510796402482664,0.05394573571690133,33.60_50.80,3,38.0
33.60000000000002,51.19999999999997,9.92336247262776,9.751587044610975,32.93813,-12.705049999999972,11.622688879260949,7.101138168203014,39.19864,0.10244623,34.866739781040145,29.335911023771317,206.03193000000002,0.1034021,1.4315693430656935,3,0.05273803257566606,0.05096319413745368,33.60_51.20,3,38.0
33.60000000000002,51.59999999999997,10.829122791970825,9.837165209107548,33.75063,-12.740199999999959,12.36714480225365,7.09673897819207,41.28053,0.12574575,35.66428251683394,29.55639901168659,211.20941,0.12562307,1.469890510948905,3,0.05753618569968978,0.053408259945556286,33.60_51.60,3,38.0
33.60000000000002,51.99999999999997,14.64484804744528,10.182341850350673,38.17397,-12.683569999999975,15.306368195401458,7.739563726663745,57.606783,0.52558236,39.89946552937956,32.32393447182556,246.11091,0.9728173999999999,1.6313868613138687,4,0.06955899478858577,0.06178875554516659,33.60_52.00,4,58.0
33.60000000000002,52.39999999999997,17.07801819343068,10.423757063080044,41.30580000000003,-7.934599999999989,14.83591978184854,7.32694948668224,48.76579,0.082373906,39.61182386285128,31.08530154443013,226.08982,0.08426008500000001,1.6131386861313868,3,0.07490973761788321,0.0653610537829503,33.60_52.40,3,38.0
33.60000000000002,52.79999999999997,17.102876341240897,10.534699376382786,41.06704000000002,-7.381959999999992,18.129781772226277,9.639686750003358,59.656420000000004,0.8109075600000001,43.98242017769161,30.946848733145842,220.69490000000002,0.8136748500000001,1.7454379562043796,4,0.07667133447262774,0.06710569234617554,33.60_52.80,4,58.0
33.60000000000002,53.19999999999997,17.48812375000002,10.266105738990642,41.56704000000002,-8.40749999999997,13.532148085027371,7.218893694107085,46.923052,0.01222913,40.357550061286496,32.67880263486321,217.15825,0.014683739999999999,1.5383211678832116,3,0.0776969093917427,0.06772038695660211,33.60_53.20,3,38.0
33.60000000000002,53.599999999999966,17.434598138686155,10.218587608822242,40.73525000000001,-8.539339999999982,13.708508292032846,7.684512707499177,49.830582,0.036745898,42.58176930218157,37.31431320277804,252.92010000000002,0.039216727,1.5419708029197081,3,0.0782626159283303,0.06756492705323307,33.60_53.60,3,38.0
33.60000000000002,53.999999999999964,18.120164598540168,10.00484370382632,40.274320000000046,-5.312779999999975,14.606986408583667,8.70563240400365,58.093740000000004,0.0067612417,46.668150703942516,45.28757761741712,343.69313,0.007234469,1.5903284671532847,4,0.0793416393489051,0.06877670378187607,33.60_54.00,4,58.0
33.60000000000002,54.39999999999996,17.54014080291973,9.699483954362856,39.17275000000001,-3.886699999999962,15.833111150832119,10.259368839342624,69.16735,0.0037852320000000004,51.906879791547446,54.14471291833518,425.6398,0.0037326860000000003,1.656021897810219,6,0.07607663421541971,0.06719035454100801,33.60_54.40,6,97.5
33.60000000000002,54.79999999999996,17.17408682481754,9.59114148942488,38.80215000000004,-4.149849999999958,16.748599711107026,12.651099698991846,89.61909999999999,0.0023925683,58.227762887312046,67.61269806652629,433.4228,0.002368444,1.7098540145985401,6,0.07802195479355839,0.06984999427268988,33.60_54.80,6,97.5
33.60000000000002,55.19999999999996,18.695189078467177,10.041560882913993,41.19302000000005,-4.108249999999998,18.699685672089416,16.341161367936454,116.19846,0.032469490000000004,65.36935007204015,87.44780085132406,534.00856,0.032438225999999994,1.8038321167883211,6,0.08713331988289233,0.07974043605011585,33.60_55.20,6,97.5
33.60000000000002,55.59999999999996,19.479165328467175,10.569904119308532,42.735000000000014,-4.419299999999964,26.062212857186587,25.50578413955712,183.8723,0.0068986765,90.28831809692245,138.42696712365924,999.9550999999999,0.010214227,2.1541970802919708,6,0.0941703820725365,0.0874601988649878,33.60_55.60,6,97.5
33.60000000000002,55.99999999999996,18.406401614963528,10.15620350134726,41.17007000000001,-3.6702599999999848,18.54009867291697,17.708724657139904,134.64152,0.027261209999999998,73.97040199127737,95.34721493287384,735.2724999999999,0.027322316000000003,1.8394160583941606,6,0.07869277242317518,0.06439286036781502,33.60_56.00,6,97.5
33.60000000000002,56.39999999999996,18.08146065693433,9.899326631203088,40.52847000000003,-4.169780000000003,15.928999014666058,12.438501439455068,109.74987,0.008410836,54.45493119328011,61.027747678952736,480.85009999999994,0.008445681,1.6797445255474452,6,0.07295898957180658,0.05878365059998244,33.60_56.40,6,97.5
33.60000000000002,56.79999999999996,18.692971989051117,9.742168577197631,41.62905000000001,-2.7420399999999745,13.987601844872263,7.893724348326694,69.357235,0.0745015,41.70587235895986,38.190089956737786,283.76456,0.07445702000000001,1.5647810218978102,4,0.07041341647518248,0.056729977854476775,33.60_56.80,4,58.0
33.60000000000002,57.19999999999995,16.646544945255496,9.349544436213339,38.94302000000005,-5.462739999999997,11.236297738770986,6.1386928687652365,39.305185,0.017317022999999997,32.28588143725912,25.4762984662218,182.50327000000001,0.017386226,1.4005474452554745,3,0.059964608220711674,0.04935046112941636,33.60_57.20,3,38.0
33.60000000000002,57.59999999999995,16.06294100364966,9.49961302664995,38.206200000000024,-8.514999999999986,10.892498102578466,5.76420050717934,36.93878,0.091355576,29.756316081675184,21.987048690255442,163.24378,0.097876506,1.3804744525547445,3,0.05726279635985401,0.04670838540063117,33.60_57.60,3,38.0
33.60000000000002,57.99999999999995,16.51060152372265,9.77257938524595,38.80435,-8.072599999999966,10.257783324368612,5.3497798680354665,37.172164,0.018475863,25.80404714558394,19.250625673640712,154.20420000000001,0.030447159999999997,1.3293795620437956,3,0.055377281571989054,0.045183575934105435,33.60_58.00,3,38.0
33.60000000000002,58.39999999999995,14.923743850364986,9.687595497330435,36.499660000000006,-9.36117999999999,10.052261417426278,5.244176271155155,37.111732,0.0034779347,24.66041559444352,18.02618067446328,153.22141,0.0035033781,1.3056569343065694,3,0.051922551586195256,0.04358737786439404,33.60_58.40,3,38.0
33.60000000000002,58.79999999999995,13.294037454379586,9.393123647122005,34.67007000000001,-9.830899999999986,10.278831448998357,5.496406676476427,39.387299999999996,0.00030596119999999995,24.876596147879884,18.31815933926238,156.28709,0.00021955235,1.3193430656934306,3,0.04889832902244525,0.04242377367285207,33.60_58.80,3,38.0
33.60000000000002,59.199999999999946,12.564223996350387,9.118479371123371,33.321439999999996,-10.286000000000001,10.035317592995803,5.350934521278028,35.873466,0.0014570404,24.255185997372994,18.075317119231837,170.56182,0.0026069758,1.3047445255474452,3,0.047273763814051094,0.04152891532716361,33.60_59.20,3,38.0
33.60000000000002,59.599999999999945,12.70403951642338,8.903247675308345,33.68960000000004,-9.560900000000004,8.886436018645073,4.91757962394194,36.40704,0.037410765,22.38544899006022,17.140361860923694,122.57632,0.041588469999999995,1.219890510948905,3,0.047537719201870436,0.042110429580977105,33.60_59.60,3,38.0
33.60000000000002,59.99999999999994,13.829785255474475,9.010902229638845,36.85806000000002,-7.130219999999952,9.548921962381387,5.357673339049082,33.108762,0.13916049,23.476503399197078,18.172851025603855,158.99572,0.19824893,1.2746350364963503,3,0.05038979579137774,0.043079224561981926,33.60_60.00,3,38.0
33.60000000000002,60.39999999999994,16.5334516332117,9.603960138066157,40.66274000000004,-6.3206500000000005,9.417631169005475,5.624902646305259,39.47309,0.03553534,23.26336026526916,19.807198748465034,162.93431,0.039668845,1.2664233576642336,3,0.05657211849927007,0.04751616583807696,33.60_60.40,3,38.0
33.60000000000002,60.79999999999994,17.467880447080315,9.951462983730533,41.328760000000045,-5.5394000000000005,8.827455657775548,5.724697490994571,58.317912,0.056585632000000004,20.71011495276825,19.387737165447493,247.45185,0.06938182999999999,1.229014598540146,4,0.057694837532573,0.049075353619690246,33.60_60.80,4,58.0
33.60000000000002,61.19999999999994,16.686107682481772,9.896430935132866,39.71255000000002,-5.766939999999977,8.268189837777555,5.356568597157119,52.95627,0.0032520722,18.90061581861259,18.040418673155475,216.38168,0.0045847874,1.2025547445255473,3,0.054700599186770074,0.04741509604395658,33.60_61.20,3,38.0
33.60000000000002,61.59999999999994,15.802191322992723,9.65811587102536,38.55264,-6.546239999999955,8.311240033428833,5.346120755883896,49.68027,0.024120612,19.82143797021715,19.32951040329912,211.95153000000002,0.024195928,1.2016423357664234,3,0.052236159910766425,0.046239540902466396,33.60_61.60,3,38.0
33.60000000000002,61.999999999999936,14.792833421532869,9.605081899948518,37.606600000000014,-8.190769999999986,8.243287943290346,5.587147198155608,58.85758,0.00027479722,20.137096616337317,23.173129513334818,349.04247000000004,0.0003216927,1.187956204379562,4,0.05040406313366788,0.04630633366152201,33.60_62.00,4,58.0
33.60000000000002,62.399999999999935,13.105842417883235,9.514291824291586,36.02456000000001,-12.052099999999996,7.902034403945255,5.191706518425414,42.968484,0.0038488269999999995,19.948668535984215,20.97988384447333,273.1769,0.0038459846999999996,1.1706204379562044,4,0.04643223104589416,0.044367888354604514,33.60_62.40,4,58.0
33.60000000000002,62.79999999999993,10.062795912408783,9.436160153326993,33.19106000000005,-17.488129999999984,7.586687132084214,5.073637169843208,49.4433,0.0006087523,20.413713412304926,21.489616202468174,252.48383,0.0006627532,1.156021897810219,3,0.040477783955255475,0.040006156438971874,33.60_62.80,3,38.0
33.60000000000002,63.19999999999993,7.7799033576642564,9.989244456853374,31.75356000000005,-23.287939999999963,7.188469435555018,4.8099943211390475,31.391032000000003,0.0010297002999999998,19.679043608404108,19.07160336535931,193.97046,0.0011228689,1.1596715328467153,3,0.03761917386682482,0.03638745824466056,33.60_63.20,3,38.0
33.60000000000002,63.59999999999993,8.164608020073015,10.328586743672222,32.947400000000016,-26.193209999999965,7.306315558042929,5.172320262774247,40.775124,0.0008591700499999999,19.86023124005155,21.78100440235424,258.82568,0.0007818085,1.1614963503649636,4,0.03857055494373175,0.03655146324907174,33.60_63.60,4,58.0
33.60000000000002,64.0,7.33119455291973,10.227715802958905,31.958150000000046,-26.408529999999985,6.835605057545529,4.587448688394624,27.131681999999998,0.0010723329,18.66042016981679,18.91684601162147,187.58071,0.0011228689,1.1368613138686132,3,0.0363599460895073,0.03451992046284662,33.60_64.00,3,38.0
34.00000000000002,44.0,21.480623047445278,10.123422852692169,47.544340000000034,0.6724500000000262,37.66861901815693,25.47481911334002,240.88595,3.2777423,199.13731918339417,186.58880344379338,1455.3863,4.538781,2.9562043795620436,6,0.2281620918783759,0.1975060981153893,34.00_44.00,6,99.5
34.00000000000002,44.4,21.832352746350384,10.264129668134967,48.258200000000045,0.7964699999999993,33.5516477165146,22.145354257592427,191.66455,1.0179306,148.65098634653285,144.88677934389239,1101.7165,2.037325,2.6313868613138687,6,0.2092785009270073,0.18577740890092778,34.00_44.40,6,97.5
34.00000000000002,44.8,21.740335428832143,10.250187005976084,48.445700000000045,1.230070000000012,36.990647124178835,21.766990258669036,179.67096,3.5767385000000003,179.20020842700728,145.448226329181,989.8756000000001,16.434894,2.917883211678832,6,0.2071365674867701,0.18233683775032725,34.00_44.80,6,99.5
34.00000000000002,45.2,21.090858375912433,10.150144879497981,48.07266000000004,-0.13179999999999836,50.40632303667883,27.528732692289278,203.37548,4.9364473,185.29564965145985,150.94848739319102,1076.7206999999999,14.404303,3.3613138686131387,6,0.20577172404233576,0.1856187094108776,34.00_45.20,6,99.5
34.00000000000002,45.6,19.485212198905135,10.054292812743832,46.10488000000004,-3.1679399999999873,47.80910746943431,26.107854261454698,196.49053,5.4733030000000005,179.85231697810218,153.30672389062988,1239.2566,9.711419,3.2481751824817517,6,0.18011926450729926,0.1662549357344299,34.00_45.60,6,99.5
34.00000000000002,45.99999999999999,14.950410301094912,9.65501046144849,40.388570000000016,-7.883249999999975,34.40766004114963,21.85747689041535,182.27665000000002,1.4703974,209.52272192618614,176.77272658598056,1535.9459,1.4830486999999999,3.0246350364963503,6,0.1405520552084854,0.12751029282569207,34.00_46.00,6,97.5
34.00000000000002,46.39999999999999,11.538083293795644,9.93066227087226,37.76675,-13.286569999999983,21.701107912271898,15.575450410354723,150.02759,0.4176709,102.59661739425182,107.8628906505553,1338.527,0.8900582,2.053832116788321,6,0.1031173576748449,0.10473858041436004,34.00_46.40,6,97.5
34.00000000000002,46.79999999999999,12.300430912408782,10.20646606581431,39.80654000000004,-10.468179999999961,19.007790676509583,13.631298148309318,120.16998999999998,0.0074567965,79.81827987019435,83.22050421144644,1039.6853,0.007560517,1.8567518248175183,6,0.09467162426683394,0.10107199389672063,34.00_46.80,6,97.5
34.00000000000002,47.19999999999999,12.348549835766445,10.398888624056946,40.2792,-12.355899999999963,16.189287206478102,11.286964834611016,98.06674,0.1271609,63.895920411323,66.53322249961846,808.22093,0.13824388999999998,1.7025547445255473,6,0.08470830994056569,0.09151359217509158,34.00_47.20,6,97.5
34.00000000000002,47.59999999999999,11.480641231751848,10.473597508936058,39.23696000000001,-16.989659999999958,14.720980338297446,9.683787520280777,75.65170499999999,0.057719704,55.964554687262776,53.04784112502177,539.6944400000001,0.07998337,1.6085766423357664,6,0.07720583903411496,0.081440143324365,34.00_47.60,6,97.5
34.00000000000002,47.99999999999999,10.367337947080316,10.385716028310407,38.03384,-16.719179999999994,13.795896798899635,9.057157820643875,57.500724,0.039764424,52.281166227573905,49.153522388494565,356.23788,0.040028376000000004,1.5565693430656935,5,0.06966823457687957,0.07326378649989315,34.00_48.00,5,80.0
34.00000000000002,48.399999999999984,9.123365520073015,10.517213595535937,36.696439999999996,-20.751929999999987,12.943927767587592,8.761512302072063,60.119823999999994,0.09554043000000001,45.83526958447081,44.13573286205198,350.82832,0.09572744,1.5045620437956204,4,0.06318496485957117,0.06704188959812256,34.00_48.40,4,58.0
34.00000000000002,48.79999999999998,9.306338083941629,10.451799350588855,36.880269999999996,-18.358829999999983,13.339883311697081,8.986630241924113,82.21691,0.11770428000000001,43.17901529010949,42.47628419223268,469.49054,0.12695683000000002,1.5218978102189782,6,0.06057720826434306,0.06519466809287473,34.00_48.80,6,97.5
34.00000000000002,49.19999999999998,9.31433368613141,10.42516534491315,36.97890000000001,-16.639099999999985,14.539967839288321,10.074249909887286,88.8708,0.10461502,42.871045974717156,42.007943364077974,481.4687,0.1046793,1.562043795620438,6,0.0572912851087865,0.06291427567586318,34.00_49.20,6,97.5
34.00000000000002,49.59999999999998,9.374676395985425,10.418472854489979,36.30680000000001,-16.933569999999975,14.756804830063869,9.654541025638078,73.26688,0.08977903,41.303620014479925,38.25552313136146,382.24908000000005,0.09586085000000001,1.551094890510949,5,0.05550365268886861,0.05963426134093907,34.00_49.60,5,80.0
34.00000000000002,49.99999999999998,11.068377509124112,10.270454950897873,36.65103000000005,-12.536569999999983,12.752695672322993,7.7469178418694185,53.141793,0.036041448000000004,36.34635264776916,32.18156429400676,258.06074,0.036168735,1.5036496350364963,4,0.05834017142711678,0.05899431408532245,34.00_50.00,4,58.0
34.00000000000002,50.39999999999998,12.345933229927029,10.076971826442069,36.73060000000004,-12.662099999999953,12.588836698944343,7.558082072112955,49.288430000000005,0.040339468,36.34153072086953,31.226469520137666,278.90295,0.044247023,1.4708029197080292,4,0.05846099463166059,0.05710695049540025,34.00_50.40,4,58.0
34.00000000000002,50.799999999999976,11.488641998175206,9.930397986977358,34.92153000000002,-15.259739999999965,12.160396212445256,7.318037273355973,37.743153,0.12885709999999997,35.52798297748175,29.131609027914422,199.85526000000002,0.12915216,1.448905109489051,3,0.056501665881104016,0.05429045780730042,34.00_50.80,3,38.0
34.00000000000002,51.19999999999997,12.99248265510951,9.719407533204489,35.74722000000003,-8.665699999999958,13.755785799051093,7.3286774006190525,36.95931,0.44031664000000004,36.05773162260949,27.188215668481575,179.08881,0.4621361,1.5355839416058394,3,0.06312833760504562,0.05770560564875947,34.00_51.20,3,38.0
34.00000000000002,51.59999999999997,16.05048091240878,10.053195243151622,39.69204000000002,-5.437929999999994,15.986455221788322,7.354999771071198,40.223064,0.10427145,38.23701132072993,26.992206094826955,168.64249999999998,0.15618813,1.6651459854014599,3,0.07297376597874088,0.06372161114990202,34.00_51.60,3,38.0
34.00000000000002,51.99999999999997,16.80150050182484,10.397853159048406,40.80142000000001,-6.625039999999956,14.611624753850364,6.787050269072632,41.308994,0.479097,39.0981066757573,28.228545247089684,160.86337,0.51830223,1.6167883211678833,3,0.07513778505997264,0.06439754143963893,34.00_52.00,3,38.0
34.00000000000002,52.39999999999997,16.556127718978125,10.184786374768041,40.376120000000014,-7.291049999999984,13.532640043293796,6.796034705011999,43.546552999999996,0.16268542,38.90756838680657,28.575955957306643,215.31652,0.16258117000000002,1.5474452554744527,3,0.07339816648321168,0.06273155922349864,34.00_52.40,3,38.0
34.00000000000002,52.79999999999997,16.909566569343088,10.114626756920854,40.53726,-6.47366999999997,13.606831930364963,6.855803270351519,42.016612,0.2062559,38.989904926332116,29.54830114663944,241.86214999999999,0.2063506,1.5419708029197081,3,0.07475635538074818,0.06364784774089285,34.00_52.80,3,38.0
34.00000000000002,53.19999999999997,17.968024616788345,10.295823155787797,42.60220000000004,-5.156099999999981,13.316616510091242,7.056169084252983,42.859753,0.15161881,39.03832436363139,31.486424716918602,212.47838000000002,0.25095342,1.532846715328467,3,0.07850819923116789,0.06672232678399354,34.00_53.20,3,38.0
34.00000000000002,53.599999999999966,18.504162983576666,10.517300736283252,42.95278000000002,-5.042819999999949,13.748341331685218,7.797026395498955,49.380432,0.014065890999999999,41.20826151968385,36.04151393809343,234.35517,0.0140509895,1.5465328467153285,3,0.08135589629750001,0.06899546356238638,34.00_53.60,3,38.0
34.00000000000002,53.999999999999964,18.625594005474476,10.244045957910547,41.942300000000046,-4.608739999999955,14.89719454521624,8.977916394450414,57.096897999999996,0.007551108999999999,46.166546529021446,45.21636467444522,318.94692,0.0075980385,1.6058394160583942,4,0.08104305547488139,0.07021816766140199,34.00_54.00,4,58.0
34.00000000000002,54.39999999999996,17.698801313868636,9.790670844519786,39.94620000000003,-3.6297399999999698,16.38309199826825,10.828179445373681,68.18919000000001,0.021335638,54.08725118450912,58.235992280037,420.80254,0.021126772,1.6906934306569343,5,0.07862320607627737,0.07052426530682958,34.00_54.40,5,80.0
34.00000000000002,54.79999999999996,17.638758184306592,9.783469141824854,40.04922000000005,-3.9861799999999903,17.88339353471624,13.8334831152643,90.56582999999999,0.042680341999999996,63.760879289850365,78.36257244711578,473.12906,0.042727273,1.77007299270073,6,0.08283113891094891,0.07637598294613258,34.00_54.80,6,97.5
34.00000000000002,55.19999999999996,18.308016989051115,10.31163241852797,41.031150000000025,-4.765479999999968,21.29304037550456,17.737290649354772,116.2524,0.038844676999999994,73.49587249892518,96.62175300857186,508.36974,0.038920152,1.9543795620437956,6,0.08902103346386861,0.08377714149048192,34.00_55.20,6,97.5
34.00000000000002,55.59999999999996,18.958996286496372,10.644334198784605,42.237450000000024,-2.72366999999997,27.816557739026187,26.477082916542635,202.3502,0.0040920327000000005,109.22947383384488,166.82324025590768,1246.2344,0.004018294,2.281021897810219,6,0.09583872648421533,0.08862825871398006,34.00_55.60,6,97.5
34.00000000000002,55.99999999999996,18.84263678832119,10.324578984951005,41.57925,-2.570349999999962,19.069850922279198,18.29185008077206,137.21349,0.010096118,71.09022433357117,91.43817220560688,678.5792,0.010327913999999999,1.8312043795620438,6,0.08350732634215328,0.07199622238523855,34.00_56.00,6,97.5
34.00000000000002,56.39999999999996,18.330449945255495,9.991972191137512,41.06020000000001,-3.9153799999999706,16.604149517208942,13.77853184707688,122.0383,0.0031281409999999996,59.67407709897354,72.4655250226156,560.53386,0.004476905,1.7116788321167884,6,0.07550778471578468,0.06382261076266127,34.00_56.40,6,97.5
34.00000000000002,56.79999999999996,17.723759051094913,9.73700479042149,40.59976,-4.561869999999999,13.710438628244527,7.634864211298984,61.11659,0.026680185999999998,45.55472503277555,42.758034444071,311.54923,0.026585132,1.563868613138686,4,0.06924455432728102,0.05889035553273888,34.00_56.80,4,58.0
34.00000000000002,57.19999999999995,16.647248220802943,9.58510202635649,38.98696000000001,-8.561869999999999,12.477302127618612,6.8337586943619515,49.934684000000004,0.06408967,39.61030757270073,34.55941732758694,245.4037,0.06489695,1.4881386861313868,3,0.06558181518403285,0.055182529632544594,34.00_57.20,3,38.0
34.00000000000002,57.59999999999995,17.618126140510974,9.834198890832612,40.311180000000036,-7.988619999999969,11.607501134856022,6.215606539532609,38.069913,0.0072178322000000005,33.57174425556569,27.109702415885664,176.73683,0.007712469999999999,1.437043795620438,3,0.06372088351186131,0.05093472217933332,34.00_57.60,3,38.0
34.00000000000002,57.99999999999995,16.43388479014601,9.517601552644402,38.801900000000046,-7.360199999999963,10.392722182596716,5.4208738244908705,39.154376,0.071667096,25.64553335600365,19.17515274893981,141.47491,0.1936518,1.332116788321168,3,0.054107546869580296,0.0446098390371301,34.00_58.00,3,38.0
34.00000000000002,58.39999999999995,13.265096733576664,9.196481372679546,34.46940000000001,-12.188819999999964,10.054320031595072,5.292113825827777,35.98037,0.00030596119999999995,25.424931946402694,18.49676893663101,154.01119,0.00021955235,1.301094890510949,3,0.049010936505793794,0.04121192288984476,34.00_58.40,3,38.0
34.00000000000002,58.79999999999995,13.039586104014623,9.148594824538037,34.06510000000003,-10.168799999999976,10.59412217975,5.669908764236644,38.374708,0.034511487,26.30798807343978,20.27943587074937,234.61675,0.03773621,1.3558394160583942,3,0.04913509963472628,0.042331038945348086,34.00_58.80,3,38.0
34.00000000000002,59.199999999999946,13.803917609489075,9.267961785757208,35.324850000000026,-9.239599999999996,10.244008423643248,5.495187111102096,37.42729,0.045426093,25.27144090256022,19.839815488777777,190.53445,0.045353186000000004,1.333941605839416,3,0.0507668037785584,0.04375407224797471,34.00_59.20,3,38.0
34.00000000000002,59.599999999999945,14.992117782846737,9.465135546788924,37.57680000000005,-7.7210399999999595,9.681719875372263,5.246670640020465,32.74404,0.044999768,24.120416172977187,18.70390964327544,146.16025,0.045125812999999994,1.2755474452554745,2,0.05386175726089416,0.04598581824010249,34.00_59.60,2,20.5
34.00000000000002,59.99999999999994,16.218061697080316,9.64049418485551,39.55044000000004,-6.020849999999996,9.904418699881386,5.568371552561581,37.614284999999995,0.01258547,25.205410714060218,20.44522523141814,193.04677,0.271616,1.2956204379562044,3,0.05591211320839416,0.04597476410919058,34.00_60.00,3,38.0
34.00000000000002,60.39999999999994,16.993559306569367,9.924378888800737,40.329740000000015,-7.403660000000002,9.156668407904197,5.549364496158886,38.932863999999995,0.058500079999999996,22.898033071487227,19.985954017928144,166.87945000000002,0.07211031,1.2417883211678833,3,0.057566236836952556,0.047155825733342406,34.00_60.40,3,38.0
34.00000000000002,60.79999999999994,16.691225602189803,9.919374772809352,40.35122000000001,-8.208349999999996,8.763818691476278,5.579939770882631,49.743992000000006,0.050797797000000006,20.463774572649637,18.826661244981572,203.20401,0.05778577,1.2144160583941606,3,0.05586152211839416,0.04702231660652824,34.00_60.80,3,38.0
34.00000000000002,61.19999999999994,15.674759178832138,9.642803001455555,39.121730000000014,-6.659999999999968,8.318720980535948,5.344854397832413,47.765443,0.004744212,18.694706846458942,16.56170360649017,198.15359,0.007768018999999999,1.2025547445255473,3,0.052496331783941606,0.04562633392787065,34.00_61.20,3,38.0
34.00000000000002,61.59999999999994,14.393774543795644,9.585236868974254,36.26430000000005,-8.972999999999956,8.191907873234673,5.087638178380338,42.5313,0.0010563941999999998,18.550446889694523,15.381291392838547,174.5231,0.0010606572,1.188868613138686,3,0.05019577736678832,0.044557977988019824,34.00_61.60,3,38.0
34.00000000000002,61.999999999999936,13.847887500000024,9.553832914801076,36.16128000000003,-10.069680000000005,8.20482275399042,4.833591774250861,38.619508,0.0137626265,18.497416245273723,15.182646403133973,168.5268,0.013855795,1.1843065693430657,3,0.049678060199178836,0.04530982546873292,34.00_62.00,3,38.0
34.00000000000002,62.399999999999935,12.344160428832142,9.368020788532078,34.92397,-13.349949999999978,7.710794763670985,4.798569767311319,44.53465,0.008689351,18.29917444014872,16.933708913348525,219.43356,0.008739887,1.1514598540145986,3,0.04596270256428832,0.044145318238302214,34.00_62.40,3,38.0
34.00000000000002,62.79999999999993,9.102243257299293,9.47273960764562,32.40835000000004,-20.995949999999965,7.632646755769161,4.808684763293912,52.61613,0.002720792,20.137751655484216,20.198131310810247,289.61614,0.0027144847,1.1505474452554745,4,0.04090012202162408,0.040617143234908344,34.00_62.80,4,58.0
34.00000000000002,63.19999999999993,7.098662217153306,9.955871844210355,31.56948,-25.94125999999997,7.352600551969708,4.601506134521073,30.956049999999998,0.0018539297999999999,19.628979794484305,17.96020119275288,212.0252,0.0019186767999999999,1.1532846715328466,3,0.0381961098942062,0.037037398899034936,34.00_63.20,3,38.0
34.00000000000002,63.59999999999993,6.12206622262776,10.112207208842598,30.89468000000005,-27.572119999999984,7.310616260994343,4.932346647112811,33.288373,0.0024365748,19.73861315891405,20.21173684190462,214.00756,0.0026007978,1.1669708029197081,3,0.03684514047720803,0.03543004920232119,34.00_63.60,3,38.0
34.00000000000002,64.0,5.034531350364986,10.019737963873364,29.94058000000001,-29.568209999999965,6.847115001407665,4.6363696445410465,35.312909999999995,0.0012712848,19.126679099464234,19.32141991864676,209.58411999999998,0.0012365558,1.1386861313868613,3,0.0348998541417792,0.03422503556779125,34.00_64.00,3,38.0
34.40000000000002,44.0,20.94804963503652,10.302051755347923,47.63613000000004,-0.26114999999998645,40.14321585419708,28.26090361052535,244.69534,3.5173144,213.5085510926095,212.77725833300426,1651.3568,4.6097215,3.053832116788321,6,0.2257276141703467,0.20546835485879308,34.40_44.00,6,99.5
34.40000000000002,44.4,21.02542394160586,10.241074413225016,47.71720000000005,0.4853800000000206,34.729327418156934,23.317807958792198,197.40014000000002,1.6753193,161.56707657171532,157.63300706846798,1178.3490000000002,2.6900863999999998,2.729014598540146,6,0.20579664241277373,0.18847700705850487,34.40_44.40,6,97.5
34.40000000000002,44.8,20.695644799270095,10.23143826083199,47.65273000000002,0.07620000000002847,35.939189559972625,23.441939984692148,174.97021,0.54422733,186.39899105374087,179.5757756022513,1172.6077,2.6501124,2.9388686131386863,6,0.20157664791286495,0.18381130180684738,34.40_44.80,6,99.5
34.40000000000002,45.2,20.12456784671535,10.246794980124266,47.5043,-1.6454799999999636,38.1522215419708,21.782975271534998,192.3766,1.8449042,159.39777084169708,143.84063067019724,1187.0603,8.134355,2.8713503649635035,6,0.19377998684808395,0.18112733411568108,34.40_45.20,6,99.5
34.40000000000002,45.6,18.280014616788346,10.22328353953335,45.297270000000026,-4.025819999999953,32.167483927919704,20.978640791511424,197.05959,1.5966410000000002,132.6120956756387,137.26330639393885,1429.9134999999999,3.238924,2.5255474452554743,6,0.1638057342888686,0.15794061527165842,34.40_45.60,6,97.5
34.40000000000002,45.99999999999999,13.597583321167907,9.947327499260984,39.89004,-11.23479999999995,21.44898408135219,17.423005361778085,171.75688,0.056441612,104.40016064723083,123.92890651129898,1411.608,0.056389015,2.0164233576642334,6,0.11402159650821167,0.11893433992424027,34.40_46.00,6,97.5
34.40000000000002,46.39999999999999,10.707608640510973,10.287045922587469,37.47524000000004,-20.202579999999983,18.013999102518248,14.192934755376605,141.2935,0.020324725000000002,79.34524339799361,94.28891156955414,1150.9343999999999,0.020350287,1.8284671532846715,6,0.09010505415720803,0.10040952176186893,34.40_46.40,6,97.5
34.40000000000002,46.79999999999999,11.487856040146008,10.441208122863127,39.98086000000001,-15.755319999999983,16.98641349390876,12.483089040049247,117.414444,0.017740128999999997,66.31616689378376,76.1124859044877,976.1625,0.01758102,1.7490875912408759,6,0.08418049166603102,0.09621917883385271,34.40_46.80,6,97.5
34.40000000000002,47.19999999999999,10.738170620437979,10.544786978542154,39.118070000000046,-17.39495999999997,15.244442653777371,11.126242698629056,101.33485,0.12157707000000001,56.82212284247263,64.44056155408477,858.2226999999999,0.12158842,1.6322992700729928,6,0.07332988725968065,0.08467338502045116,34.40_47.20,6,97.5
34.40000000000002,47.59999999999999,10.513637381386884,10.57686712374005,38.78335000000004,-19.141029999999972,14.307028087326643,9.485129119256746,78.19548,0.17264268000000002,50.07611855867701,50.36806468766132,568.83,0.17303463,1.592153284671533,6,0.0691858101890876,0.07774999015048231,34.40_47.60,6,97.5
34.40000000000002,47.99999999999999,10.570217755474474,10.38151657345653,38.69058000000001,-14.91543999999999,13.576091178248175,8.467252582765482,64.683995,0.08838673000000001,45.24711604053285,42.20287716696905,416.29830000000004,0.09414331,1.5465328467153285,5,0.06516400404534671,0.07144596663544789,34.40_48.00,5,80.0
34.40000000000002,48.399999999999984,9.485785666058417,10.316329411613282,37.48380000000003,-16.381299999999953,12.623957779096715,8.035188105998234,51.461380000000005,0.12476652,40.954478492062044,37.88580148471598,283.25672000000003,0.14592173,1.4881386861313868,4,0.0585752394047719,0.06364733076560421,34.40_48.40,4,58.0
34.40000000000002,48.79999999999998,9.758479297445279,10.417679920352132,37.877340000000004,-15.940859999999986,12.2865325597354,7.865415900999842,65.61171,0.05698321,36.234152623385036,33.18203305320546,367.59882999999996,0.05702616,1.4744525547445255,5,0.0576157775859854,0.06186595411907549,34.40_48.80,5,80.0
34.40000000000002,49.19999999999998,10.567683275547468,10.481362883093507,38.138570000000016,-14.282199999999989,12.84650670459854,8.407346695648092,65.62002,0.052973679999999995,36.38206384451642,32.78992880247477,329.99873,0.07523441,1.47992700729927,4,0.058329523371578464,0.06252426171181505,34.40_49.20,4,58.0
34.40000000000002,49.59999999999998,10.313449534671555,10.334656999269288,37.078760000000045,-16.156229999999994,13.593922121058394,8.685370328614503,63.651489999999995,0.08844321,38.11389078734489,34.09012918566844,330.92026999999996,0.12269094,1.5054744525547445,4,0.05692801506071168,0.060617593113008655,34.40_49.60,4,58.0
34.40000000000002,49.99999999999998,10.879890155109512,10.09096984838973,36.043600000000026,-16.848599999999976,12.986053844684307,7.9084663533865385,55.31958,0.108281564,35.73887842987226,30.48927549413037,283.24843000000004,0.17930699,1.4990875912408759,4,0.0580920576709854,0.059425217954478755,34.40_50.00,4,58.0
34.40000000000002,50.39999999999998,12.878826861313891,9.947245000568035,36.86587000000003,-12.563449999999989,13.98581823694708,8.007062888638973,48.106287,0.074189724,36.98759279532847,28.629352882913714,232.00462,0.08676589999999999,1.5419708029197081,3,0.06122276061596716,0.05951554517222277,34.40_50.40,3,38.0
34.40000000000002,50.799999999999976,13.954343403284694,9.859447354248815,37.46010000000001,-9.212869999999953,13.93563379078467,7.302229093728804,36.982659999999996,0.19580469,35.52583960534671,25.73264828219915,191.93337,0.19792096,1.5456204379562044,3,0.06423403596395985,0.06052654816211185,34.40_50.80,3,38.0
34.40000000000002,51.19999999999997,16.087123813868637,10.003442293738317,39.73843000000005,-4.992159999999956,14.74552137620438,7.2754628904205685,41.084241999999996,0.30897992,41.08028957671533,32.66527099345577,213.19372,0.34324255,1.6158759124087592,3,0.07422514773485402,0.06579255933059351,34.40_51.20,3,38.0
34.40000000000002,51.59999999999997,17.767860091240898,10.480827641688991,42.446439999999996,-4.639070000000004,19.306329361222556,9.944604348859409,57.692933000000004,0.00030483992,45.23556512781472,28.696836998508516,194.95772,0.00020978493,1.8047445255474452,4,0.07901161152208029,0.06708317893775297,34.40_51.60,4,58.0
34.40000000000002,51.99999999999997,17.28357645985404,10.506570049276695,41.607079999999996,-5.008829999999989,16.435448972426936,8.238244949018227,52.996987999999995,0.00030483992,40.70206522650997,27.162653320063182,229.16609,0.00020978493,1.6833941605839415,3,0.07595352645465328,0.06441923899907147,34.40_52.00,3,38.0
34.40000000000002,52.39999999999997,17.093284270073013,10.155426090090476,41.02358000000004,-5.597699999999975,13.306814105054672,6.872478522554903,48.44786,0.00030483992,37.251933421509975,27.66469424302763,228.01444,0.00020978493,1.5401459854014599,3,0.07394310404169709,0.06307183749638517,34.40_52.40,3,38.0
34.40000000000002,52.79999999999997,17.677526350364985,10.090679001349718,41.520650000000046,-3.9482799999999543,12.836673600770547,6.7063289390295715,38.423128,0.00030483992,35.77831000040267,27.32444310857891,216.94134,0.00020978493,1.5027372262773722,3,0.07434967009114964,0.06339106729365908,34.40_52.80,3,38.0
34.40000000000002,53.19999999999997,18.401638065693454,10.356009844978292,42.812160000000006,-3.6580599999999777,12.79865856986688,6.783507335550389,42.133365,0.0031851214,34.838796911988595,27.052933853745248,203.68273000000002,0.0058941268,1.4981751824817517,3,0.07607702135696168,0.06459648465142019,34.40_53.20,3,38.0
34.40000000000002,53.599999999999966,18.444690812043817,10.615934001656608,43.040670000000034,-4.1028799999999706,14.202090041489324,7.270781402594292,44.072976,0.0015570843,37.001348833272814,29.355722732456687,232.68272000000002,0.028176747,1.562956204379562,3,0.07695899884114964,0.06517882903460546,34.40_53.60,3,38.0
34.40000000000002,53.999999999999964,18.514886213503672,10.460529760197517,42.38076000000001,-4.613619999999969,14.139395228186405,7.8649667187076915,48.948966,0.001868034,41.038390392045436,37.30429605133879,297.16454999999996,0.0030519557999999997,1.5647810218978102,4,0.07819077349501825,0.06720176790056599,34.40_54.00,4,58.0
34.40000000000002,54.39999999999996,18.453423667883236,10.219539042420578,41.46084000000002,-4.353859999999997,16.512378885965877,9.767750664214178,67.21307,0.0061028686,51.54942371097993,51.8335549744137,347.27017,0.0061783440000000005,1.6943430656934306,4,0.08078623579840329,0.07196480432980891,34.40_54.40,4,58.0
34.40000000000002,54.79999999999996,18.39448637773725,10.262802849027075,41.412000000000035,-4.725439999999992,18.565764310981752,13.883761169815854,83.236664,0.09497231,72.2339058930657,86.77606821001325,542.0505400000001,0.12004507,1.8622262773722629,6,0.08732457309270074,0.08170538123294692,34.40_54.80,6,97.5
34.40000000000002,55.19999999999996,18.25178819343068,10.421278239620854,41.09072000000003,-4.409999999999968,22.613649218434308,21.3824058623704,129.21275,0.090137134,96.90430086312043,137.78908932711207,810.67486,0.09019114,2.0921532846715327,6,0.09311983386240875,0.09028919946202216,34.40_55.20,6,97.5
34.40000000000002,55.59999999999996,18.544002746350387,10.598199217896715,41.388329999999996,-3.3066799999999716,23.30335273872614,22.34331181178037,146.38233,0.00030321893000000003,92.28593408162193,127.10527213344213,807.4562000000001,0.00020978493,2.0757299270072993,6,0.09476046930437956,0.09092591800788988,34.40_55.60,6,97.5
34.40000000000002,55.99999999999996,18.78870171532849,10.572532589681803,41.61830000000003,-3.2802999999999543,24.050621573536425,24.30050320775526,175.78635,0.00030483992,95.30660016494976,136.36357141110508,984.526,0.00020978493,2.0894160583941606,6,0.09325861810620438,0.08893257165851276,34.40_56.00,6,97.5
34.40000000000002,56.39999999999996,18.5799318521898,10.380252419166395,41.75308000000001,-3.1263199999999642,21.026674127536495,21.314455591819495,173.25644,0.01893527,93.96768664252464,134.9132669411692,976.5417,0.019024957000000002,2.010948905109489,6,0.08529021683248175,0.07668879431878116,34.40_56.40,6,97.5
34.40000000000002,56.79999999999996,18.07822386861316,10.131752902384351,41.669100000000014,-4.186869999999999,13.63856136929927,8.170413934272055,61.95509,0.038772235,44.722266919790144,46.16626308880218,355.17692,0.0454003,1.5702554744525548,5,0.07230922263932481,0.06473187358989614,34.40_56.80,5,80.0
34.40000000000002,57.19999999999995,17.17861160583944,10.043641514358534,40.459130000000016,-6.8206500000000005,15.088552884460768,9.949555118418203,83.012566,0.025351471,55.285477655456205,62.78803674575026,461.514,0.02590301,1.6751824817518248,6,0.07358834579972627,0.06553583248456785,34.40_57.20,6,97.5
34.40000000000002,57.59999999999995,17.691868695255497,10.108328990240018,40.947400000000016,-5.9348999999999705,17.393001409534673,13.26766470777393,124.67987000000001,0.09128984,72.30513266451186,104.95345875684968,875.60556,0.094001425,1.8613138686131387,6,0.07248072468166059,0.060345519906531794,34.40_57.60,6,97.5
34.40000000000002,57.99999999999995,16.12642606751827,9.60289263581946,38.67056000000002,-7.530129999999986,11.113266296988138,5.7167364415108155,34.814057,0.025055489,34.223152905520074,29.272767374435162,243.63716999999997,0.1289542,1.395985401459854,3,0.057040131088905106,0.04723492533539,34.40_58.00,3,38.0
34.40000000000002,58.39999999999995,14.051340447080314,9.34060902896478,35.97183000000001,-11.12143999999995,10.817749295969891,5.430806776289391,36.727712,0.057050573,31.445797682229927,23.49180166529659,198.70239999999998,0.056949243999999996,1.3503649635036497,3,0.05505572513886861,0.04516957961502515,34.40_58.40,3,38.0
34.40000000000002,58.79999999999995,15.018496496350389,9.645521874859865,37.68667000000005,-8.647299999999973,11.954394116726277,6.343825530069639,52.392163,0.051053592,39.0900746367354,41.08780462221685,368.4966,0.051264902,1.4854014598540146,5,0.057800642124781025,0.04814658928932452,34.40_58.80,5,80.0
34.40000000000002,59.199999999999946,15.591424233576667,9.865778936704563,38.97524000000004,-7.200049999999976,10.135811244847629,5.691033529654992,41.206214,0.015498033,25.165356668510036,22.743189680848772,197.21224,0.015567237,1.3156934306569343,3,0.05598923896908759,0.0486939253767998,34.40_59.20,3,38.0
34.40000000000002,59.599999999999945,15.82005924270075,9.857936635263343,39.9606,-6.405599999999993,9.977847195770984,5.658751043824015,44.76862,0.015185394999999999,26.15926097931843,23.344728766923847,232.37875000000003,0.015339863,1.3056569343065694,3,0.057274550189872264,0.04986179962332402,34.40_59.60,3,38.0
34.40000000000002,59.99999999999994,15.665644571167904,9.620351419958588,39.120750000000044,-7.0081500000000005,9.82528286198905,5.590958502516716,35.378142999999994,0.17147597,25.364524557071167,21.570812447769065,193.97932,0.27207075000000003,1.281021897810219,3,0.05528499925319343,0.04678039672184607,34.40_60.00,3,38.0
34.40000000000002,60.39999999999994,15.045949333941628,9.61143216494341,37.564099999999996,-10.267920000000004,9.124669971468979,5.439938637682991,36.999829999999996,0.07018099,23.18793256932482,21.061372236135025,196.77113,0.0805276,1.2527372262773722,3,0.05411212465903285,0.045032030696537516,34.40_60.40,3,38.0
34.40000000000002,60.79999999999994,15.232086697080312,9.70938753654669,38.81900000000002,-9.879249999999956,9.22510958005584,5.702209485080338,39.614438,0.0032612142,21.699567451001826,20.044352619764368,255.70844000000002,0.0037657419999999994,1.239051094890511,4,0.05414848321660584,0.045612137510207845,34.40_60.80,4,58.0
34.40000000000002,61.19999999999994,15.307718521897833,9.737743182861,39.44595000000004,-7.671239999999955,8.66443363957938,5.620203594174528,43.40345,0.003166807,19.474434100866333,17.0740656283144,185.46214,0.0043574137,1.2144160583941606,3,0.05294394735313868,0.04625070354761,34.40_61.20,3,38.0
34.40000000000002,61.59999999999994,14.225605155109513,9.694634291408663,36.52603000000005,-9.087259999999958,8.26130613338823,5.212143818561107,36.145398,0.0043036755000000005,17.91172694363002,14.719722110545463,144.85083,0.0064661505,1.1897810218978102,3,0.05034438141523723,0.045230018693387726,34.40_61.60,3,38.0
34.40000000000002,61.999999999999936,13.575296724452578,9.724105923185048,35.51675,-10.458349999999996,8.314452804758211,4.995161209037964,34.669515,0.01565267,17.69482339830657,14.113829015570898,145.87401,0.015674784,1.1916058394160585,2,0.04957510144416059,0.04547890268928475,34.40_62.00,2,20.5
34.40000000000002,62.399999999999935,12.711156669708052,9.387530753920094,34.60513000000003,-13.438819999999964,7.646131767906935,4.613049841374514,29.806248000000004,0.012824710000000001,17.06712510119069,14.110116620403879,128.58906,0.012718927,1.1487226277372262,2,0.0466112720314781,0.04389712136191868,34.40_62.40,2,20.5
34.40000000000002,62.79999999999993,10.016797737226302,9.381770832651412,32.33364,-20.525239999999968,7.894140524932482,4.77308528524064,45.038643,0.007467217999999999,19.495734553137773,20.160499594895448,385.59918,0.0074893320000000005,1.1742700729927007,5,0.04277713491511861,0.04068287430181113,34.40_62.80,5,80.0
34.40000000000002,63.19999999999993,8.148864379562067,9.531614396921475,30.76430000000005,-23.985199999999963,7.7780013526749086,4.752493503759963,44.671378,0.005250324,19.67370494675885,19.91494227962856,374.5843,0.0052155953000000005,1.1569343065693432,5,0.040173071215155114,0.03849358465349191,34.40_63.20,5,80.0
34.40000000000002,63.59999999999993,6.605087472627759,9.50772389656004,29.38100000000003,-25.55258999999998,7.2940510082971715,4.712649483602125,27.749136,0.0032323827,19.282468679770712,18.546975184133412,192.51756,0.0033966057,1.1405109489051095,3,0.037783408098932485,0.036590751866681925,34.40_63.60,3,38.0
34.40000000000002,64.0,5.170458357664257,9.420953723948431,28.399560000000008,-28.31723999999997,6.872197212498997,4.64561380688632,28.160661,0.0009728569,19.13162165836177,19.156143101766475,211.70129,0.0011228689,1.1313868613138687,3,0.03546008035511861,0.035252280544250614,34.40_64.00,3,38.0
34.80000000000002,44.0,20.233022910583966,10.313152848075001,47.16348000000005,-0.700779999999952,40.46156473841241,26.95336751753212,246.41263999999998,2.1013817,192.288672907573,199.7966381941669,1656.6619,5.1081352,2.997262773722628,6,0.2087000965361314,0.19967304225107188,34.80_44.00,6,99.5
34.80000000000002,44.4,20.221521587591262,10.293090929473767,47.31290000000001,-0.9696999999999889,37.751654452527376,23.91541234148596,181.35289,0.61039307,193.89318373029195,183.58548955795067,1200.8711,3.914992,3.019160583941606,6,0.1976704366722354,0.1845934390776876,34.80_44.40,6,99.5
34.80000000000002,44.8,19.510402755474473,10.3043818108576,46.841200000000015,-1.9950999999999794,34.27017069073905,22.841336823874702,167.39,0.41827655,187.85320421998176,181.80723028541368,1158.9924,2.3555110000000004,2.927007299270073,6,0.18603187477937955,0.1730827791215463,34.80_44.80,6,97.5
34.80000000000002,45.2,18.36097974452557,10.435769365102509,46.13906000000003,-3.4853299999999763,27.480991277445256,19.058832430914308,168.86757,0.22834848,127.24718292576644,123.8254618634559,1114.8113,0.27599004,2.394160583941606,6,0.16859168093339416,0.16263718679744033,34.80_45.20,6,97.5
34.80000000000002,45.6,16.887971021897833,10.491578535877036,44.49453,-5.539499999999975,24.09919253040146,17.692857750231184,173.14595,0.17669201999999998,108.20254124206205,114.85050269013739,1285.226,0.2055042,2.1505474452554743,6,0.14775892054224452,0.14724292565226868,34.80_45.60,6,97.5
34.80000000000002,45.99999999999999,13.421222472627761,10.409059058601215,40.81582000000003,-13.693799999999953,19.450344806934304,15.505403845472275,163.19420000000002,0.045220830000000004,88.24272020997718,105.5313397453822,1346.4116000000001,0.045129,1.9014598540145986,6,0.10982746839462591,0.11703253085968006,34.80_46.00,6,97.5
34.80000000000002,46.39999999999999,9.939466021897832,10.6723220826314,37.906150000000025,-23.70355999999998,16.053603734925183,13.062796385984981,142.27355,0.022202337,67.53156556725548,85.20658780812857,1223.8016,0.022355866999999998,1.7180656934306568,6,0.08230909753435219,0.09435735088763071,34.80_46.40,6,97.5
34.80000000000002,46.79999999999999,9.551991012773746,10.711069316788917,38.45645000000002,-21.768009999999975,15.010523452092155,11.46852031947606,119.57594,0.037411428000000004,56.26577492063869,70.351474847962,1031.9729,0.03758874,1.6432481751824817,6,0.07189483381604014,0.08586079548964505,34.80_46.80,6,97.5
34.80000000000002,47.19999999999999,9.31975000912411,10.629060410203632,37.923,-20.255319999999983,13.11289780993613,10.278688381055918,106.2927,0.0856583,49.19682775989051,62.191908391630086,907.0606,0.12996024,1.522810218978102,6,0.06425009293834855,0.0780114432460205,34.80_47.20,6,97.5
34.80000000000002,47.59999999999999,9.259308056569365,10.507251604676494,37.777000000000044,-18.420359999999988,12.390321937636863,9.07548395112398,82.71307,0.20502515,43.77331938037408,49.99998507419013,640.3048,0.22209075,1.4872262773722629,6,0.06114763241441606,0.07278896563076524,34.80_47.60,6,97.5
34.80000000000002,47.99999999999999,9.613345602189803,10.289120773690025,37.777980000000014,-16.511149999999986,12.606793907919707,8.22913327207648,65.99234,0.21393927,41.19535861031022,41.70451214414246,441.51594,0.21409515999999998,1.5036496350364963,6,0.058881924015875914,0.06761516626990892,34.80_48.00,6,97.5
34.80000000000002,48.399999999999984,9.125231532846737,10.303016227613028,37.726950000000045,-18.965799999999973,12.181634798786497,7.619153247994899,55.58162,0.13488428,37.960138277572995,36.0072320844763,309.00847,0.13519649,1.467153284671533,4,0.05539441077560219,0.06141616138132098,34.80_48.40,4,58.0
34.80000000000002,48.79999999999998,10.09453095802922,10.485545930178235,38.43398000000002,-17.734349999999978,11.707150307892336,7.061757547160083,48.036995,0.12792133,33.53121601937956,29.382659943160597,241.6034,0.14890614,1.437043795620438,3,0.05719590757578467,0.06060731808653683,34.80_48.80,3,38.0
34.80000000000002,49.19999999999998,11.12009801094893,10.499375568176088,38.768700000000024,-16.16404,11.661672583143249,6.842957151393779,46.030824,0.0594245,33.44423165057482,28.673621339178865,250.59109,0.05943194,1.4197080291970803,3,0.05915374239673357,0.06220763351336178,34.80_49.20,3,38.0
34.80000000000002,49.59999999999998,10.47306027372265,10.149672785438677,36.62270000000001,-15.947239999999965,11.733509478695256,7.179028560136602,45.577636000000005,0.18651232,34.19773216872263,30.018411395144934,250.36712000000003,0.23455879999999998,1.4324817518248176,3,0.05622546133410584,0.059845132154400925,34.80_49.60,3,38.0
34.80000000000002,49.99999999999998,10.987242928832138,10.006995216928729,35.67935,-14.184550000000002,12.163944922737226,7.396701086888975,46.419828,0.13218422000000002,34.38169706388686,28.582033392066393,223.60568,0.27116595,1.4333941605839415,3,0.05808602454343978,0.05937653989901667,34.80_50.00,3,38.0
34.80000000000002,50.39999999999998,14.634318430656958,10.127596666971753,38.56802000000005,-7.677699999999959,14.822024307928832,7.750723721373338,46.24754,0.14113706,35.072317965656936,25.209063926404465,178.3266,0.25297606,1.602189781021898,3,0.06624920314248176,0.06334929620156403,34.80_50.40,3,38.0
34.80000000000002,50.799999999999976,16.67024959854017,10.179474913807761,40.65908000000002,-4.409580000000005,16.39709710711679,8.28085802223681,45.304283,0.81584,35.87796036998175,23.80698811871667,202.9004,1.2632363,1.6596715328467153,3,0.0703555958759124,0.06533078576624621,34.80_50.80,3,38.0
34.80000000000002,51.19999999999997,17.252902700729948,10.240120089854281,41.47770000000003,-3.77383999999995,16.553789707755474,7.913237824793373,47.186640000000004,0.5252325,41.5509801717427,31.47253533065315,224.37242999999998,0.60817273,1.6925182481751824,3,0.07500864790406934,0.06666112677603833,34.80_51.20,3,38.0
34.80000000000002,51.59999999999997,17.012207956204403,10.6664665801073,42.01920000000001,-4.099040000000002,17.385833553284673,8.705794739663528,46.025153,0.13345344,40.34368555974453,26.558809093545296,196.05564999999999,0.19290897999999998,1.7208029197080292,3,0.07479192633694343,0.0651010246527953,34.80_51.60,3,38.0
34.80000000000002,51.99999999999997,16.883388430656957,10.552622516353981,41.275540000000035,-4.900729999999953,15.49184622243613,7.779368982599436,48.798767999999995,0.15911113999999998,36.98105790250912,25.230282811871742,208.09378,0.16960318,1.6432481751824817,3,0.07308377345560219,0.06370971820335765,34.80_52.00,3,38.0
34.80000000000002,52.39999999999997,17.035063001824838,10.317326332511518,41.12856000000005,-5.061499999999967,12.980791234151459,6.792548094620335,43.871417,0.22728061,34.65149520685219,26.263049645570327,252.98485,0.22775399999999998,1.5045620437956204,3,0.07157881490580292,0.06292612813401788,34.80_52.40,3,38.0
34.80000000000002,52.79999999999997,16.951198293795642,10.250699113713344,41.058250000000044,-5.5487999999999715,12.754361369333942,6.773841503538303,39.760614,0.18160692,34.27508087336679,26.02801127593979,243.2678,0.1819382,1.4781021897810218,3,0.06959501725414234,0.06081313564462883,34.80_52.80,3,38.0
34.80000000000002,53.19999999999997,17.237761760948928,10.227081278036298,41.20180000000005,-5.193330000000003,12.626239346067518,6.863963137696371,38.295504,0.08370124,32.787061799978105,25.253463665206045,231.96893,0.090192916,1.4908759124087592,3,0.06876725856414234,0.059677158062733604,34.80_53.20,3,38.0
34.80000000000002,53.599999999999966,17.407448923357688,10.317013098608136,41.138329999999996,-6.002399999999966,13.322001270536497,7.099785561944317,41.15305,0.046006948,33.46153565728102,25.419607581118665,229.65290000000002,0.06529549999999999,1.5264598540145986,3,0.06880068064206205,0.059455486355240825,34.80_53.60,3,38.0
34.80000000000002,53.999999999999964,17.751509525547466,10.334109204941813,41.10635000000002,-5.632270000000005,12.487103930333943,7.0555982373113,56.117933,0.019304752,34.17971171426277,29.46758782126188,239.98007,0.030450482,1.477189781021898,4,0.07022995961888685,0.06054582905541006,34.80_54.00,4,58.0
34.80000000000002,54.39999999999996,18.048602217153306,10.328247620703586,41.04678000000001,-4.570749999999975,14.07778268604927,8.01726393340982,80.54722000000001,0.032791129999999995,42.268900607551096,39.91915291845869,342.6362,0.040341195999999996,1.5711678832116789,4,0.07337799584069343,0.0634689152361517,34.80_54.40,4,58.0
34.80000000000002,54.79999999999996,18.194973312043818,10.346972656388473,41.10830000000004,-4.025239999999997,16.524999664838504,10.954509254505314,93.24656,0.037759403,65.78144992127555,77.20089252941135,494.902,0.037963178,1.7636861313868613,6,0.08036906879881388,0.0713841534415204,34.80_54.80,6,97.5
34.80000000000002,55.19999999999996,18.135634233576663,10.503503813026443,41.19814000000002,-4.4153799999999706,22.574418981706206,19.613078880072955,125.02037999999999,0.1611243,105.69256321167884,148.23027313440866,894.8838400000001,0.16093762,2.1633211678832116,6,0.09029623264388685,0.08413620689791344,34.80_55.20,6,97.5
34.80000000000002,55.59999999999996,18.187693585766446,10.586672331707089,41.149320000000046,-3.7298299999999927,27.9461001520073,25.462878625802837,159.25009,0.82033,123.86197218193429,174.88074174814446,1067.1853999999998,1.1747968,2.3257299270072993,6,0.09719107770118612,0.09333685032832018,34.80_55.60,6,97.5
34.80000000000002,55.99999999999996,18.263647874087614,10.609622178543685,41.04310000000004,-3.589149999999961,35.520752744981756,37.5222939409106,272.76667000000003,0.8434775,172.05461349370438,270.4808056252459,1948.4332,2.8668883000000003,2.625912408759124,6,0.10438932150282847,0.10325447161560666,34.80_56.00,6,99.5
34.80000000000002,56.39999999999996,18.41349614963506,10.58385401079807,41.358540000000005,-3.403699999999958,32.032462102910586,36.57911457060256,275.6604,0.13181209000000002,179.49288983239052,288.17559440818985,2111.5839,0.9760976,2.5684306569343067,6,0.1000038051532208,0.09486681037127165,34.80_56.40,6,97.5
34.80000000000002,56.79999999999996,17.953219315693456,10.429308723443379,41.89175,-4.175149999999974,14.560255367552463,9.96402093333811,69.039096,0.0062165555,55.11986582266177,63.70373009101474,484.61969999999997,0.0062351873,1.6386861313868613,6,0.07710580435006387,0.07294106134896555,34.80_56.80,6,97.5
34.80000000000002,57.19999999999995,16.833846085766446,10.192750298398467,40.854150000000004,-5.766939999999977,18.029061225668524,14.715740323727628,112.74183,0.0007666926999999999,78.59973502413949,104.95692884379758,761.1143400000001,0.00060768887,1.8905109489051095,6,0.07825058777856751,0.07378775949098619,34.80_57.20,6,97.5
34.80000000000002,57.59999999999995,16.68189114963506,10.189896263945565,40.65933000000001,-5.819199999999967,23.178905079963503,21.490715164714203,199.09746,0.08161935,119.33809156797811,187.02497549927915,1617.9171,0.082177994,2.250912408759124,6,0.07915041539254562,0.07306133163040955,34.80_57.60,6,97.5
34.80000000000002,57.99999999999995,16.635536195255497,10.094148213684898,40.53920000000005,-6.07992999999999,16.186240729233578,10.669432618224343,101.17766,0.29700986,66.34776581456204,90.32014720623523,835.5399,0.32590202999999995,1.7992700729927007,6,0.06778979827536495,0.06169190144538165,34.80_58.00,6,97.5
34.80000000000002,58.39999999999995,16.072756478102214,9.929497490271231,39.96890000000002,-6.209799999999973,12.073190708958029,6.266266903422029,65.23273999999999,0.011547415,38.651714101084856,36.96065473911698,486.14487,0.011701884,1.479014598540146,6,0.06372845517851278,0.05665174002942879,34.80_58.40,6,97.5
34.80000000000002,58.79999999999995,15.834649689781045,10.08043506322794,39.95180000000005,-6.055999999999983,12.949700650790147,7.907651959437467,84.96252,0.011632680000000001,50.248805838495436,63.67043216577121,678.8062,0.011701884,1.582116788321168,6,0.06374780503663321,0.05650597583507285,34.80_58.80,6,97.5
34.80000000000002,59.199999999999946,15.366231231751847,10.133092513176717,40.059230000000014,-6.630219999999952,10.015621016740877,6.144292501358613,62.864416,0.008932618,25.507615210383214,28.049252205906694,426.96993,0.008973400000000001,1.3083941605839415,6,0.05628831853529197,0.0527382132004125,34.80_59.20,6,97.5
34.80000000000002,59.599999999999945,14.547912983576666,9.773445504005204,38.53530000000001,-6.832369999999969,9.889449949152372,6.004896171433609,56.05003,0.023939281,25.89432110081113,25.968709330458044,355.41078,0.023752689,1.3001824817518248,5,0.05415553669666059,0.05017483488397063,34.80_59.60,5,80.0
34.80000000000002,59.99999999999994,12.749865565693455,9.280440900023283,35.20327000000003,-10.680999999999983,9.710786299087593,5.675140843853817,50.557226,0.27990282,25.63002031854927,23.778980665742676,299.71238,0.41122344000000005,1.2919708029197081,4,0.04951535945088503,0.04486860028715095,34.80_60.00,4,58.0
34.80000000000002,60.39999999999994,12.707889689781044,9.31805861624677,34.699850000000026,-13.766939999999977,9.459114256566606,5.446514074286857,44.56188,0.019466657000000002,24.723868202685217,22.18104959503451,250.1256,0.039600333,1.2782846715328466,3,0.05009679430752737,0.04335762764360488,34.80_60.40,3,38.0
34.80000000000002,60.79999999999994,14.475626240875936,9.71094002770699,37.67544000000004,-11.528660000000002,9.576150221044708,5.623366996082845,37.99173,0.049567468,22.477508158599452,20.031981086192335,212.44708,0.05378795,1.2773722627737227,3,0.05388234412883212,0.04503447624774065,34.80_60.80,3,38.0
34.80000000000002,61.19999999999994,14.95560217153287,9.714658857424569,38.14517000000001,-9.225930000000005,8.923062787300639,5.721804648122157,39.552592,0.0038631390000000002,20.53745474043157,18.105971540772156,214.22116,0.009700695,1.2381386861313868,3,0.053328308097217156,0.046013753855396515,34.80_61.20,3,38.0
34.80000000000002,61.59999999999994,13.811127746350387,9.35924166850834,35.231600000000014,-9.817719999999952,8.427010184857664,5.523656741646831,38.815635,0.002783114,18.8199200072375,16.006824337720822,174.31958,0.0028794848,1.1952554744525548,3,0.05002442775127737,0.04534654147430055,34.80_61.60,3,38.0
34.80000000000002,61.999999999999936,12.969211788321191,9.1363311651761,34.26797000000005,-12.097999999999956,8.249382920748449,5.478149563342859,38.762288,0.0070605812999999995,18.408785568028286,15.304015766887566,149.64175,0.011695745,1.1952554744525548,3,0.04856858722363139,0.04480512136922594,34.80_62.00,3,38.0
34.80000000000002,62.399999999999935,12.227245072992723,8.928430630390318,33.07266000000004,-15.431979999999953,7.848528091413231,5.208961998953403,35.661884,0.0070320585,17.76158870264106,14.770858603767792,118.510435,0.0070860596,1.1797445255474452,3,0.04676765393527372,0.04265184115305823,34.80_62.40,3,38.0
34.80000000000002,62.79999999999993,10.807894489051117,8.886065758912368,31.50063,-19.032549999999986,7.885040025241788,5.022098737007694,38.92809,0.023579305000000002,18.454627461004563,17.212649962171884,278.29107999999997,0.023556900999999998,1.1733576642335766,4,0.04484105535666058,0.040106541181420936,34.80_62.80,4,58.0
34.80000000000002,63.19999999999993,9.72269611313871,8.904395900141717,30.672020000000032,-20.001799999999974,7.582418767081204,4.870261354899119,44.564795999999994,0.018790247,17.990341004729924,18.384730372206402,340.71970000000005,0.018782054,1.156021897810219,4,0.04335480935040146,0.03951356595621324,34.80_63.20,4,58.0
34.80000000000002,63.59999999999993,8.372288777372285,9.085357767605087,30.116360000000043,-21.76449999999997,7.108126315334854,4.673346431513228,30.878606,0.004309387,17.755812283273265,17.586476100629806,234.89774,0.0044575125,1.1368613138686132,3,0.04131697413345803,0.03872110932367057,34.80_63.60,3,38.0
34.80000000000002,64.0,6.814988731751847,9.32114711285278,29.46890000000002,-25.328959999999967,6.8508438446458575,4.594464275536582,29.890803,0.00025218786,18.16808629300888,18.801947627522843,272.7625,0.00070584673,1.1304744525547445,4,0.03880921780595803,0.03791748743219237,34.80_64.00,4,58.0
35.20000000000002,44.0,19.543930456204404,10.355250078005733,46.939840000000004,-1.7724399999999605,42.21613482490876,24.948881854541607,193.66671,2.3666558,183.19016638248175,175.4391120287072,1237.7259999999999,5.1312137,3.073905109489051,6,0.18729512357016423,0.18577750023612782,35.20_44.00,6,99.5
35.20000000000002,44.4,19.1734114872263,10.319420130067448,46.71230000000003,-2.9804399999999873,39.39048363029197,22.88365066011472,190.35204,1.5186372,177.23814984169707,163.51756562397554,1238.6589000000001,5.6848535,2.9863138686131387,6,0.1753649434044708,0.17201164752469894,35.20_44.40,6,99.5
35.20000000000002,44.8,17.635182956204403,10.307883442258143,45.30117000000001,-4.526340000000005,31.43939138111314,19.799066171326032,169.06289999999998,0.6596479000000001,144.72001621970801,141.843333726294,1199.1607999999999,1.9925845,2.5903284671532845,6,0.15358481763469892,0.1531579322203092,35.20_44.80,6,97.5
35.20000000000002,45.2,16.185994452554766,10.464408610309617,44.17130000000003,-5.949649999999963,25.140968235191608,17.173136212098274,156.61847,0.09496539,103.45361448639142,114.64908692716497,1162.7096,0.09511428499999999,2.1861313868613137,6,0.13570260427664235,0.1417773793111353,35.20_45.20,6,97.5
35.20000000000002,45.6,15.64032512773725,10.652118228790279,44.017480000000035,-8.131299999999953,23.65955226317062,15.465993091947455,154.97118,0.100209195,92.56942992600365,97.22144708003334,1193.5437,0.10034388,2.072080291970803,6,0.1288252339664781,0.13588452331521517,35.20_45.60,6,97.5
35.20000000000002,45.99999999999999,13.292492454379586,10.727201275486541,42.14004,-15.36469999999997,19.80181871586679,14.194964976658412,151.13602,0.13428683,76.88347874250911,91.90484206717682,1310.2986999999998,0.14860488,1.8822992700729928,6,0.10366005022695256,0.11502515976532228,35.20_46.00,6,97.5
35.20000000000002,46.39999999999999,9.312331687956226,10.792734499892239,38.466200000000015,-23.04586999999998,15.408500774498174,12.29379912515031,138.08197,0.08874448,59.74688419150547,79.0247795436244,1248.5277,0.09512735,1.6669708029197081,6,0.07504726424671532,0.08776713050409655,35.20_46.40,6,97.5
35.20000000000002,46.79999999999999,7.750563576642358,10.823020215807176,37.26406000000003,-22.719179999999966,13.359084195547446,10.837188638615977,120.42817999999998,0.10229723,47.86016743178833,65.71144204962502,1060.7843,0.1219162,1.5492700729927007,6,0.06184875685675182,0.07559975991240392,35.20_46.80,6,97.5
35.20000000000002,47.19999999999999,8.729736760948928,10.70768301096259,37.76675,-20.90301999999997,13.033477065346716,10.350694774818049,107.68413,0.12100018,44.52684681464416,58.95598937528682,874.23774,0.12100670000000001,1.531021897810219,6,0.0592968896817792,0.07379732652403923,35.20_47.20,6,97.5
35.20000000000002,47.59999999999999,9.020469680656955,10.480043969277757,37.63980000000004,-19.230169999999987,11.757673284343065,9.355675209149945,96.921426,0.1262327,40.36573212597628,51.025975796017036,628.6092600000001,0.12637513,1.4562043795620438,6,0.05700769501558394,0.07021444016687126,35.20_47.60,6,97.5
35.20000000000002,47.99999999999999,9.164165428832138,10.265754401805854,37.630269999999996,-16.666449999999998,11.16663206784398,7.9478991701958,70.503674,0.022848736999999997,37.62122063252737,40.51213403207126,451.16317,0.02292011,1.4032846715328466,6,0.05588978003695255,0.06711679700787725,35.20_48.00,6,97.5
35.20000000000002,48.399999999999984,9.466472189781046,10.406766227671639,38.34512000000001,-17.663519999999977,11.32211435834854,7.715404680410619,58.573757,0.12842118,35.76759199525547,36.143406234245916,318.84878,0.13024049,1.4014598540145986,4,0.055802317668074815,0.06347548126698677,35.20_48.40,4,58.0
35.20000000000002,48.79999999999998,10.067521824817542,10.514404393304668,38.1078,-17.599579999999975,10.826983579060219,6.6902783325054,48.631190000000004,0.10005348,32.95924755664233,30.845736675629148,230.44987999999998,0.10450105,1.3594890510948905,3,0.056431305069452556,0.06096637989702693,35.20_48.80,3,38.0
35.20000000000002,49.19999999999998,9.801830775547469,10.34101088749847,37.219870000000014,-18.70602999999997,10.583825688129561,6.457083676604002,43.599275,0.1727992,32.197132292956205,29.821968272922234,251.46772,0.25352556000000004,1.3613138686131387,3,0.05475229928566606,0.05871119193506825,35.20_49.20,3,38.0
35.20000000000002,49.59999999999998,9.057563439781044,9.958348988013608,35.121730000000014,-16.14839999999998,10.487748652819343,6.632738496020681,42.14978,0.26252933,31.816055317636863,29.12158293465027,224.51675,0.26901591999999996,1.3476277372262773,3,0.051864479139607664,0.05611851531934594,35.20_49.60,3,38.0
35.20000000000002,49.99999999999998,10.572945255474476,9.821964889906623,34.79214000000002,-11.949199999999962,10.680241737406934,6.764486962948616,46.882334,0.017517108,31.344659541214416,28.17818409451468,282.66825,0.017455941,1.3567518248175183,4,0.05520153566142336,0.056792024009464585,35.20_50.00,4,58.0
35.20000000000002,50.39999999999998,13.79064731751827,9.990249680376962,37.873680000000036,-6.755830000000003,13.32234150328467,7.721685079805514,53.92143,0.17210251,32.2044097869708,25.79434109832429,195.06640000000002,0.27859462,1.5036496350364963,3,0.0619665778805292,0.05988262091959586,35.20_50.40,3,38.0
35.20000000000002,50.799999999999976,15.418055656934328,10.166236798865457,39.55850000000004,-5.549779999999998,16.866013863777372,10.311873678008705,51.289724,0.33701644000000003,35.709156286861315,25.204164524018065,218.49425,0.4909616,1.6624087591240877,3,0.06492749318790146,0.06169753538321386,35.20_50.80,3,38.0
35.20000000000002,51.19999999999997,16.369395447080315,10.223158228762083,40.50503000000003,-4.399849999999958,19.556651428467152,11.679775061493977,55.255658,0.9540428,38.85650208403285,25.319888496125024,232.01659,0.9931164000000001,1.791058394160584,3,0.06881437348282847,0.06383137505678128,35.20_51.20,3,38.0
35.20000000000002,51.59999999999997,16.42676527372265,10.377315279944721,40.85952000000003,-6.706999999999994,16.57890369662409,7.953262129505248,44.867967,1.0519698,34.961251266970805,24.72407177651304,221.86583,1.4362985,1.6824817518248176,3,0.0698951298768522,0.06394040926639323,35.20_51.60,3,38.0
35.20000000000002,51.99999999999997,16.086549717153307,10.069529070019808,40.03774000000004,-6.375949999999989,13.70736872180657,6.583139740643249,40.87079,0.9940667000000001,32.41642902189781,24.927792032114073,216.48833000000002,1.0155435000000002,1.5593065693430657,3,0.06751659498949818,0.06176456467111903,35.20_52.00,3,38.0
35.20000000000002,52.39999999999997,15.621829881386883,9.837935991979935,39.16470000000004,-5.366199999999992,12.85248211881387,6.499509480439848,40.226530000000004,0.35980308,35.72035486605839,29.00503320297921,211.7745,0.3695515,1.5218978102189782,3,0.06414177346864963,0.05834280252714216,35.20_52.40,3,38.0
35.20000000000002,52.79999999999997,15.380080264598563,9.914776801684567,38.74624,-6.221659999999986,12.27846401899635,6.336305475559624,39.914717,0.38004555,34.51738229264598,28.126180619364334,232.48074000000003,0.72333584,1.4981751824817517,3,0.06259109727412408,0.05614985452452724,35.20_52.80,3,38.0
35.20000000000002,53.19999999999997,15.950323613138707,10.157558562423295,39.21940000000001,-6.453099999999949,11.981224707837592,6.188778735482699,39.936659999999996,0.19358346999999998,29.845068009835767,23.65118973586764,243.49472,0.29147206999999997,1.4607664233576643,3,0.06246749341724452,0.05521083470974285,35.20_53.20,3,38.0
35.20000000000002,53.599999999999966,16.151838266423383,10.086406949769142,39.06997000000001,-6.289999999999964,11.36213469240511,6.211958083658259,38.770317,0.053492866,28.48370430864416,23.24200283632411,239.57319999999999,0.0536392,1.4133211678832116,3,0.06131649512764598,0.05384190871450104,35.20_53.60,3,38.0
35.20000000000002,53.999999999999964,15.583325255474476,9.8291808081719,38.14834000000002,-6.3549299999999675,11.12507643197062,6.427525209138593,40.77133,0.0029022250999999996,28.7615588006479,23.9569192415014,222.97652,0.0027074961000000002,1.3886861313868613,3,0.05828767135684306,0.051467574871115175,35.20_54.00,3,38.0
35.20000000000002,54.39999999999996,15.813357427007324,9.784501396303607,37.856840000000034,-5.414499999999975,11.518848088651003,6.688021305417677,56.531510000000004,0.0049508765,32.075723114613595,27.57394311766862,272.39489000000003,0.0049160645,1.427919708029197,4,0.059549741355383205,0.05147767498916818,35.20_54.40,4,58.0
35.20000000000002,54.79999999999996,16.984042189781047,9.994791122290096,39.3732,-4.6019000000000005,11.593752792210584,7.152366642581033,61.717364999999994,0.0034587368,32.65280377885648,30.47184110085149,287.19296,0.0035518227,1.427007299270073,4,0.06294732286724453,0.05396227253337417,35.20_54.80,4,58.0
35.20000000000002,55.19999999999996,17.54343258211681,10.24021140336385,40.18520000000001,-4.6848999999999705,16.55274770659854,9.615941488152838,63.693239999999996,0.026946992,59.37258421495255,62.38912383831424,383.36825,0.026922791999999997,1.7591240875912408,5,0.07175953200145985,0.060259078185678334,35.20_55.20,5,80.0
35.20000000000002,55.59999999999996,17.929209005474476,10.387456834859405,40.75576000000001,-4.0130399999999895,29.057807150483576,20.191557206184587,124.08351,0.42333037,110.61875672664235,146.02721268367537,932.85985,0.4812154,2.4251824817518246,6,0.08139866382874088,0.07178408196835906,35.20_55.60,6,97.5
35.20000000000002,55.99999999999996,18.01882717153287,10.411332524763312,40.6542,-3.458379999999977,42.84905289826642,41.50845129576394,329.23,1.8203136,210.04234276158758,346.6068535769962,2648.5507,4.6465,2.9653284671532845,6,0.094777409397354,0.08730319818843715,35.20_56.00,6,99.5
35.20000000000002,56.39999999999996,17.670145875912432,10.264538244284683,40.05435,-3.9974399999999832,36.621249662344894,45.65585940123897,375.59764,0.47979160000000004,223.3547844455292,396.8326241028562,3132.0212,0.6113415000000001,2.701642335766423,6,0.09531804322062044,0.08983588170559215,35.20_56.40,6,99.5
35.20000000000002,56.79999999999996,16.844178658759144,10.022083446006523,39.21792000000005,-4.7327999999999975,13.415825065615877,8.709733559421604,63.073840000000004,0.033647585,53.197573800326644,59.574966749519895,489.2736,0.033571384999999995,1.5857664233576643,6,0.07131471486743612,0.06871282631125279,35.20_56.80,6,97.5
35.20000000000002,57.19999999999995,15.67891175182484,10.026788942263693,39.508939999999996,-7.486670000000004,12.700584901763476,8.123192161732371,49.77882,0.00036878877,45.43730059333297,49.23446546227435,342.76606999999996,0.00020978493,1.5091240875912408,4,0.06718852045481752,0.06447628259626603,35.20_57.20,4,58.0
35.20000000000002,57.59999999999995,15.454167609489074,10.002378446791752,39.6515,-8.419299999999964,13.672693902116789,8.28297625978198,73.35517,0.10617570999999999,52.13057452782299,60.93556628027961,597.39756,0.106620664,1.6158759124087592,6,0.06511329500062957,0.06174452067502274,35.20_57.60,6,97.5
35.20000000000002,57.99999999999995,15.33708265510951,9.80275109429775,39.47524000000004,-5.918299999999988,13.195450726624088,7.459810293744429,78.898466,0.34563363,46.510244905282846,54.01771637657928,626.8613,0.38162418,1.5830291970802919,6,0.06082324877217154,0.05734127476528749,35.20_58.00,6,97.5
35.20000000000002,58.39999999999995,14.507604416058419,9.681129912767924,38.771630000000016,-5.132669999999962,11.132946526332118,5.8633982089901995,64.852316,0.29650035,31.973623700127735,31.414543016270414,468.25804000000005,0.29755276,1.3822992700729928,6,0.054970278348111315,0.051646483951311134,35.20_58.40,6,97.5
35.20000000000002,58.79999999999995,13.293349598540168,9.608872987674838,37.3107,-6.967139999999972,10.570793279638686,5.9151485898401885,66.06041,0.040111234,33.1923454409781,32.21454258097763,474.1543,0.040123592,1.3585766423357664,6,0.05274028944865876,0.04882618554115119,35.20_58.80,6,97.5
35.20000000000002,59.199999999999946,12.863878704379585,9.65471912144043,36.39028000000002,-10.13412999999997,9.668000028583942,5.832167175376248,58.06418,0.015071708,24.405430479370438,24.284920530513705,376.69102000000004,0.01511249,1.2956204379562044,5,0.0486160781919708,0.046362643771481624,35.20_59.20,5,80.0
35.20000000000002,59.599999999999945,11.6485616332117,9.485715195257574,34.11587000000003,-12.343099999999993,9.43578586576095,5.760282474328163,55.378713,0.013508513,24.668314941459855,23.995700648830816,343.73443,0.013520873999999999,1.270985401459854,4,0.046084416414425185,0.043858516472058,35.20_59.60,4,58.0
35.20000000000002,59.99999999999994,10.109380675182503,9.185013347605457,31.706700000000012,-14.888999999999953,9.535606914543795,5.835794018309019,48.775212999999994,0.06336399000000001,26.390650365218978,24.495483862245393,286.2431,0.25294536,1.2819343065693432,4,0.04408221161607664,0.04104107205672018,35.20_60.00,4,58.0
35.20000000000002,60.39999999999994,11.514169671532867,9.350568732352306,33.40078,-15.297219999999982,10.22433605978522,5.876023813546807,40.804913,0.009675378600000001,26.540847897358578,23.06088991342304,226.47102,0.009700695,1.3348540145985401,3,0.04742316947609489,0.041790731674015404,35.20_60.40,3,38.0
35.20000000000002,60.79999999999994,13.421180091240899,9.698567340126397,35.94350000000003,-12.472019999999986,10.223072911313595,5.83608294851615,41.372150000000005,0.0072169007,25.238996995240875,23.150324194087453,251.78737999999998,0.0217515,1.3248175182481752,3,0.052377554227828464,0.04418251275605163,35.20_60.80,3,38.0
35.20000000000002,61.19999999999994,14.241563731751848,9.65133352084816,36.96840000000003,-10.109719999999982,9.812976909682117,5.986390206679987,39.7091,0.0029252225999999997,24.25700252951159,21.070471304793486,226.42347,0.0029931717,1.2956204379562044,3,0.05267469701979927,0.04450714511637124,35.20_61.20,3,38.0
35.20000000000002,61.59999999999994,14.512063996350388,9.470334518257552,36.652000000000044,-10.771829999999966,9.153611660776551,6.182974146773724,41.676575,0.002453131,20.807617261682847,18.277286470298023,182.44921,0.0025998995,1.2563868613138687,3,0.051338159339206206,0.045906279621065874,35.20_61.60,3,38.0
35.20000000000002,61.999999999999936,14.467286003649658,9.424495097473864,36.64492000000001,-13.516939999999977,9.05348905467728,6.121489923989372,42.05666,0.0036357653,20.112980606908668,16.913476937729204,176.14852,0.0035616058999999997,1.239963503649635,3,0.051391575645346715,0.04621984303690013,35.20_62.00,3,38.0
35.20000000000002,62.399999999999935,14.664194233576664,9.741911746346492,37.18130000000002,-16.150729999999953,8.901692225985402,6.308477128208872,39.498296,0.018852458,19.71715460745073,17.008544053067045,153.20192,0.018970803999999997,1.2344890510948905,3,0.05211785994245438,0.04472022914150284,35.20_62.40,3,38.0
35.20000000000002,62.79999999999993,14.066300574817541,9.807210039343909,36.78090000000003,-18.03840999999997,8.695319308551095,5.927923940633641,35.274176,0.022930973,19.10308505486679,15.998585442800568,141.69773,0.022949842999999998,1.2153284671532847,2,0.05144479666916058,0.043280975026047,35.20_62.80,2,20.5
35.20000000000002,63.19999999999993,13.255005072992725,9.719803897359915,35.77017000000001,-19.599939999999975,8.30530156620073,5.59118413769303,32.516738000000004,0.049021606,18.93297701171898,17.389748648466217,201.88308,0.048756214,1.207116788321168,3,0.050035755197536495,0.04453283439839924,35.20_63.20,3,38.0
35.20000000000002,63.59999999999993,11.394282071167906,9.632417625183411,34.183250000000044,-20.79133999999999,7.666201988143249,4.957817951467616,29.870368,0.022833235,18.74312819222354,16.976272274041648,187.91359,0.022988467,1.1715328467153285,3,0.046609547283968975,0.04271730239513052,35.20_63.60,3,38.0
35.20000000000002,64.0,8.264991642335788,9.500948425812636,30.94888000000003,-25.14242999999999,7.175639276376031,4.787008904398369,40.76222,0.00025044843,19.03802512629578,18.21323688054534,189.38684,0.00021247587,1.145985401459854,3,0.041327322511633215,0.03933844374266403,35.20_64.00,3,38.0
35.600000000000016,44.0,18.70320721715331,10.362663075612867,46.397850000000005,-2.788059999999973,43.77503826669708,25.68450149609669,179.94894000000002,1.0351129000000001,149.28774292755475,155.7983521812115,1104.9117,1.6763845,2.948905109489051,6,0.1618640469142701,0.17486259375275065,35.60_44.00,6,97.5
35.600000000000016,44.4,17.665376094890533,10.423581273953666,45.66640000000001,-4.3700999999999794,32.11793777335766,20.98000336859819,187.28974,0.47818950000000005,126.53266248832117,145.00314315443444,1333.5771,1.1195462999999999,2.4981751824817517,6,0.14806349008946168,0.1594381674717086,35.60_44.40,6,97.5
35.600000000000016,44.8,16.15766576642338,10.413998858832539,44.17422000000005,-6.373479999999972,24.968050947171534,18.087988665022635,159.31750000000002,0.20899330000000002,102.33718620162408,128.2160442318085,1239.5857999999998,0.20914218,2.1633211678832116,6,0.12978511108806567,0.14242897693617904,35.60_44.80,6,97.5
35.600000000000016,45.2,14.1272639872263,10.603083974862448,42.094629999999995,-12.844179999999994,23.04882880214416,15.81597504356369,148.88009,0.8229448,87.60752868877738,102.23249566979817,1156.3648,0.8230511,2.0547445255474455,6,0.11204166620618614,0.12385081916877012,35.60_45.20,6,97.5
35.600000000000016,45.6,12.753358403284695,10.783902807490733,41.661040000000014,-18.053169999999966,20.561662819224452,14.373107201988573,144.55442,0.5150464,75.20751170166972,87.55381210904616,1177.0767,0.601285,1.905109489051095,6,0.10024049075620438,0.11276313162621643,35.60_45.60,6,97.5
35.600000000000016,45.99999999999999,11.089837308394182,10.581326238772728,40.29336000000001,-20.008249999999975,16.896217146560222,12.887526521408013,136.50934,0.23610152999999998,65.27259649375,82.80933770600487,1176.6027,0.23762167,1.739051094890511,6,0.08543519713067518,0.09889612218979066,35.60_46.00,6,97.5
35.600000000000016,46.39999999999999,8.125679990875936,10.481325733387312,37.547270000000026,-22.77777999999998,13.356224089,11.152184065406566,119.80265,0.069294764,52.15317786679745,71.27717722788263,1053.0522999999998,0.07370703,1.5264598540145986,6,0.06465534294320256,0.07892759869646987,35.60_46.40,6,97.5
35.600000000000016,46.79999999999999,6.8317545164233815,10.534356086916622,36.50332000000003,-22.538519999999977,11.069088381839233,9.585466445404448,103.10545,0.0048965138,42.18778158610858,57.84091890637222,834.5169,0.0052934160000000004,1.4124087591240877,6,0.055545158044489056,0.0695220466300717,35.60_46.80,6,97.5
35.600000000000016,47.19999999999999,7.748266341240898,10.537149615806948,36.9452,-21.991889999999984,10.881206416642335,8.968517793741174,95.070575,0.052890179999999995,38.747486281089415,50.31918163126647,689.0952,0.05359041,1.405109489051095,6,0.054001709888950734,0.06808692910316215,35.60_47.20,6,97.5
35.600000000000016,47.59999999999999,8.726390711678855,10.494846825664284,37.76943,-19.832709999999963,10.589591790862226,8.432920520262957,85.98422599999999,0.031926545,36.26264756745894,44.7840452859516,564.3861,0.031989909999999996,1.3722627737226278,6,0.05500758244445255,0.06923338229202065,35.60_47.60,6,97.5
35.600000000000016,47.99999999999999,9.353250109489073,10.440346296398559,38.68008000000003,-18.940859999999986,9.996950584869525,7.6093971156220475,72.40507,0.018002835000000002,33.32015878579015,38.32458364410718,436.51053,0.018145263,1.3248175182481752,6,0.055765206930720804,0.06828734587795618,35.60_48.00,6,97.5
35.600000000000016,48.399999999999984,9.124065812043819,10.505143870228032,38.317769999999996,-20.354469999999964,10.049070440642335,7.203189309022623,61.79524,0.014177557,32.67042727557664,35.552563286008315,345.02983,0.025595859000000002,1.323905109489051,4,0.054849042311843066,0.06445122027970598,35.60_48.40,4,58.0
35.600000000000016,48.79999999999998,8.447903467153306,10.483637385924618,36.68374,-22.309549999999973,9.847614993549271,6.629630923697318,51.355197,0.059529450000000005,31.220910904454378,31.860097508013077,248.63283,0.074241426,1.2992700729927007,3,0.05261957812212591,0.05922595282161634,35.60_48.80,3,38.0
35.600000000000016,49.19999999999998,8.346650985401483,10.464399400898074,36.574850000000026,-22.662079999999975,10.231343970629561,6.515597793414518,45.041215,0.12938496,30.486443879817518,29.178962167224235,205.17025,0.12943747,1.3357664233576643,3,0.05134958569213503,0.05634627234726802,35.60_49.20,3,38.0
35.600000000000016,49.59999999999998,8.985233950729949,10.254396063732795,36.28480000000002,-15.740199999999959,9.811339442898722,6.374531661185753,39.207023,0.042471366999999996,28.34488250710219,26.45421409992435,198.71409,0.042467044,1.3093065693430657,3,0.0516810307407573,0.05601714778392106,35.60_49.60,3,38.0
35.600000000000016,49.99999999999998,10.387029051094913,10.030749737978029,36.04020000000003,-12.977499999999964,10.509170328408759,6.643791508455192,54.529128,0.04585355,28.506593240812045,27.20630034955342,279.4249,0.04587765,1.333941605839416,4,0.05571550197595802,0.05689688332549522,35.60_50.00,4,58.0
35.600000000000016,50.39999999999998,12.500563175182505,10.033147465098711,37.59292000000005,-11.069299999999998,15.353823505894159,9.496051970728594,58.79271,0.15920439,34.98481344354014,28.176549274232165,213.24385,0.21081244000000002,1.6094890510948905,4,0.06017661223187957,0.058442313810399577,35.60_50.40,4,58.0
35.600000000000016,50.799999999999976,14.03742474452557,10.078964501622739,38.58828,-9.770479999999964,22.37144678580292,14.398679885192767,71.240464,0.10782378,41.4391437795073,27.633934162814512,209.40462000000002,0.12827579,1.938868613138686,4,0.06250614001229014,0.059978215651218296,35.60_50.80,4,58.0
35.600000000000016,51.19999999999997,14.842181003649658,9.688068958288602,38.45205000000004,-7.412099999999953,30.46189651487226,13.779956608235013,80.296225,5.4395013,47.27565177007299,25.363880913793487,204.40888,7.596143,2.2937956204379564,4,0.060992921690529195,0.05931411191274432,35.60_51.20,4,58.0
35.600000000000016,51.59999999999997,13.561310328467176,9.40853075785437,36.589260000000024,-8.102499999999964,20.433028865145985,8.575109485711003,56.543240000000004,3.9247947000000005,36.53711334452555,24.2364738365814,230.45058,4.5167536,1.8722627737226278,4,0.05581391996050183,0.05374795126913235,35.60_51.60,4,58.0
35.600000000000016,51.99999999999997,10.414166879562066,9.16881589385991,32.74453,-14.869539999999972,13.656332626733576,6.4893342062560535,37.4345,0.9901632,31.203000665237223,24.274096730437865,235.13994,1.7546796,1.5556569343065694,3,0.04742050391053832,0.04581958550233944,35.60_52.00,3,38.0
35.600000000000016,52.39999999999997,8.722831177007322,8.922226926018018,30.44766000000004,-15.552159999999958,11.640711670319345,6.066434509698966,34.225575,0.12248418000000001,31.006418717016427,25.362088221892453,224.27078999999998,0.12402948,1.4653284671532847,3,0.04393672477490876,0.04239750871432922,35.60_52.40,3,38.0
35.600000000000016,52.79999999999997,8.99636879562046,9.021258166109805,31.11343000000005,-14.019929999999988,10.687158189835765,5.968543928211223,34.82578,0.13183492,29.31589943040146,25.05127150735084,221.47557,0.13289705,1.3877737226277371,3,0.04524473782342153,0.0430221872050867,35.60_52.80,3,38.0
35.600000000000016,53.19999999999997,10.633946195255497,9.28300577160674,33.40347000000003,-11.957979999999964,11.167096835428831,6.003355981794193,36.088643000000005,0.11811783000000001,27.37686483408759,22.546738922072596,206.16588000000002,0.1182297,1.4096715328467153,3,0.047416400890830296,0.043762853004114,35.60_53.20,3,38.0
35.600000000000016,53.599999999999966,12.26927822992703,9.502207999540396,35.371730000000014,-8.531229999999994,10.953247481772811,6.174301391114125,36.601058,0.052577373000000004,26.486440254767338,21.602607074370624,215.00844,0.052575555,1.406021897810219,3,0.049779030469525545,0.04468088882947836,35.60_53.60,3,38.0
35.600000000000016,53.999999999999964,13.07619750912411,9.548813203414191,35.88590000000005,-6.636079999999993,10.550242646413777,5.962211036369928,34.973176,0.0010653995,25.75583099036971,20.364866521243087,206.92394,0.0010623931999999999,1.3704379562043796,3,0.05013587576117701,0.04461833817791114,35.60_54.00,3,38.0
35.600000000000016,54.39999999999996,14.188760282846737,9.700129199910661,36.65933000000001,-6.0394000000000005,10.686551602162409,5.976677348263606,33.498544,0.002088581,25.495685914183213,19.669960800401455,198.82853,0.0020855748,1.3804744525547445,3,0.051928717537317516,0.04650082266431216,35.60_54.40,3,38.0
35.600000000000016,54.79999999999996,14.855975328467176,9.818107141466923,37.324850000000026,-6.458349999999996,10.634315149873176,6.174079415823355,31.095894,0.002549242,25.52561537685867,20.19459011139252,170.64419999999998,0.0025286411,1.3631386861313868,3,0.0536244925056843,0.047788098441104515,35.60_54.80,3,38.0
35.600000000000016,55.19999999999996,14.973440465328489,9.765518273521371,37.28994,-6.681979999999953,10.315767698056087,6.506235840216421,44.904194,0.00088657207,25.951164389119068,22.857340818937544,257.3204,0.0008233385,1.3403284671532847,4,0.053905107532481754,0.048496050449705286,35.60_55.20,4,58.0
35.600000000000016,55.59999999999996,15.638795830291995,9.763040456080223,37.63784000000004,-5.334360000000004,14.228179697782846,7.855791793734602,65.35240999999999,0.17913103,42.39760440095803,38.326357898762645,408.9808,0.19779411,1.6113138686131387,5,0.05772236959923358,0.05093869334463407,35.60_55.60,5,80.0
35.600000000000016,55.99999999999996,16.838484680656954,9.910547463086562,39.06167000000005,-4.3187299999999595,14.784609809908758,8.58886124685299,68.42527000000001,0.21252654,45.82961822379562,45.938839747247954,437.65456,0.23087698,1.6432481751824817,6,0.0611737984552281,0.05425085241142136,35.60_56.00,6,97.5
35.600000000000016,56.39999999999996,16.566709005474475,9.965225391289167,39.09536000000003,-4.595100000000002,11.046238646792883,7.675802214343787,72.187525,0.01940831,34.84759069846989,40.62451303920246,425.34217,0.041932943,1.4023722627737227,6,0.061042181213412414,0.05787111078463834,35.60_56.40,6,97.5
35.600000000000016,56.79999999999996,15.057195364963526,9.95632669407237,37.94155000000001,-7.054049999999961,10.151940703500456,6.40420548967357,41.872426000000004,0.010868448499999999,30.806886084208937,34.63402850403527,287.92263,0.010867758,1.344890510948905,4,0.05964984268580292,0.059014504431850634,35.60_56.80,4,58.0
35.600000000000016,57.19999999999995,14.030344124087616,9.966228861061694,36.949370000000044,-9.5394,9.927299278465329,6.003301056212979,37.532402,0.015290186,28.24460763159124,29.197088106227124,228.46928,0.015273291,1.3248175182481752,3,0.05763848295541058,0.05639713676224681,35.60_57.20,3,38.0
35.600000000000016,57.59999999999995,12.902950994525568,9.86750602078605,36.63980000000004,-11.228859999999997,9.75868191274197,5.794013479833544,37.308825999999996,0.0009585392,26.797131206192482,25.604087362602684,214.34724,0.00089190596,1.3065693430656935,3,0.053939776402527374,0.051881124578630075,35.60_57.60,3,38.0
35.600000000000016,57.99999999999995,11.814031779197103,9.715461476114434,35.6857,-11.132180000000005,9.60093988873084,5.492149149257742,34.909487,0.07536744999999999,25.187041062303834,22.610093825290985,191.66864999999999,0.07668569,1.2874087591240877,3,0.04950560237774635,0.04694599301595003,35.60_58.00,3,38.0
35.600000000000016,58.39999999999995,11.02593747262776,9.660346417981733,34.94253000000003,-11.318699999999978,9.468660875054745,5.391342358295921,41.998977000000004,0.102667416,24.19950538544343,21.509244463800794,279.54425,0.10265135,1.2874087591240877,4,0.046978633175237226,0.04478578762364114,35.60_58.40,4,58.0
35.600000000000016,58.79999999999995,10.487497664233599,9.596145273129233,34.07632000000001,-13.422219999999982,8.921101370305657,5.261518661946229,46.796632,0.07309842,22.70120309904197,20.571927517468296,302.07505000000003,0.07332015,1.227189781021898,4,0.045330834266706206,0.043606700021518285,35.60_58.80,4,58.0
35.600000000000016,59.199999999999946,9.802344771897832,9.471246732308417,32.43813,-15.538430000000005,8.969320148618705,5.585667669553977,46.365446999999996,0.0016036131,22.444188198933944,20.538657668668456,286.30156999999997,0.0016289296,1.239963503649635,4,0.04325154096062956,0.041806024977889024,35.60_59.20,4,58.0
35.600000000000016,59.599999999999945,9.157252919708053,9.298741387715518,30.677400000000034,-17.90071999999998,8.893787762942063,5.669868602662581,45.92591,0.0026410055000000003,23.11038771316469,20.64937562713771,267.7241,0.0031068585,1.239051094890511,4,0.04224096739562956,0.04072666289353848,35.60_59.60,4,58.0
35.600000000000016,59.99999999999994,9.918069525547468,9.298916175692996,32.07266000000004,-17.73274999999998,9.028920380213505,5.636035746589992,41.954856,0.015444985999999999,24.190022656066606,21.26483208154836,233.40114,0.015498724000000002,1.2463503649635037,3,0.043903815365939784,0.040665480311517746,35.60_60.00,3,38.0
35.600000000000016,60.39999999999994,11.200081779197102,9.371360629981936,33.94082000000003,-16.302099999999996,9.62094225476095,5.762858664961421,38.22964,0.00238521,26.602037614758668,23.90408214897996,177.20835,0.0024247375000000003,1.2974452554744527,3,0.04717128544802007,0.04184720359083705,35.60_60.40,3,38.0
35.600000000000016,60.79999999999994,12.113655282846738,9.39773913064457,34.554100000000005,-14.553079999999966,10.736700290503922,6.535271440502108,51.110025,0.0021720473,35.6190770204042,44.65597342737087,401.47862,0.006403777,1.405109489051095,5,0.051870230450647814,0.04509302719436519,35.60_60.80,5,80.0
35.600000000000016,61.19999999999994,13.972926040146008,9.673081543538128,36.99355000000003,-13.367529999999988,11.790166957190692,7.3848204072169885,63.380359999999996,0.007458485000000001,41.691548701468065,53.180622542650624,470.34905000000003,0.008929779,1.4936131386861313,6,0.05466991203754562,0.04568680509645079,35.60_61.20,6,97.5
35.600000000000016,61.59999999999994,14.95507489963506,9.707758987543766,37.72427000000005,-12.423199999999952,10.000627962528284,6.345970425001271,42.47007,0.005312646,26.47437638097354,24.074715819475664,224.4899,0.01959145,1.3074817518248176,3,0.05283540188470803,0.04544792961928571,35.60_61.60,3,38.0
35.600000000000016,61.999999999999936,15.076394270073015,9.776240647898424,37.893200000000036,-13.32065,9.27684306781031,6.2674217636881515,41.826367999999995,0.0008570868,21.184518461193658,17.670095428297994,139.1812,0.00076825205,1.2673357664233578,3,0.05223752410352189,0.0446109065617569,35.60_62.00,3,38.0
35.600000000000016,62.399999999999935,15.383987773722652,10.002737040345394,38.63638000000003,-14.958839999999952,9.061538402082482,6.227573272800507,41.319712,0.0043884844,20.02408341340511,16.044214561319283,137.27531,0.004292544,1.2463503649635037,3,0.05321243463755474,0.04410124632200976,35.60_62.40,3,38.0
35.600000000000016,62.79999999999993,15.16668849452557,10.220982957912451,39.126120000000014,-15.665869999999984,8.836301517963138,6.2385644386671215,41.437655,0.0046087526,18.8839880046948,15.439093073412447,132.0124,0.0047472915000000004,1.2372262773722629,3,0.05345819177883212,0.044001810671826076,35.60_62.80,3,38.0
35.600000000000016,63.19999999999993,14.628343941605863,10.210868712348661,38.53190000000001,-17.362629999999967,8.710046981788322,5.767125731469309,36.770633,0.018340373,18.75465202118522,15.240414680516386,117.9743,0.01828814,1.2354014598540146,3,0.05285144855520073,0.045563846394384454,35.60_63.20,3,38.0
35.600000000000016,63.59999999999993,13.122657290146009,9.865172221816165,36.010400000000004,-20.269859999999966,8.281482229390512,5.367437758233487,31.823102,0.024308932,19.330998787687044,17.127335611490942,167.85191,0.024199856,1.207116788321168,3,0.049813506258302914,0.04482561269724244,35.60_63.60,3,38.0
35.600000000000016,64.0,10.509206505474474,9.382196969174212,32.49136000000004,-22.73617999999999,7.854013541546533,5.016720348259267,29.210169,0.026913145,20.267490207233575,19.950395560361123,228.99064,0.029656826,1.1897810218978102,3,0.04513641887475365,0.04150458040577673,35.60_64.00,3,38.0
36.000000000000014,44.0,17.590557153284692,10.50255219037467,45.544340000000034,-5.1440000000000055,25.261462326487226,18.525745697357348,143.04321000000002,0.40300762999999995,100.13376796286497,127.77362401560526,1094.1860000000001,0.41535730000000004,2.1797445255474455,6,0.13247539949677006,0.15263079273915645,36.00_44.00,6,97.5
36.000000000000014,44.4,16.498629151459877,10.474267317944497,44.28457000000003,-6.87152999999995,23.177479109297444,16.990949672555974,122.14823999999999,0.31661787,92.53607031580292,115.21900677455666,934.25325,0.31650416000000003,2.0994525547445257,6,0.12415270739190692,0.14320580268679123,36.00_44.40,6,97.5
36.000000000000014,44.8,15.325550419708053,10.406351517971158,43.03335000000004,-8.877399999999966,21.582072682427007,15.224140898431507,128.9974,0.50154303,83.86843509963504,98.89812191192038,958.6302000000001,0.50850363,1.9854014598540146,6,0.11328639742875,0.1314459026888881,36.00_44.80,6,97.5
36.000000000000014,45.2,12.856131478102212,10.579622334168716,41.01406000000003,-15.897899999999993,19.164587732634125,13.713724303391494,126.64542,0.026893057,72.94041353813321,86.1799108043511,1018.9260999999999,0.027147534,1.8366788321167884,6,0.09461596882016424,0.11138960563047393,36.00_45.20,6,97.5
36.000000000000014,45.6,9.754250830291994,10.79243708814133,38.859770000000026,-23.12054999999998,16.60241143745438,12.484830783233116,115.74750999999999,0.06972642999999999,62.26868384734033,76.96527921173745,979.5323999999999,0.069753855,1.7262773722627738,6,0.07613477923081204,0.09192744447973222,36.00_45.60,6,97.5
36.000000000000014,45.99999999999999,7.930335757299293,10.623026530793886,37.58584000000002,-23.630319999999983,14.245736889259124,11.146388369551582,105.28777,0.020372135,53.30916323331478,68.43967968822194,917.1309,0.021323259,1.5967153284671534,6,0.06537350495760037,0.08075355170884861,36.00_46.00,6,97.5
36.000000000000014,46.39999999999999,7.279590556569366,10.487164737932037,37.054100000000005,-22.80413999999999,11.914005141725365,9.757274331941845,98.32041,0.019434218,44.89084246381295,59.21299661894657,825.06955,0.020868512,1.4662408759124088,6,0.05893052383479927,0.07489730116900134,36.00_46.40,6,97.5
36.000000000000014,46.79999999999999,7.181500337591264,10.576554265715696,36.89272,-22.765079999999983,10.53393924659398,8.924620890905503,94.95167,0.008093478,39.02769418162683,51.878638023708774,690.0081,0.008550825,1.3877737226277371,6,0.055061423140301095,0.07122579891864446,36.00_46.80,6,97.5
36.000000000000014,47.19999999999999,7.585597983576665,10.656942363707877,37.30947000000003,-23.513649999999984,10.633056855697081,8.587206910188446,91.099565,0.011079219999999999,36.06410744135082,45.51889626935517,585.9396300000001,0.0111852185,1.3777372262773722,6,0.05397552354012774,0.07003862212969526,36.00_47.20,6,97.5
36.000000000000014,47.59999999999999,8.639277217153309,10.693504162885294,38.40470000000005,-23.162079999999975,10.395493479958942,7.860933062717969,85.41659999999999,0.019293095,31.69187390900091,38.72839980249662,532.1132299999999,0.019256985,1.364963503649635,6,0.05517906897109489,0.0711001097147048,36.00_47.60,6,97.5
36.000000000000014,47.99999999999999,9.919044598540168,10.63879679418956,39.873440000000016,-21.001929999999987,10.350802770295621,7.491937502884155,78.011574,0.04349418,30.516526159187958,35.94738012155003,506.78870000000006,0.043472279999999995,1.3631386861313868,6,0.05665754906496351,0.07114841972360171,36.00_48.00,6,97.5
36.000000000000014,48.399999999999984,9.774046806569366,10.381314218909433,39.3827,-18.99020999999999,9.33586609656478,6.928703905348095,67.73776600000001,0.03216899,29.042957716051095,33.17517777139646,414.09072,0.032473912,1.2837591240875912,5,0.054325538536852194,0.06666166009149646,36.00_48.40,5,80.0
36.000000000000014,48.79999999999998,8.245263895985424,10.250260879963157,37.16396000000003,-23.388649999999984,9.745758234231296,7.118729496614639,59.99852,0.0035336265,29.339654732498357,31.86729732111677,320.86262999999997,0.0034724602,1.3074817518248176,4,0.050501744601925184,0.05994146683077668,36.00_48.80,4,58.0
36.000000000000014,49.19999999999998,8.528757536496375,10.335556870903009,37.955700000000036,-23.564429999999987,10.519414185574817,7.535393548732071,52.84104,0.06773558,28.492193962718066,28.54192602565224,250.93044,0.072252995,1.3567518248175183,3,0.05101581177439781,0.0576588143610104,36.00_49.20,3,38.0
36.000000000000014,49.59999999999998,10.98405622262776,10.498278131050624,39.25552000000005,-17.36618999999999,12.16171596656022,8.142858217418523,44.078874,0.16877717,28.1934863482573,26.164143967116818,157.55799000000002,0.25752353,1.4562043795620438,3,0.05556755242481752,0.05982938117279964,36.00_49.60,3,38.0
36.000000000000014,49.99999999999998,13.629288640510971,10.444915994150916,40.69058000000001,-13.266579999999976,13.978614756989051,8.838623849288105,48.85301,0.07242516,32.266413027076645,28.94762637640933,233.56958,0.100270056,1.551094890510949,3,0.062416923269744524,0.0632334111534016,36.00_50.00,3,38.0
36.000000000000014,50.39999999999998,13.91905879562046,9.617381753336561,39.52627000000001,-9.02145999999999,15.429538091131388,8.938177439100365,61.53705,0.04486969,33.9199121667792,27.620650320613983,214.02226,0.058798909999999996,1.6104014598540146,4,0.05853498309729928,0.05894045276256521,36.00_50.40,4,58.0
36.000000000000014,50.799999999999976,9.436917034671556,9.714781705918876,34.49502000000001,-16.502899999999954,15.591109093795621,8.077910273433764,56.31986,1.383919,34.482203631113144,27.59837021257828,272.16342,1.4386337,1.6195255474452555,4,0.04710676586342154,0.04826895051710266,36.00_50.80,4,58.0
36.000000000000014,51.19999999999997,5.262322445255497,9.558712632427728,29.322900000000004,-23.069309999999973,14.908443862180658,8.346212296832125,42.970957,0.19981258,33.17816197712591,26.875258128728582,231.10451,0.20012922,1.6213503649635037,3,0.03987716203474452,0.040627265482428496,36.00_51.20,3,38.0
36.000000000000014,51.59999999999997,3.3824473722627966,9.467456219337588,27.719400000000007,-23.603489999999965,13.332792831885948,7.947807168264358,48.368868,0.022737545999999997,29.86667799730383,26.23703291229083,240.63442,0.022684441,1.5602189781021898,3,0.03633013230302007,0.03700030342666111,36.00_51.60,3,38.0
36.000000000000014,51.99999999999997,3.483403485401483,9.149780895908405,28.095360000000028,-22.68551999999997,11.53230278864781,7.0095294616646,41.419742,0.040166522999999996,26.47958493158394,24.961674693876194,230.52867999999998,0.06309820999999999,1.4498175182481752,3,0.03583940797489963,0.0365974220022143,36.00_52.00,3,38.0
36.000000000000014,52.39999999999997,4.635698302919731,7.880132989645716,25.80728000000005,-19.210909999999984,9.619676764936132,5.878761021494643,36.890405,0.05341104,21.839383075532847,21.818204518010806,241.96865000000003,0.056841683999999996,1.3202554744525548,3,0.03714982531503102,0.038214771825702244,36.00_52.40,3,38.0
36.000000000000014,52.79999999999997,6.42548580291973,7.5391021198600585,26.696439999999996,-15.697239999999965,9.196485708202555,5.657147237658912,40.418946000000005,0.056338476,19.40318438327281,17.770102018104186,172.16789,0.056386937,1.2956204379562044,3,0.03942239510995438,0.03912345532363646,36.00_52.80,3,38.0
36.000000000000014,53.19999999999997,7.317031140510972,8.155092774857135,30.71353000000005,-13.681619999999953,9.522874949145072,5.628228690554189,29.696492000000003,0.033987427,20.417696735777373,16.461380269489883,108.96143000000001,0.034924893,1.322992700729927,2,0.04067890012873175,0.03903928355040795,36.00_53.20,2,20.5
36.000000000000014,53.599999999999966,7.804897937956228,8.834441986800844,32.64614,-13.601969999999994,9.523495880410584,5.88189987385176,51.30176,0.013450702,21.842781843068888,18.314618302855084,188.24744,0.0135504255,1.311131386861314,3,0.04160087363737226,0.03912436012739205,36.00_53.60,3,38.0
36.000000000000014,53.999999999999964,10.54138217153287,9.33316656439496,34.28042000000005,-12.522799999999961,10.140256796463047,6.286356260429584,54.80513,0.0096605605,22.754383740047444,19.037845873258117,196.30718000000002,0.031495169999999996,1.3604014598540146,3,0.045450191099552915,0.04155518710176402,36.00_54.00,3,38.0
36.000000000000014,54.39999999999996,13.7691589872263,9.74587991565886,36.936180000000036,-9.092139999999972,11.772304698395073,6.6785665329438455,39.9522,0.028344577000000003,24.584895473762774,18.37325731452774,191.70945999999998,0.033831105,1.4406934306569343,3,0.05037405430850365,0.0450178321553929,36.00_54.40,3,38.0
36.000000000000014,54.79999999999996,14.665544279197105,9.888291415122303,37.87440000000004,-7.521860000000004,11.527708899921533,6.673295988175191,36.847595,0.051633533999999995,24.56575702328102,18.401080778939807,164.43849,0.056984636,1.4133211678832116,3,0.051751803345702556,0.04650760053694526,36.00_54.80,3,38.0
36.000000000000014,55.19999999999996,13.5837439142336,9.647914047589925,36.44130000000001,-8.098029999999994,9.806238999828468,5.970106596859563,40.838933999999995,0.004140858,23.021130311768705,19.130631526456302,193.67879,0.004233943499999999,1.3312043795620438,3,0.04973592046417883,0.046238535643582546,36.00_55.20,3,38.0
36.000000000000014,55.59999999999996,12.976223777372285,9.465397814018413,35.37808000000001,-8.59997999999996,9.317422240127646,5.842421743568499,51.344905,0.0015858651,22.59936587171615,20.022338535155026,249.36577000000003,0.0014363276,1.2901459854014599,3,0.04875853389372263,0.04604088995334425,36.00_55.60,3,38.0
36.000000000000014,55.99999999999996,14.268555410583964,9.643822328707149,36.796040000000005,-7.259159999999952,9.66249871608646,6.242394440958374,54.32998,0.00057484616,23.129978516301414,21.05358860000469,265.7162,0.00026662835,1.3202554744525548,4,0.05158410177807482,0.04787530035210907,36.00_56.00,4,58.0
36.000000000000014,56.39999999999996,15.973081295620462,9.991028087996831,38.733540000000005,-5.39489999999995,9.509324206346049,6.02775813735582,44.677755000000005,0.00054975837,23.67115930565602,21.476889599727265,208.04622,0.0004428787,1.313868613138686,3,0.05548870355985401,0.051336368370389865,36.00_56.40,3,38.0
36.000000000000014,56.79999999999996,16.179285538321192,10.172163076029914,39.4015,-5.293299999999988,9.102834711381112,5.723355348025725,56.165642999999996,0.0003223847,23.371259044095822,23.30581501407013,220.02348,0.00021550502,1.2591240875912408,4,0.056383390850611316,0.05233133109293126,36.00_56.80,4,58.0
36.000000000000014,57.19999999999995,15.089009041970826,10.191202285648382,38.62222000000003,-7.402699999999982,9.302697264093979,5.531501224620823,32.906616,0.011331127,23.30666354299635,22.347910296197675,158.47232,0.011289314,1.272810218978102,3,0.05476002639613138,0.05114232269280739,36.00_57.20,3,38.0
36.000000000000014,57.59999999999995,13.533639260948929,10.225707399211812,37.32827000000003,-10.389499999999998,9.412541124279198,5.592757016981414,31.339013,0.0038504480000000002,23.063989803648997,20.565571218871774,147.92667,0.0037909203000000002,1.2764598540145986,2,0.052016496006368616,0.048620828547470275,36.00_57.60,2,20.5
36.000000000000014,57.99999999999995,13.07358046532849,10.251449044315352,37.22280000000001,-11.40853999999996,9.177583104024817,5.407416382771392,30.887136,0.0068773602,21.96189688046022,18.80357439350323,160.55358,0.0078268034,1.2591240875912408,3,0.050810139725921535,0.047567832473428606,36.00_58.00,3,38.0
36.000000000000014,58.39999999999995,12.931932892335789,10.368948482075842,37.840480000000014,-13.365579999999966,9.40123444593978,5.476608590704953,37.338655,0.08100828,21.75168442310219,18.16463150243448,156.9353,0.14926296,1.2883211678832116,3,0.049825805160547444,0.04672955109120671,36.00_58.40,3,38.0
36.000000000000014,58.79999999999995,11.460252308394184,10.279788326527134,36.51528000000002,-17.317709999999977,9.782497849990875,5.9110268326894975,55.694481999999994,0.18391409,22.44106771104927,19.482654791169352,194.94513,0.3023951,1.3093065693430657,4,0.04666977907479927,0.04370765891168375,36.00_58.80,4,58.0
36.000000000000014,59.199999999999946,9.879705593065717,9.911848352995817,33.72280000000001,-19.290369999999967,9.919109933789233,6.163589422237234,41.316454,0.010408865,23.459061916006387,20.015890047461223,213.09828000000002,0.01527135,1.3147810218978102,3,0.044059259465273726,0.04200077773764356,36.00_59.20,3,38.0
36.000000000000014,59.599999999999945,10.787312189781044,9.682743295797303,33.954499999999996,-15.455420000000004,9.71250052730228,6.2710782898232775,63.232065000000006,0.0025557403,23.182790920032208,20.40756074521667,215.27619,0.0025384243,1.2819343065693432,4,0.045449608310775554,0.04305997260872819,36.00_59.60,4,58.0
36.000000000000014,59.99999999999994,12.318732910583964,9.95381875880264,36.695700000000045,-16.36069999999995,9.244936724246898,5.851975606578732,40.432077,0.0025273186000000004,22.76526229889781,19.993320396304338,190.22208,0.002765798,1.2582116788321167,3,0.04834596995885949,0.044001553915206715,36.00_60.00,3,38.0
36.000000000000014,60.39999999999994,12.922913786496375,9.810101280231759,37.44863000000004,-16.30893999999995,9.898836196753651,6.169602159419002,39.825489999999995,0.044175642,26.083290150155108,24.434906359525375,143.70231,0.04647234,1.312043795620438,3,0.05052040515794708,0.04442024341970256,36.00_60.40,3,38.0
36.000000000000014,60.79999999999994,13.803367974452577,9.57883398329163,38.19375000000002,-13.766939999999977,10.511165315590327,6.7831111960285275,44.656506,0.011867459,30.614666146546536,35.446972067917386,313.12370000000004,0.012567758,1.3531021897810218,4,0.05451714127256387,0.04765783978302627,36.00_60.80,4,58.0
36.000000000000014,61.19999999999994,15.14582553832119,9.839589425388311,38.96914000000004,-12.25912999999997,10.921440447338322,6.886801472288236,49.51932,0.0029531877999999998,30.260580993907844,31.523328893110037,297.68784999999997,0.003610423,1.3822992700729928,4,0.054818935110492704,0.04593067386018798,36.00_61.20,4,58.0
36.000000000000014,61.59999999999994,15.575000812043818,9.83776119772444,38.99770000000001,-10.043299999999988,9.82609665654739,6.526395119219571,41.203222,0.0005018154399999999,24.458835305795656,22.24643891698352,204.30814,0.00042719154,1.2919708029197081,3,0.0533507173290511,0.04453108846596514,36.00_61.60,3,38.0
36.000000000000014,61.999999999999936,15.61658883211681,9.76929245718333,38.73306000000002,-10.067719999999952,9.270335927892711,6.357062160667896,42.236174,0.00029575805,20.477451232379288,15.888795770852212,121.50341999999999,0.00019981786,1.2582116788321167,3,0.05269212667425183,0.04349418685314476,36.00_62.00,3,38.0
36.000000000000014,62.399999999999935,16.09411872262776,10.030524210019584,39.71500000000003,-12.361670000000004,9.319697516422764,6.371302404605331,43.39288,0.00029575805,19.764561594857955,14.666251828522475,107.2347,0.00019981786,1.2591240875912408,3,0.0538744033729927,0.044230918669935476,36.00_62.40,3,38.0
36.000000000000014,62.79999999999993,15.952171177007322,10.278465889285288,40.15933000000001,-12.521829999999966,8.871668779284516,5.9801806823254555,41.970655,0.000513311,18.669410747762008,13.957489831821375,104.31183,0.00047879756000000003,1.2262773722627738,3,0.05372509716240876,0.043859400925390396,36.00_62.80,3,38.0
36.000000000000014,63.19999999999993,15.439368868613162,10.32392475404381,39.867819999999995,-11.29281999999995,8.468925343557848,5.886529156195822,45.844207,0.0005160262999999999,18.563527253267154,14.541125888147171,102.13944,0.0003135047,1.2116788321167884,3,0.05338051114717153,0.0452177421339951,36.00_63.20,3,38.0
36.000000000000014,63.59999999999993,14.81674864963506,10.233205973914883,39.04507000000001,-12.540869999999984,8.444012648731661,5.9354576368909155,44.67193,0.0017420939,19.308322236680656,15.787098689804507,118.32569,0.0014624886,1.208941605839416,3,0.05311948356104014,0.04702265813762481,36.00_63.60,3,38.0
36.000000000000014,64.0,14.210189051094913,9.999210035644735,37.856600000000014,-14.15707999999995,8.549268322989963,5.961746786049883,47.43447,0.001727883,20.689339403981933,18.501994416020935,163.25623000000002,0.0016898622000000002,1.2107664233576643,3,0.052712786851770076,0.046099165731696166,36.00_64.00,3,38.0
36.40000000000001,44.0,16.075749507299292,10.583910170989153,44.153700000000015,-8.17035999999996,22.26042334047445,14.258743193825545,99.44939400000001,0.23685045999999998,76.94402794944342,85.69874255976883,658.4676000000001,0.27326416000000003,1.9872262773722629,6,0.1112528819021533,0.13201683396643968,36.40_44.00,6,97.5
36.40000000000001,44.4,13.813851487226302,10.620109838046165,41.64517000000001,-16.051199999999994,19.775389154406934,12.611949711834695,83.22378,0.09820936,70.30413214372263,72.92147984733997,562.95136,0.0993233,1.8740875912408759,6,0.0990474815557938,0.1203923882878333,36.40_44.40,6,97.5
36.40000000000001,44.8,10.907223604014622,10.591758688373073,38.93690000000004,-21.217229999999972,16.89347961118613,11.774063320345743,66.84053999999999,0.09090498,61.74210945305109,68.84831328020559,477.1961,0.090910474,1.7335766423357664,6,0.08240250669218066,0.10374482370065614,36.40_44.80,6,97.5
36.40000000000001,45.2,8.925629096715351,10.595332855725847,37.50967000000003,-23.11956999999998,15.373218085784671,11.69958125735163,80.17845,0.10130678,55.34519676912409,67.86896748957469,648.8131,0.10138848,1.6541970802919708,6,0.0683462301365511,0.08862928693086823,36.40_45.20,6,97.5
36.40000000000001,45.6,8.601468239051117,10.601640997078986,38.10244,-23.114689999999968,14.326974788341241,11.151781774689628,78.21879,0.03310506,50.20554964547263,62.407720157592976,651.0210000000001,0.033942498,1.6058394160583942,6,0.06264809941976276,0.0805412673475429,36.40_45.60,6,97.5
36.40000000000001,45.99999999999999,8.80129993613141,10.596169335246024,39.07803000000001,-21.72796999999997,13.155922444585766,9.855162475794172,77.19113,0.03610355,44.90174821924544,53.98522459151373,612.5579,0.037012043,1.5282846715328466,6,0.0609827632939416,0.07746570528480616,36.40_46.00,6,97.5
36.40000000000001,46.39999999999999,8.994105364963527,10.560792778929754,39.231100000000026,-20.764099999999985,12.210701194963503,9.186415043497945,89.654876,0.041407808,42.085194449995434,52.87273815292707,710.3379299999999,0.045618065,1.4808394160583942,6,0.06011025564199817,0.07719178246690184,36.40_46.40,6,97.5
36.40000000000001,46.79999999999999,8.023741496350386,10.471705381828817,37.641020000000026,-21.656679999999966,10.73782298629927,8.862046001648736,91.49802,0.013810329,38.820966950281026,52.261149764334846,724.0722999999999,0.017651102999999998,1.3932481751824817,6,0.0549349179522354,0.07177676545185696,36.40_46.80,6,97.5
36.40000000000001,47.19999999999999,6.62859633211681,10.471958866673498,36.02480000000003,-22.852509999999967,9.799599664681569,8.32334026509117,85.70475499999999,0.012740428,35.03600225259945,47.37980094124599,617.2474,0.014917288,1.3257299270072993,6,0.04996519309058394,0.06587397588719678,36.40_47.20,6,97.5
36.40000000000001,47.59999999999999,7.097085027372285,10.59184016018053,36.99404000000004,-25.86911999999998,9.362029557198904,7.6479375089880275,86.39631,0.13300021,31.512993512554747,42.38786455720752,607.75227,0.14256721,1.2947080291970803,6,0.04968962534879562,0.06443298068627816,36.40_47.60,6,97.5
36.40000000000001,47.99999999999999,8.523831560219001,10.466948900138167,38.12148000000002,-25.34469999999999,10.393701546900546,7.539781594227071,86.73261000000001,0.049951973000000004,30.357706374500914,39.2631096384522,624.4422,0.050133033,1.352189781021898,6,0.05080284840782847,0.06426195109658986,36.40_48.00,6,97.5
36.40000000000001,48.399999999999984,8.515308731751846,10.036343756947707,37.43447000000003,-20.70895999999999,9.979430588385037,7.293502794014429,71.24794,0.030446297999999997,28.45127543768248,33.492030536146586,455.77252,0.03114846,1.3348540145985401,6,0.048724044078220806,0.060236642265863095,36.40_48.40,6,97.5
36.40000000000001,48.79999999999998,7.65027903284674,9.72196779449298,36.259420000000034,-24.31637999999998,9.825558800745439,7.17743114667452,65.09211,0.035883227,27.860923409077554,31.48995898906832,370.40584,0.036035865,1.323905109489051,5,0.04729381209776459,0.056267442780856866,36.40_48.80,5,80.0
36.40000000000001,49.19999999999998,8.20119857664236,9.66768484147886,36.85366000000005,-25.568329999999975,10.395262567673358,7.532956596004097,56.276942000000005,0.042099199999999996,26.331016715357666,27.31994475181975,286.40105,0.044336132,1.344890510948905,4,0.05032317514862226,0.056999050789839904,36.40_49.20,4,58.0
36.40000000000001,49.59999999999998,9.797443330291992,9.875679795151589,37.84976,-23.39645999999999,12.68135473904927,8.738266701452291,47.005997,0.045651912999999995,27.693690251281936,25.486493075552534,192.59458,0.050702595,1.5,3,0.05417156887497263,0.05866783856942575,36.40_49.60,3,38.0
36.40000000000001,49.99999999999998,9.820737755474473,9.635659889757598,36.12417000000005,-22.05759999999998,14.049316363895985,8.68558754182333,53.152572,0.13544383999999998,31.92343303709854,28.15026549985336,218.63136,0.14237296,1.522810218978102,3,0.05224917403260037,0.0548573332209825,36.40_50.00,3,38.0
36.40000000000001,50.39999999999998,6.909102244525569,9.477072298112388,32.126120000000014,-21.67575999999997,10.971325065928832,7.321916509613917,39.8661,0.011952145999999999,29.181897897238137,29.00466179171326,232.83391,0.012389002999999999,1.3813868613138687,3,0.044321938075684304,0.04677983546187945,36.40_50.40,3,38.0
36.40000000000001,50.799999999999976,5.230704653284694,9.10068068100023,29.60170000000005,-20.756809999999973,11.39114172038686,7.698587577181746,38.346528,0.018403874,28.52429985521533,27.39608913586891,232.45556,0.018755466000000002,1.4005474452554745,3,0.042120342817718974,0.04401660972427102,36.40_50.80,3,38.0
36.40000000000001,51.19999999999997,5.5093642427007525,7.466847664486556,25.072900000000004,-19.43551999999997,10.664116436486314,7.440874466411876,39.28831,0.030048501999999998,24.094419125766425,24.545408349542406,244.98226,0.02966248,1.3777372262773722,3,0.040862893371505477,0.0434331246198878,36.40_51.20,3,38.0
36.40000000000001,51.59999999999997,7.29474187043798,6.750509448215468,24.88590000000005,-16.34469999999999,9.696498918846714,6.685615375448761,34.844922999999994,0.026724713,19.93625669394982,16.780728208884057,116.92721,0.027372953,1.3348540145985401,2,0.04177040972205292,0.042296874220227106,36.40_51.60,2,20.5
36.40000000000001,51.99999999999997,9.931838357664256,6.666662697012856,27.383939999999996,-11.247050000000002,10.240587184684307,6.914168075425732,46.246395,0.03285673,19.251329441861316,15.295375444302648,111.34190500000001,0.034821576,1.3877737226277371,3,0.04445279712403285,0.04245412026452717,36.40_52.00,3,38.0
36.40000000000001,52.39999999999997,12.723997162408782,6.431269584097543,29.255030000000033,-6.000949999999989,11.49425350263686,6.544405319641187,42.325613,0.08107079,22.231594820305656,16.89241562036729,104.55708,0.087472515,1.4443430656934306,3,0.05054485321152372,0.04520783799012509,36.40_52.40,3,38.0
36.40000000000001,52.79999999999997,14.415224124087613,6.635269076788935,32.516999999999996,-1.535129999999981,12.216127733448905,6.866835500386135,45.083905,0.16057984,23.58332410722628,18.84987177895976,121.99774,0.1621202,1.4781021897810218,3,0.055179541604726275,0.0481259191751748,36.40_52.80,3,38.0
36.40000000000001,53.19999999999997,12.842221733576666,7.386516531328354,33.474500000000035,-5.666239999999959,10.622368519534671,5.964335599929283,40.653706,0.11004604,20.940442457016424,16.32603554786528,101.58294,0.11027901,1.3576642335766422,3,0.05192528168187956,0.0456605311130901,36.40_53.20,3,38.0
36.40000000000001,53.599999999999966,9.80784243613141,8.031348761180588,32.33170000000001,-9.992599999999982,9.831113179160583,5.481442267437181,33.967890000000004,0.12088051,20.80101933326642,14.939519972443462,91.525614,0.12983314,1.3166058394160585,2,0.04668855736074817,0.042434764668134506,36.40_53.60,2,20.5
36.40000000000001,53.999999999999964,8.353806916058417,8.710681790047596,32.981600000000014,-13.842199999999991,10.202254026418796,5.9007382490121065,36.28269,0.033473085,21.707421689888687,15.646266948482433,115.2426,0.042415363,1.3512773722627738,3,0.04322516460095803,0.040713710414568914,36.40_54.00,3,38.0
36.40000000000001,54.39999999999996,9.059202290146008,9.068566039982617,33.06997000000001,-14.357799999999997,10.062896630465328,5.680077827278086,31.82715,0.03247122,22.49262421895438,16.789737394005048,153.64714999999998,0.042301675999999996,1.3394160583941606,2,0.043134848927016425,0.04044450337705835,36.40_54.40,2,20.5
36.40000000000001,54.79999999999996,9.751627819343089,9.099107223189677,33.642240000000015,-13.72399999999999,10.45801152796898,6.011290782286644,37.759328,0.041425804000000004,22.99276240981113,17.397273530211212,181.74553,0.041373783000000004,1.3740875912408759,3,0.04347563496354014,0.04087620325773249,36.40_54.80,3,38.0
36.40000000000001,55.19999999999996,10.95411092153287,9.045610542432794,34.55483000000004,-9.930999999999983,10.455167748354928,6.230588414625142,43.30952,0.024003296,22.667993778010036,17.280081866737333,202.6846,0.02386601,1.3622262773722629,3,0.044770986021350365,0.042302569549550965,36.40_55.20,3,38.0
36.40000000000001,55.59999999999996,12.021142791970826,9.278872978212151,35.232079999999996,-9.306979999999953,9.307304452165418,5.7557087398727065,47.639880000000005,0.0058702453,20.83145767638458,17.191293542486672,231.83118,0.0059034895,1.2864963503649636,3,0.04592347241593066,0.0430178303771961,36.40_55.60,3,38.0
36.40000000000001,55.99999999999996,13.356496113138709,9.591900854672941,36.70670000000001,-8.350930000000005,8.824395972842929,5.51463195587068,40.250234999999996,0.00054803975,19.786829312547454,16.61660488470754,192.02578,0.00021155771,1.2673357664233578,3,0.04825775990136861,0.044275228312879104,36.40_56.00,3,38.0
36.40000000000001,56.39999999999996,14.591773375912432,9.91652090038549,37.80874,-6.261079999999993,8.609288718152937,5.339580822704512,31.700820000000004,0.00037922811999999996,20.302427353453194,17.048968300952147,145.03047,0.0004428787,1.2408759124087592,2,0.050409413356833944,0.04622490952936079,36.40_56.40,2,20.5
36.40000000000001,56.79999999999996,14.261623029197104,9.960133472619914,37.39712000000003,-7.1223999999999705,8.995710094031132,5.454645677384511,34.283103999999994,0.00037922811999999996,21.804193981020713,19.342002225844556,153.17103,0.0004428787,1.270985401459854,2,0.049677601359178834,0.04564348932357478,36.40_56.80,2,20.5
36.40000000000001,57.19999999999995,13.19597856751827,10.019860539570368,36.81655000000001,-9.537449999999978,10.141154541665147,6.0816011022097385,33.83828,0.025249900000000002,23.343985495249086,20.441978671213203,147.73639999999997,0.027166547,1.3394160583941606,2,0.04822149176042883,0.04470055019547845,36.40_57.20,2,20.5
36.40000000000001,57.59999999999995,12.805783375912434,10.170535297240871,36.902000000000044,-11.591160000000002,11.469610575069344,6.770991869929481,38.833765,0.022976811,23.918131004168796,18.871623324390036,136.43582,0.025111843,1.427007299270073,3,0.04801471270571168,0.044133906269028515,36.40_57.60,3,38.0
36.40000000000001,57.99999999999995,12.548633886861337,10.192692128284703,36.86343000000005,-13.211279999999988,10.404952366368613,5.912271109401464,33.367737,0.06913367,22.300790898153284,17.361811929640456,123.65118,0.079845366,1.3695255474452555,2,0.04784861595587591,0.044125490963117395,36.40_58.00,2,20.5
36.40000000000001,58.39999999999995,11.216571560219,10.08297639093134,36.25552000000005,-15.600930000000005,10.982673427335767,6.335837464526347,35.146396,0.06833786,23.546699486929743,18.72178456570255,146.81325999999999,0.069840925,1.3813868613138687,2,0.04541325071775547,0.04255992722745141,36.40_58.40,2,20.5
36.40000000000001,58.79999999999995,9.378081021897833,9.895262037362594,34.089500000000044,-19.11946999999998,11.461441114899635,7.003941390020618,46.89481,0.0952248,24.827714221729927,20.818199008840082,188.19111,0.09530677600000001,1.4105839416058394,3,0.042339865694133214,0.0402069460058976,36.40_58.80,3,38.0
36.40000000000001,59.199999999999946,9.485694854014621,9.715723860043711,33.150540000000035,-18.79914999999997,13.632517654160583,8.400243676249195,59.591557,0.33902137,27.22732878004562,21.138066140974015,165.59778,0.39824485,1.510948905109489,4,0.04234944882614963,0.040004242716089676,36.40_59.20,4,58.0
36.40000000000001,59.599999999999945,11.02264690693433,9.789355244803756,34.426900000000046,-16.023779999999988,20.992548935583944,12.280198120044547,91.841244,0.8189498,33.80465509312044,20.760496019735324,148.76585,0.87947966,1.8558394160583942,4,0.04449728312284671,0.041287317615936715,36.40_59.60,4,58.0
36.40000000000001,59.99999999999994,11.721839206204404,9.697974303523164,35.75040000000001,-16.39486999999997,13.078125227902373,8.535575126503065,48.85327,0.06287713,25.674148118768247,17.419380072455716,140.69953,0.06329799,1.4717153284671534,3,0.04622763644975365,0.04212377276708582,36.40_60.00,3,38.0
36.40000000000001,60.39999999999994,13.314558129562066,9.704490846895952,38.283600000000035,-15.141939999999977,11.201881845766424,6.384340044017847,44.485417999999996,0.035925048,28.75769208253011,24.332619605194264,166.1901,0.044757385,1.4169708029197081,3,0.05140251556520073,0.04381287122054251,36.40_60.40,3,38.0
36.40000000000001,60.79999999999994,15.651092034671557,9.945580918276166,40.84023000000002,-10.952499999999986,13.135455777396897,9.272555016765432,78.070975,0.014992385999999998,45.18274950527829,70.64735940720998,585.8007,0.026449175999999998,1.5583941605839415,6,0.06172060438118613,0.05428226279439492,36.40_60.80,6,97.5
36.40000000000001,61.19999999999994,16.645135994525567,10.146403326362519,41.18008000000003,-6.823579999999993,11.990574201428833,8.403892389930034,74.62091,0.024308763,35.862584318285585,49.01457565357878,529.6048499999999,0.02443481,1.4625912408759123,6,0.057933015066286495,0.047600050674873565,36.40_61.20,6,97.5
36.40000000000001,61.59999999999994,16.68815697992703,9.907576960353937,40.44155000000001,-5.0335399999999595,9.520646469756342,6.283098871083517,36.611293999999994,0.00029575805,22.15364698904485,19.817902635905707,181.16718,0.00019981786,1.2746350364963503,3,0.054076815951943434,0.04499474099952351,36.40_61.60,3,38.0
36.40000000000001,61.999999999999936,16.482050702554766,9.75891236564209,39.90396000000004,-5.5403799999999706,8.975853480144242,5.99329688943312,37.507355,0.00028593734,19.74451271797398,15.209390902168261,109.811296,0.00019981786,1.2408759124087592,3,0.05294677290741789,0.044167536635963345,36.40_62.00,3,38.0
36.40000000000001,62.399999999999935,16.253000182481774,9.747097982392763,39.54653000000002,-7.3519000000000005,8.795331270534344,5.849558132816049,39.50381,0.0005799751399999999,18.651594680632392,14.02408244768097,111.14506999999999,0.0005408784,1.2326642335766422,3,0.05271934333625913,0.044152976762806696,36.40_62.40,3,38.0
36.40000000000001,62.79999999999993,15.395511897810241,9.804874779787923,38.821439999999996,-9.119479999999953,8.391192119673393,5.659711066588594,39.355285,0.0005799751399999999,18.027233963712956,13.399173326142876,93.98745,0.0005408784,1.2098540145985401,3,0.05123191485410584,0.04326041660808922,36.40_62.80,3,38.0
36.40000000000001,63.19999999999993,14.57988966240878,9.656266086783603,37.790430000000015,-8.951499999999953,8.269570314668057,5.757532036446821,43.530637,0.00029575805,18.337203641598776,14.100956021857224,104.920936,0.00019981786,1.2098540145985401,3,0.04995125856760949,0.04429043481361837,36.40_63.20,3,38.0
36.40000000000001,63.59999999999993,14.062756669708053,9.58706766982561,37.204980000000035,-8.913919999999962,8.38246511775405,5.989951489100385,46.208132,0.0008468100400000001,19.197632244271897,15.229254458791878,123.66436,0.0010077412,1.2043795620437956,3,0.049643695090638686,0.04702320507184355,36.40_63.60,3,38.0
36.40000000000001,64.0,14.149584735401483,9.728659956568896,37.59316000000001,-9.666849999999954,8.67639797078741,6.297022015257881,48.19578,0.0005768038,20.64213361209092,17.28814994184242,156.64739,0.00055299385,1.2253649635036497,3,0.05076815007874088,0.04729154072622489,36.40_64.00,3,38.0
36.80000000000001,44.0,13.315753412408782,10.822419542361482,41.339260000000024,-15.255319999999983,17.879406638220804,10.930536453593371,79.20862,0.22951765,59.75980939385037,63.42328955926844,596.24136,0.23870335999999998,1.7737226277372262,6,0.09035661053941606,0.11325939067417355,36.80_44.00,6,97.5
36.80000000000001,44.4,11.316183804744549,10.744532709181323,39.38930000000005,-19.85589999999999,17.017170757755473,10.849028046852297,67.61225,0.12108883000000001,56.719843084981754,62.67711274178692,596.6312,0.1209238,1.7208029197080292,6,0.07861518547101277,0.10018100605086835,36.80_44.40,6,97.5
36.80000000000001,44.8,7.184928147810242,10.727217960844609,35.58486000000005,-25.087349999999986,13.468593420593065,10.172731078310758,61.571760000000005,0.20987825,45.745311994525544,58.674572882467224,624.50783,0.2098269,1.530109489051095,6,0.058737277501770074,0.07907796781212571,36.80_44.80,6,97.5
36.80000000000001,45.2,7.124848202554768,10.503504578517132,36.343650000000025,-21.77777999999998,12.344829378193431,9.520841131012418,57.351038,0.12532321,39.62219050830292,51.34376769746883,576.6169699999999,0.12535195,1.4607664233576643,6,0.05483075982542883,0.07357570121761707,36.80_45.20,6,97.5
36.80000000000001,45.6,8.748258321167906,10.392287423325469,38.689099999999996,-18.60980999999998,11.833277926333029,8.815168010876192,50.914977,0.024752991,36.57742508832664,44.29554327518646,504.51723000000004,0.024852785999999998,1.4443430656934306,6,0.05604176430164233,0.07311299040295076,36.80_45.60,6,97.5
36.80000000000001,45.99999999999999,9.74425319343068,10.431973636509316,39.854150000000004,-16.70745999999997,12.047469192326643,8.709617307307347,51.17574,0.07092538,37.161308478083946,43.12457378664913,442.3494,0.07592413999999999,1.447080291970803,6,0.059054966879479934,0.07518023742128191,36.80_46.00,6,97.5
36.80000000000001,46.39999999999999,9.304913768248198,10.36142650043956,38.865380000000016,-17.133249999999975,11.408145030766423,8.260876526409472,57.954534,0.05925453000000001,36.881499023166064,43.18096152993812,412.5259,0.09991055,1.4151459854014599,5,0.05757047812381387,0.07304862108688438,36.80_46.40,5,80.0
36.80000000000001,46.79999999999999,7.2009727281022125,10.251311759956183,36.51943,-20.473089999999985,9.502594594911496,7.931935715945621,75.44413399999999,0.016052035,33.838766281907844,43.356811548381316,528.0661,0.019390583,1.3056569343065694,6,0.05089458760464416,0.06644323202972319,36.80_46.80,6,97.5
36.80000000000001,47.19999999999999,5.604909689781045,10.318233226919604,35.502340000000004,-22.13714999999999,8.665321353237227,7.242035006490941,74.082266,0.010501849,30.181001656291972,39.02550173018967,498.98979999999995,0.017990956,1.2627737226277371,6,0.04648733074751825,0.061443613869846224,36.80_47.20,6,97.5
36.80000000000001,47.59999999999999,7.494706031021919,10.406196906201181,36.956200000000024,-23.25094999999999,8.98841841024635,6.815200702729419,82.25346400000001,0.13873357,27.790384088567517,36.24913137802935,593.7365,0.14944485999999998,1.2563868613138687,6,0.04915528675106752,0.06368769997805021,36.80_47.60,6,97.5
36.80000000000001,47.99999999999999,8.828957618613162,10.39536083109071,38.867819999999995,-25.680639999999983,10.353433254717153,7.080030447796646,83.97866,0.17052207,27.36052568915146,33.995848595992584,609.68813,0.28247127,1.3558394160583942,6,0.050577267692217154,0.06452113019808357,36.80_48.00,6,97.5
36.80000000000001,48.399999999999984,8.076707636861338,9.99166322237707,36.896630000000016,-24.86618999999999,10.844393691172446,7.501854784769956,73.56468,0.07125987,26.71804002651825,30.155311414505718,441.42283,0.07184834999999999,1.3987226277372262,6,0.04849739332599452,0.06206157488400258,36.80_48.40,6,97.5
36.80000000000001,48.79999999999998,7.954538750000023,9.32054800356147,34.65786000000003,-26.697239999999965,10.430765526076643,7.547522480186926,68.89380999999999,0.059003650000000005,25.68876186044708,29.22703354407596,406.6475,0.05906423,1.3613138686131387,5,0.04897710283229014,0.06150753663239208,36.80_48.80,5,80.0
36.80000000000001,49.19999999999998,10.039938932481773,8.482043682138674,30.38345000000004,-24.197239999999965,11.159562333111314,7.602278823990854,44.92884,0.06023225,24.328464141906935,23.907338533975192,190.96942,0.06730087,1.4233576642335766,3,0.05361462299671533,0.061992718179803785,36.80_49.20,3,38.0
36.80000000000001,49.59999999999998,11.506992509124112,8.470648903757732,31.49917000000005,-20.041969999999964,13.488977481113137,8.4887502397622,44.268887,0.08819921,26.20578260863686,22.552734800071693,233.7698,0.102089046,1.5337591240875912,3,0.05665465991385949,0.06059643278276406,36.80_49.60,3,38.0
36.80000000000001,49.99999999999998,9.097003594890532,8.331557687882416,30.665670000000034,-18.856419999999986,10.96770854403011,6.911170029187001,45.097075,0.01917126,24.803605183952556,22.821779013569262,191.56923,0.020347082,1.39507299270073,3,0.05086897912859489,0.05410303385504857,36.80_50.00,3,38.0
36.80000000000001,50.39999999999998,7.65935323905112,7.24271742675652,25.89712000000003,-13.738259999999968,9.975555313770986,6.355136755003063,31.906637000000003,0.0447508,24.483283612020074,22.45470583644536,198.90396,0.04558556,1.3312043795620438,3,0.04858338472358577,0.05048078590002544,36.80_50.40,3,38.0
36.80000000000001,50.799999999999976,11.611112910583962,6.079497725906309,26.603170000000034,-3.883759999999995,10.287283581900548,7.169192514232723,37.721033,0.034512259999999996,23.8255844195146,21.590634721266618,159.25045,0.034648910000000005,1.3658759124087592,3,0.05234168035604014,0.052923235873115836,36.80_50.80,3,38.0
36.80000000000001,51.19999999999997,15.173190063868635,5.414054485690684,28.691550000000007,2.886040000000037,10.37058660698814,6.401619968878736,34.951840000000004,0.021757636,25.357566176391423,21.96138975573637,137.49161,0.023075566,1.3704379562043796,2,0.05798015767046533,0.05326261107728452,36.80_51.20,2,20.5
36.80000000000001,51.59999999999997,16.742298813868636,5.283150581890049,29.275540000000035,3.9466000000000463,10.493857316618612,6.901081211332286,45.01625,0.013540805,27.569173208678833,26.336588222578715,206.91871,0.019615962,1.3576642335766422,3,0.06098079868241789,0.05495423252522075,36.80_51.60,3,38.0
36.80000000000001,51.99999999999997,17.094934069343086,5.387138788221621,29.907860000000028,5.333300000000008,10.845925159017362,6.895406728056991,46.876593,0.0008647220299999999,28.0671982021594,26.053596673637074,225.72252,0.0011740717,1.3759124087591241,3,0.06165095855664233,0.05384524513820939,36.80_52.00,3,38.0
36.80000000000001,52.39999999999997,17.606580483576664,5.505939246302015,30.877830000000017,6.464440000000025,12.442454711498723,8.302168675945495,51.35828,0.0008078786,30.081796255809675,26.631107141176066,211.8509,0.0007193244000000001,1.4498175182481752,3,0.06292822397127738,0.0539304405033945,36.80_52.40,3,38.0
36.80000000000001,52.79999999999997,17.05821922445258,5.813642087460984,31.661040000000014,5.885340000000042,11.990814107097627,6.825487442267235,38.50999,0.011949189,28.599384446345347,24.072463175003016,160.22571,0.012088008499999999,1.4425182481751824,3,0.062098046991733574,0.05247888184469088,36.80_52.80,3,38.0
36.80000000000001,53.19999999999997,16.057140583941628,6.408303888932063,32.60000000000002,2.677400000000034,10.94864942296533,6.121169856239197,33.520723999999994,0.09075523,26.11231170626825,21.761992255006724,145.20292999999998,0.09474847,1.3813868613138687,2,0.05976120348614964,0.050217507225547145,36.80_53.20,2,20.5
36.80000000000001,53.599999999999966,15.598380164233598,6.712042877316327,32.53164000000004,0.6842300000000137,10.938654480118613,6.005849431505089,42.663086,0.06949579,25.7878901584854,21.70200987063511,190.06556,0.0729206,1.3768248175182483,3,0.05787861224805657,0.04929744487251208,36.80_53.60,3,38.0
36.80000000000001,53.999999999999964,13.388572992700752,7.272178160759267,31.715000000000032,-3.0912199999999643,10.760247380282847,5.7671646861713635,41.646874000000004,0.19654084,24.155023007235403,18.715239186200105,165.27399,0.19934036,1.3768248175182483,3,0.052101803696806566,0.04607052608279081,36.80_54.00,3,38.0
36.80000000000001,54.39999999999996,11.750507947080314,8.195763820046647,33.438620000000014,-8.082429999999988,10.784347103248175,5.6846922488624445,37.672358,0.24372088,22.264136223010947,16.086764829944503,126.16094000000001,0.24572460000000002,1.3759124087591241,3,0.04887786149701642,0.04421517680194553,36.80_54.40,3,38.0
36.80000000000001,54.79999999999996,10.474035054744549,8.343081603414912,34.36294000000004,-9.940799999999967,10.447881413330292,5.449308604428684,34.581532,0.1142105,22.15092559010949,15.83560442147767,125.02406,0.12476179999999999,1.35492700729927,2,0.04694527974431569,0.04304584572628262,36.80_54.80,2,20.5
36.80000000000001,55.19999999999996,9.513611961678855,8.50293952974065,35.242819999999995,-10.253269999999986,9.902898012707118,5.7087045448825915,36.486803,0.048076557,21.07238018789781,16.113655421464646,158.18325,0.0627375,1.3312043795620438,3,0.04399475929544708,0.04184635567886076,36.80_55.20,3,38.0
36.80000000000001,55.59999999999996,11.14710735401462,8.86502672613731,35.646630000000016,-10.957369999999969,9.295394011608577,5.529905125644024,34.984660000000005,0.010412091,19.9533653801542,15.541211812432971,172.81953,0.010447320000000001,1.2883211678832116,3,0.045468222900136857,0.042146956397838914,36.80_55.60,3,38.0
36.80000000000001,55.99999999999996,11.979668604014622,9.280438276508178,35.65884,-10.82553999999999,8.651370665143842,5.347464652759944,30.72013,0.00069493245,18.94329096938586,14.92989062702985,119.11664999999999,0.0006715554,1.2454379562043796,2,0.045474214523686135,0.041707577254659754,36.80_56.00,2,20.5
36.80000000000001,56.39999999999996,13.277000711678854,9.624973909749611,36.758200000000045,-8.015969999999982,8.459689191684763,5.1033053941754565,30.120006000000004,0.002454013,19.180164838340602,15.009373377624943,126.73125,0.0024892419,1.2281021897810218,2,0.04687223819671533,0.04236749356896941,36.80_56.40,2,20.5
36.80000000000001,56.79999999999996,13.30018481751827,9.826092965342582,37.20522,-7.717139999999972,8.918737903714872,5.311596217307762,33.440713,0.0015160965,20.180797860986406,16.198455455310427,121.39252000000002,0.0015797470999999999,1.2664233576642336,2,0.04660970101932482,0.042326101637221614,36.80_56.80,2,20.5
36.80000000000001,57.19999999999995,12.419252472627761,9.896271196060383,36.98794000000004,-10.253269999999986,9.389969235886861,5.526473627052426,30.265852,0.029936123,20.494085702135038,16.379515611980572,122.99277000000001,0.030629499999999997,1.302919708029197,2,0.04561018999839416,0.04183943146581229,36.80_57.20,2,20.5
36.80000000000001,57.59999999999995,11.358273147810241,9.966970692999823,36.309230000000014,-11.979829999999993,9.252356650718067,5.507691256658916,32.936693,0.010384161,20.318347057607664,17.15622983461914,120.79825,0.010428548,1.2974452554744527,2,0.04412163390878649,0.040752131630674045,36.80_57.60,2,20.5
36.80000000000001,57.99999999999995,9.952155209854038,9.882893080532082,35.020650000000046,-14.457369999999969,9.250785282922445,5.579428680129783,33.720365,0.010071523,20.94056242475365,18.295832438233873,171.9359,0.010201174,1.2947080291970803,3,0.04237643925607664,0.039395669492544964,36.80_58.00,3,38.0
36.80000000000001,58.39999999999995,9.099284315693454,9.785742212872618,34.04946000000001,-17.61164999999997,10.076403811812044,6.462061916117991,41.07306,0.06063947,22.26346475009124,19.301152014025032,195.05877,0.061434010000000004,1.3312043795620438,3,0.04157471141541058,0.03894782296151647,36.80_58.40,3,38.0
36.80000000000001,58.79999999999995,8.704172372262796,9.660331450643891,32.72770000000003,-19.488609999999966,10.208623807948905,7.047720444588334,44.539828,0.014878699,22.741060722381388,19.914757050667607,207.95359,0.015080492000000001,1.3366788321167884,3,0.040663300862728104,0.038434065367446195,36.80_58.80,3,38.0
36.80000000000001,59.199999999999946,8.941041240875936,9.387465578544516,31.600240000000042,-18.465169999999972,10.705555094236313,7.289843718151939,48.717542,0.03420546,23.53665306826642,18.348948916139584,166.00428,0.03463463,1.3576642335766422,3,0.04071647277572993,0.03787321515714931,36.80_59.20,3,38.0
36.80000000000001,59.599999999999945,9.9535001642336,9.118684619733274,32.96816000000001,-16.03353999999996,10.857201842294709,7.04549036788558,47.918316000000004,0.030444362,24.523167563124087,17.401090058924055,107.187844,0.032902833,1.3786496350364963,3,0.04259046089907847,0.03878553250647081,36.80_59.60,3,38.0
36.80000000000001,59.99999999999994,12.484334589416083,9.192012171995833,36.99355000000003,-13.762059999999963,10.739226890345803,6.3741058349536255,35.61115,0.06603183,23.940093485907845,17.15791631591814,130.50024000000002,0.06784546500000001,1.3585766423357664,3,0.047031531839315695,0.04184032802670763,36.80_60.00,3,38.0
36.80000000000001,60.39999999999994,15.425573193430681,9.708969999735816,41.44375000000002,-9.847999999999956,10.817958097241787,6.037554496074598,45.079975,0.021154058,28.613889058244524,23.479326917422497,180.15248,0.0278277,1.3804744525547445,3,0.053685885275182484,0.04465686180211191,36.80_60.40,3,38.0
36.80000000000001,60.79999999999994,16.78136709854017,10.135388163756222,42.33242000000001,-6.246219999999994,15.271081369512773,15.276567802767575,161.07013,0.010410651,72.63943414817153,145.64795941678304,1452.9093,0.010547301,1.7354014598540146,6,0.06458516856540146,0.05384534650109944,36.80_60.80,6,97.5
36.80000000000001,61.19999999999994,17.121856541970825,10.02063623867066,41.93887000000001,-4.052099999999996,11.397224655548358,7.839934279872669,70.83427,0.025925035000000003,36.65131486847628,50.9845912049069,525.8732,0.04732658,1.4315693430656935,6,0.05730832136887774,0.04698096385140271,36.80_61.20,6,97.5
36.80000000000001,61.59999999999994,17.19336967153287,9.790353394064333,41.18008000000003,-3.6409699999999816,8.844942805779517,5.766516839074024,36.44789,0.00028593734,19.46710831464821,15.688143079396925,129.7169,0.00019981786,1.2244525547445255,3,0.05351088083222628,0.04480564169403541,36.80_61.60,3,38.0
36.80000000000001,61.999999999999936,16.852942609489077,9.66811412386525,40.133200000000045,-4.716160000000002,8.657577307092472,5.691779341297573,38.550343,0.00028593734,18.29234285322033,14.767300920823278,106.43045599999999,0.00019981786,1.2235401459854014,3,0.05279415975390511,0.04435553255207199,36.80_62.00,3,38.0
36.80000000000001,62.399999999999935,16.590751496350386,9.67692352751818,39.84585000000004,-5.460299999999961,8.650172922139872,5.747809705805157,40.166764,0.0019797443,17.768333891233393,14.415743434274564,107.35066,0.0020188072,1.2262773722627738,3,0.05251126383885949,0.04415327280470805,36.80_62.40,3,38.0
36.80000000000001,62.79999999999993,16.234010529197104,9.693185833027552,39.708150000000046,-5.786469999999952,8.330614441059671,5.614667727310415,35.43149,0.0011057767000000002,17.84966391126962,14.650879877797086,121.39307,0.0011093125,1.2098540145985401,2,0.05168366690791058,0.04414598337951491,36.80_62.80,2,20.5
36.80000000000001,63.19999999999993,15.663691021897835,9.539765153697186,38.953520000000026,-5.9749499999999784,8.212313921430155,5.6624320034188225,36.310876,0.0004773278,18.13283794846294,16.167504708414878,189.6183,0.00021193334,1.2107664233576643,3,0.050946268219096716,0.04602097371937858,36.80_63.20,3,38.0
36.80000000000001,63.59999999999993,15.4696976642336,9.485246108974778,38.81582000000003,-6.24643999999995,8.344087754706552,5.817904892135513,38.588463999999995,0.00039206268000000004,18.996281611024763,17.514953414531956,241.46883,0.00021193334,1.2144160583941606,3,0.05122236076040146,0.04856482612495342,36.80_63.60,3,38.0
36.80000000000001,64.0,15.27324125912411,9.541842527940188,38.83975000000004,-6.8811999999999784,8.656400126094004,6.115116532423517,41.652992,0.00030679756,20.728325779692618,20.67301139415488,280.97975,0.00021193334,1.2335766423357664,4,0.051759167897080294,0.049077584378150116,36.80_64.00,4,58.0
37.20000000000001,44.0,7.432428275547467,10.764663256955329,35.30703,-24.444769999999977,11.30609819740876,8.546709281865011,52.955826,0.27853783,39.95004944332116,51.08305812155848,519.7456400000001,0.3041466,1.3932481751824817,6,0.059548196089178836,0.0803296323703589,37.20_44.00,6,97.5
37.20000000000001,44.4,5.876415529197104,10.73536793726674,33.95303000000001,-26.694769999999977,10.834263817226278,8.681816562917117,52.728417,0.15954667,37.9488603597719,52.01530791892778,531.2294,0.22075966,1.3832116788321167,6,0.05077129677455292,0.06988848940761265,37.20_44.40,6,97.5
37.20000000000001,44.8,7.3349117974452795,10.5285988718926,35.866600000000005,-23.046329999999983,11.14413368888686,8.51922876776889,53.38101,0.11998038999999999,35.765244347956205,48.221464278594745,559.39796,0.12251541,1.4096715328467153,6,0.05042191664123175,0.06876960191398951,37.20_44.80,6,97.5
37.20000000000001,45.2,8.403797217153308,10.258474051307097,37.69497000000001,-18.53115999999997,10.855617876833941,8.057451648726365,50.20093,0.19350041999999998,30.670300333713506,40.075481534678026,505.8155,0.23126866999999998,1.3804744525547445,6,0.050159383541578464,0.06741348696820534,37.20_45.20,6,97.5
37.20000000000001,45.6,10.388013895985425,9.880179313181609,39.464260000000024,-12.494539999999972,11.27266097640511,7.721698316609857,42.618147,0.07069022,31.61919337834854,37.27993713381771,427.0443,0.2789604,1.4041970802919708,6,0.054753638330456204,0.0719664953023219,37.20_45.60,6,97.5
37.20000000000001,45.99999999999999,11.035194041970826,9.988350423586876,40.218650000000025,-11.718179999999961,11.652218840054744,8.00237758449865,47.394813,0.09695188,33.584445920930655,38.72969586378122,369.2998,0.16084821000000002,1.4087591240875912,5,0.058177005285739054,0.07467806211578587,37.20_46.00,5,80.0
37.20000000000001,46.39999999999999,9.023727937956227,10.20579533126894,38.365620000000035,-17.05804999999998,11.086734196187956,7.865068786061373,47.87099,0.05386664,33.80018569007847,38.93852385923306,359.67122,0.057095106,1.3813868613138687,5,0.05418687315245438,0.06973217053160562,37.20_46.40,5,80.0
37.20000000000001,46.79999999999999,6.825519516423381,10.199178223975794,36.10000000000002,-21.954529999999977,9.576595187080292,7.230392688230608,45.028052,0.08000471,31.394948371573907,37.42839649926877,317.3222,0.080015355,1.2974452554744527,4,0.04802269736548358,0.06264872373047209,37.20_46.80,4,58.0
37.20000000000001,47.19999999999999,7.805872655109513,10.162300164471073,36.91128000000003,-19.460399999999964,9.457741726058394,6.784004619494014,45.73293,0.16382971,29.256005723649633,34.43957522039007,278.85028,0.17839083,1.2956204379562044,4,0.04904433426548358,0.06332480430217484,37.20_47.20,4,58.0
37.20000000000001,47.59999999999999,10.022453385036519,10.232294513373228,39.34976,-20.74411999999998,10.116444826409671,6.921219508333453,61.12277600000001,0.06506427000000001,28.199896429324816,33.04247386628748,366.7475,0.07631553,1.3284671532846715,5,0.05251289707273723,0.06589783989109187,37.20_47.60,5,80.0
37.20000000000001,47.99999999999999,10.266427837591264,10.153261547302519,40.543600000000026,-24.579079999999976,10.052907584326642,6.816037124340895,71.80861399999999,0.071654106,26.37046349984489,31.339923811261883,485.24197000000004,0.08876308000000001,1.3257299270072993,6,0.05189592770066606,0.06540316719549741,37.20_48.00,6,97.5
37.20000000000001,48.399999999999984,8.538069169708052,9.890452742614363,37.17983000000004,-25.985329999999976,9.78679782826095,7.290275617798948,70.786214,0.038191852000000005,25.962375987633212,31.65805603050627,474.59141999999997,0.038373225,1.302919708029197,6,0.04864722026457117,0.06247704566268209,37.20_48.40,6,97.5
37.20000000000001,48.79999999999998,8.143510629562066,8.884219098752546,28.91763000000003,-24.470679999999987,10.006504953485402,6.796545426457649,49.912718,0.08236766999999999,24.569635691541972,26.455232552841384,316.9889,0.08908495000000001,1.3202554744525548,4,0.05054723479906934,0.06401854212930735,37.20_48.80,4,58.0
37.20000000000001,49.19999999999998,11.546001167883235,7.628137046844689,29.81826000000001,-16.950169999999957,11.789876604251825,7.439365467025624,55.161507,0.16095686,23.816890640237226,20.630932452345384,137.39754,0.16477956,1.437956204379562,3,0.05582511298364051,0.06318802388472178,37.20_49.20,3,38.0
37.20000000000001,49.59999999999998,14.31973645072995,7.252219057013606,31.977930000000015,-9.841769999999997,13.79213082984489,8.235008650469805,44.932403,0.15600561,25.678761062810217,18.487290619943987,136.18109,0.20334333,1.5383211678832116,3,0.06150583937488139,0.06326620995933946,37.20_49.60,3,38.0
37.20000000000001,49.99999999999998,13.971559963503672,6.61191748105332,29.71890000000002,-4.748999999999967,10.973189035346715,6.708483755495759,38.460980000000006,0.1354131,22.755412585830292,17.57887302268947,120.40071,0.20349002,1.4187956204379562,3,0.05966969771391424,0.0605352366598088,37.20_50.00,3,38.0
37.20000000000001,50.39999999999998,15.084028430656959,5.430537588920276,27.963040000000035,3.2496000000000436,9.587617745419708,6.4149095073034035,36.011084,0.02004406,23.056492945052007,20.28275638483079,154.45943,0.021022281,1.3065693430656935,2,0.060942093289525545,0.05945576322015629,37.20_50.40,2,20.5
37.20000000000001,50.799999999999976,16.964937682481775,5.178235144503851,29.117580000000032,5.9407300000000305,9.720506284023724,6.700633955634139,35.481776,0.015809104,26.106449182580292,24.897492402262476,176.8392,0.020919641,1.3047445255474452,3,0.06501697487983578,0.06140459147216892,37.20_50.80,3,38.0
37.20000000000001,51.19999999999997,17.48821902372265,5.283973766638622,30.255269999999996,6.5354600000000005,9.50127410522283,6.766384564478613,50.275119999999994,0.00030645522,26.611414254525283,26.82667708421449,242.37740000000002,0.00021155771,1.2974452554744527,3,0.06476993558082117,0.06031730754691227,37.20_51.20,3,38.0
37.20000000000001,51.59999999999997,17.280396286496373,5.390448246266736,30.21523000000002,6.28866000000005,9.477333601490457,6.697740632061086,53.824877,0.00030645522,27.12527571144654,27.904122986365614,277.20355,0.00021155771,1.302919708029197,4,0.06396258285336678,0.058628480757275586,37.20_51.60,4,58.0
37.20000000000001,51.99999999999997,17.41592844890513,5.483604584981845,30.589500000000044,6.807200000000023,9.46723409582032,6.634517567311732,54.69245,0.00029575805,27.434315010938477,28.828214645032716,294.14608,0.00019981786,1.2983576642335766,4,0.06365506556820255,0.05683422466274478,37.20_52.00,4,58.0
37.20000000000001,52.39999999999997,17.32620367700732,5.600055055756131,30.646140000000003,7.014250000000004,9.495509888610629,6.491147935299401,52.574577999999995,0.00029575805,28.11696051256684,29.402795151151174,288.99402000000003,0.00019981786,1.311131386861314,4,0.06303223800551094,0.05489497642174589,37.20_52.40,4,58.0
37.20000000000001,52.79999999999997,17.18975010036499,5.6737675391749365,30.684230000000014,6.693020000000047,9.445453227332253,6.318241836202441,48.23299,0.00029575805,28.559369405027976,29.795647583338884,265.6141,0.00019981786,1.312956204379562,4,0.06267981250876825,0.05401210290496276,37.20_52.80,4,58.0
37.20000000000001,53.19999999999997,17.172494644160608,5.793689318724595,30.63100000000003,5.351950000000045,9.474005830008194,6.224640178587698,43.50885,0.00035313125999999995,29.101203121792555,30.187740226733627,232.44073,0.00026457704,1.3056569343065694,3,0.06218916094947992,0.05331634335042156,37.20_53.20,3,38.0
37.20000000000001,53.599999999999966,17.48863353102192,6.006733976748276,31.268950000000018,4.665430000000015,9.819539572351879,6.209965214825847,58.924538,0.00031671145,29.577686014568094,30.634536554831552,311.85624,0.00022826435,1.3175182481751824,4,0.06271791975607664,0.053522789837012155,37.20_53.60,4,58.0
37.20000000000001,53.999999999999964,17.417128740875935,7.3600164296692645,35.83510000000001,1.0504400000000373,10.168885912149635,6.081626845400731,64.862014,0.002220966,27.488119403224907,26.527598013100448,315.89775000000003,0.0022746275,1.3184306569343065,4,0.06203864563702554,0.0529326325258927,37.20_54.00,4,58.0
37.20000000000001,54.39999999999996,16.436756998175206,8.51826314948679,37.689099999999996,-3.43295999999998,10.711235134494526,5.843273732644211,57.117184,0.018614336,25.37483181824635,22.103674296031354,246.12223000000003,0.018519858,1.3677007299270072,4,0.059653255678658756,0.05105617762767383,37.20_54.40,4,58.0
37.20000000000001,54.79999999999996,16.454750401459876,8.754798313553843,38.71646000000004,-3.3870599999999627,11.480627900866788,6.2811728920693755,52.269435,0.10970592,25.40170214643248,22.042823308783206,199.29942,0.10969670000000001,1.4096715328467153,3,0.059283928964470795,0.050932476358912945,37.20_54.80,3,38.0
37.20000000000001,55.19999999999996,14.435023020073016,8.760810794529467,38.28872000000001,-5.742529999999988,10.514671595109489,5.735650511410511,41.953818,0.08376853000000001,23.252713046560217,18.6926985066008,139.60634,0.08366164999999999,1.3394160583941606,3,0.05396459914255475,0.04722520115778842,37.20_55.20,3,38.0
37.20000000000001,55.59999999999996,11.303023804744548,8.587488379636028,36.89956000000001,-7.989599999999996,9.053052927682481,5.458931759507923,31.556883000000003,0.013367949,20.09618624286405,16.866580737839694,146.87552,0.013403178,1.2536496350364963,2,0.04567618513581204,0.04245581266736603,37.20_55.60,2,20.5
37.20000000000001,55.99999999999996,10.870306760948928,8.878554017860926,36.12417000000005,-9.854829999999993,8.376115650616242,5.035581998715806,28.384651,0.0008938844000000001,19.35810039881697,15.34360378633956,149.67681,0.0008989291,1.2125912408759123,2,0.04358435697819343,0.040645062315092115,37.20_56.00,2,20.5
37.20000000000001,56.39999999999996,10.872074333941628,9.129428763041616,35.59878000000003,-11.269869999999969,8.54855014151323,5.25203494757425,29.680052,0.0011781015000000001,19.73880210683914,15.280915185303549,149.68394,0.0012399897000000002,1.2308394160583942,2,0.04290768993064781,0.0399949232288396,37.20_56.40,2,20.5
37.20000000000001,56.79999999999996,11.412545082116809,9.320978664361247,36.320460000000026,-9.507180000000005,8.968296842164644,5.328324117900605,34.155057,0.00025439595,20.234728787388384,15.240228368468456,150.67688,0.00021680807,1.2618613138686132,2,0.04317822154749088,0.03964934382318096,37.20_56.80,2,20.5
37.20000000000001,57.19999999999995,10.932109689781043,9.551512432065191,36.24233000000004,-10.57065,9.674113084313868,5.816106499195903,37.18145,0.03536942,20.621936065855838,15.917906536018593,141.21632,0.035346042,1.3202554744525548,3,0.04237997745042883,0.03911846808723825,37.20_57.20,3,38.0
37.20000000000001,57.59999999999995,9.719914589416081,9.596190912425762,35.47280000000001,-12.242039999999974,9.576856789822992,5.631836462913198,32.24842,0.022605496000000003,20.500917026248175,16.31791963029641,121.57055000000001,0.022706725,1.322080291970803,2,0.040776725992901455,0.03779365948240013,37.20_57.60,2,20.5
37.20000000000001,57.99999999999995,8.689684051094913,9.473812298119132,34.28384,-13.948579999999993,9.38324871226688,5.779764056561484,33.490988,0.0019060075,20.777791452615876,17.572924606941136,123.21835999999999,0.0023168549999999996,1.302919708029197,2,0.03927624796586679,0.03689300255435014,37.20_58.00,2,20.5
37.20000000000001,58.39999999999995,8.153735702554767,9.408911443149377,33.150540000000035,-17.29231999999999,9.730645923194343,6.270225366695646,46.383914,0.004492383,21.477745429471714,18.310905212749592,149.75471,0.005045339,1.312956204379562,3,0.038834627888476275,0.03664348540015732,37.20_58.40,3,38.0
37.20000000000001,58.79999999999995,9.013330191605862,9.127508585968728,33.07680000000005,-16.827499999999986,9.597616158502737,6.007826790259699,45.450175,0.014979992999999999,21.56873346704106,17.428579989055326,177.05764,0.015618215000000001,1.301094890510949,3,0.04128031008747263,0.0383457613225627,37.20_58.80,3,38.0
37.20000000000001,59.199999999999946,10.218322600364987,8.771257533294765,33.312160000000006,-13.838229999999953,9.732838677099453,5.844761460835578,39.533795,0.025930345,22.221236705693432,16.700421131905742,151.50675,0.029546709999999997,1.2965328467153285,3,0.04398741737403285,0.03985832073029732,37.20_59.20,3,38.0
37.20000000000001,59.599999999999945,12.554741970802942,8.946319715405231,35.36930000000001,-10.526700000000005,10.240192740513685,5.790416370282283,42.87529,0.03039101,26.519185921162407,19.03447839859365,165.54496,0.030346524,1.322992700729927,3,0.04872008878437044,0.042645580245724596,37.20_59.60,3,38.0
37.20000000000001,59.99999999999994,15.401116332116809,9.485885397250792,39.474019999999996,-8.522799999999961,10.096124779529198,5.979103774508016,38.893045,0.045776767999999995,23.976894036642335,19.203163684132242,184.49678,0.046363560000000005,1.311131386861314,3,0.05270821659944343,0.046298846584848466,37.20_60.00,3,38.0
37.20000000000001,60.39999999999994,16.80655743613141,9.872863350590471,41.508200000000045,-5.5755399999999895,10.061747801468066,5.939828927932986,33.61362,0.03837751,22.430848093846713,18.294101251491515,171.95316,0.038531975999999996,1.3038321167883211,3,0.05487522661652373,0.047932038778860556,37.20_60.40,3,38.0
37.20000000000001,60.79999999999994,16.700044452554767,9.88111146792181,41.341200000000015,-4.139999999999986,9.755413074936131,5.99401482093128,34.580043999999994,0.03365961,21.62468466468978,17.97017857424654,182.31695000000002,0.033739414,1.2782846715328466,3,0.05424535295747263,0.04739932567146839,37.20_60.80,3,38.0
37.20000000000001,61.19999999999994,16.79638004562046,9.828250781696156,41.11953,-3.388999999999953,9.238270628487271,5.893033523684769,34.99422,0.00029575805,20.168194990754436,16.616735261678162,151.81216999999998,0.00019981786,1.2472627737226278,2,0.053480826040574816,0.04614260062316609,37.20_61.20,2,20.5
37.20000000000001,61.59999999999994,16.58742861313871,9.691637998483232,40.47890000000001,-4.139999999999986,8.847959848512819,5.723755278033594,35.804429999999996,0.00029575805,18.72806513417688,15.860460603406148,135.44877,0.00019981786,1.2308394160583942,3,0.052767424645237225,0.04520931550686983,37.20_61.60,3,38.0
37.20000000000001,61.999999999999936,16.291012819343088,9.49609021918002,39.22036000000003,-4.797219999999982,8.716164806797956,5.686338585289331,37.724288,0.00087129766,17.802316039045756,15.334354592649088,130.19914,0.00076825205,1.2335766423357664,3,0.05232398604226277,0.04503520446874008,37.20_62.00,3,38.0
37.20000000000001,62.399999999999935,16.564449844890536,9.583628240472683,40.15005000000002,-4.9505399999999895,8.555857218684581,5.791486082847752,35.70131,0.0005544467999999999,17.773709055903193,16.0119051845325,147.30145,0.0007870235,1.2262773722627738,3,0.05220081553364051,0.04537720207488117,37.20_62.40,3,38.0
37.20000000000001,62.79999999999993,16.442600027372286,9.62095693936672,40.25015000000002,-5.082369999999969,8.213091019442334,5.621808493494447,32.054339999999996,0.0010091941,17.94531206714489,17.0422547327986,180.22175000000001,0.0015828313,1.2135036496350364,3,0.05173149794304744,0.045755037776488414,37.20_62.80,3,38.0
37.20000000000001,63.19999999999993,16.450788448905133,9.645590126546468,40.14468000000005,-5.252299999999991,8.261915365304297,5.702128902325588,35.042446999999996,0.00030679756,18.775564805175403,18.306232602359852,230.02315000000002,0.00021193334,1.2162408759124088,3,0.05233227567916971,0.04917739794699605,37.20_63.20,3,38.0
37.20000000000001,63.59999999999993,16.45833428832119,9.634007999812063,40.30850000000004,-5.390969999999982,8.385059937446588,5.867916062690758,44.141302,0.00030679756,19.649918026270566,20.60429920786529,296.79006,0.00021193334,1.2235401459854014,4,0.05296180187789234,0.05108539169925417,37.20_63.60,4,58.0
37.20000000000001,64.0,16.547666049270095,9.709854596466629,40.90957000000003,-5.885099999999966,8.974595733113594,6.13639968390899,51.87593,0.0047331323,23.577702141356752,24.553715370829934,306.27245,0.0046508326999999995,1.2582116788321167,4,0.054588930316788326,0.050727706976964985,37.20_64.00,4,58.0
37.60000000000001,44.0,1.9510411040146218,10.729769866266802,30.638329999999996,-28.261179999999968,7.68786986655657,6.86996285026005,52.266816999999996,0.094828936,26.116632888677007,39.680762513077525,368.4674,0.10011844,1.2125912408759123,5,0.03837010542545621,0.051646644684380016,37.60_44.00,5,80.0
37.60000000000001,44.4,3.9555424178832346,10.777420244593383,32.94912000000005,-27.773869999999988,8.371097988197993,7.205570588700735,54.070004000000004,0.071039966,26.62869276,39.673053458150164,419.6599,0.07601683000000001,1.2527372262773722,5,0.0408223267335,0.05631747797201121,37.60_44.40,5,80.0
37.60000000000001,44.8,6.088469653284694,10.505905493238398,35.213040000000035,-23.66874999999999,8.937020823667883,6.875584284019575,46.076693,0.07595692,25.240164437016425,35.59477533166574,445.50188,0.08784026,1.2755474452554745,6,0.04203637405254562,0.057331164894677086,37.60_44.80,6,97.5
37.60000000000001,45.2,9.904314096715352,9.085599805469911,35.322900000000004,-11.888459999999952,10.808836667089416,7.311663814027787,42.24093,0.14308031,29.014087336952556,35.4830245529979,433.26634,0.18355946,1.3695255474452555,6,0.048828987097490874,0.06451639574006937,37.60_45.20,6,97.5
37.60000000000001,45.6,11.82080076642338,8.633112957722368,36.52847000000003,-6.778999999999996,11.366441253644162,7.651713751852214,46.182790000000004,0.027062894,30.899386054151456,35.48326516442588,340.3979,0.02712637,1.3968978102189782,4,0.05346620846676095,0.06887795126505099,37.60_45.60,4,58.0
37.60000000000001,45.99999999999999,8.756238020073015,9.83548655873757,37.43008000000003,-15.362739999999974,10.24289783395073,7.228789778679953,48.89732,0.09132438,29.821159418385037,35.850379823686275,341.15524,0.09147312,1.3275547445255473,4,0.049418440552344886,0.06506493513230668,37.60_46.00,4,58.0
37.60000000000001,46.39999999999999,6.143964644160607,10.231709045381391,35.56582000000003,-22.960399999999964,9.68483552139781,7.148458241222497,50.630305,0.027602906,30.188559448828467,36.667340067920556,332.54418,0.027808492,1.3056569343065694,4,0.044445559609735404,0.059101268980731474,37.60_46.40,4,58.0
37.60000000000001,46.79999999999999,6.3545295437956435,10.270730734988193,35.48720000000003,-24.35589999999999,10.082645384029197,7.155187392235943,47.770683,0.042069556,29.947082773145986,35.233078777369435,346.80806,0.042133033,1.3284671532846715,4,0.04469104650656935,0.05840048144845843,37.60_46.80,4,58.0
37.60000000000001,47.19999999999999,8.087632919708051,10.272543156902113,37.30605000000003,-22.18206999999998,10.476745571263686,7.397916238789447,43.940194,0.051891005,29.27005645302646,34.269704408902435,320.7116,0.052983187,1.3403284671532847,4,0.04703042544504562,0.059991451763671495,37.60_47.20,4,58.0
37.60000000000001,47.59999999999999,7.8127471259124315,9.878800312800458,36.287000000000035,-21.65179999999998,9.34839701409033,6.844173405704613,42.091823,0.015021054,27.71563856915967,33.81835378441469,278.56413,0.02686713,1.2837591240875912,4,0.045564525618914234,0.0573944300123197,37.60_47.60,4,58.0
37.60000000000001,47.99999999999999,8.030317290146009,9.693266583469725,37.41616000000005,-24.17230999999998,8.717131633972627,6.526268292604522,42.385512000000006,0.004383923,25.634906541309487,31.478755449672835,256.61194,0.0044654462,1.2490875912408759,4,0.04482053375883212,0.055728723420256795,37.60_48.00,4,58.0
37.60000000000001,48.399999999999984,8.219201277372285,9.1502790175227,35.18960000000004,-25.148869999999988,9.030000414448905,6.540760827877574,47.495018,0.028895538999999998,24.22637520700365,29.089404414165354,296.85353000000003,0.030224837,1.2509124087591241,4,0.04578008693154197,0.05673482856545353,37.60_48.40,4,58.0
37.60000000000001,48.79999999999998,8.486467974452577,7.717997856602652,27.42935,-19.599069999999983,9.864867754361313,6.575968283890944,47.826543,0.10065704,22.455268691437045,23.68365221231541,297.01593,0.107488005,1.3403284671532847,4,0.049919624433038316,0.060209359666645326,37.60_48.80,4,58.0
37.60000000000001,49.19999999999998,14.31173095802922,5.835740274055935,28.87050000000005,-2.2631299999999896,10.971860328923357,6.973182967476037,54.820116,0.06483212000000001,23.236909266368613,19.57147991073382,160.74841,0.06537068,1.3704379562043796,3,0.05809531278283759,0.06226743804716053,37.60_49.20,3,38.0
37.60000000000001,49.59999999999998,16.76723061131389,5.6401679324094465,30.46010000000001,3.3487800000000334,11.479112727369525,7.4388852630695785,47.597798000000004,0.026947507,24.427189475075732,19.595168074574605,129.19607,0.026925243,1.4151459854014599,3,0.06402065610416059,0.06396759986609701,37.60_49.60,3,38.0
37.60000000000001,49.99999999999998,16.02124489051097,5.463673993266915,29.141999999999996,4.506000000000029,10.059363419566607,7.104587700793251,49.985203999999996,0.006620859000000001,23.18210418586314,21.134363942043393,174.97625,0.016579741000000002,1.342153284671533,3,0.0642716274542792,0.06437816969809242,37.60_50.00,3,38.0
37.60000000000001,50.39999999999998,16.94364727189783,5.285239829840665,29.661280000000033,6.516200000000026,9.38672492481073,6.950127514006969,44.463345,0.00087967356,24.430497929459396,24.299115116574207,165.86094,0.0041966283000000005,1.2846715328467153,3,0.06636355349722628,0.06508402033763541,37.60_50.40,3,38.0
37.60000000000001,50.799999999999976,16.97033542883214,5.3071500611219475,29.75723000000005,6.47714000000002,9.171165781738658,6.915685163389683,56.85827,0.00029575805,25.150935541262466,26.568823149020076,290.19705,0.00019981786,1.3001824817518248,4,0.06584497909447992,0.06481641571193564,37.60_50.80,4,58.0
37.60000000000001,51.19999999999997,17.044889233576665,5.323319608416707,30.07510000000002,6.4993200000000115,9.15688700104084,6.97828881809632,60.45276,0.00030426833,26.280041483941762,29.433446063100405,327.6273,0.00020915761999999998,1.2974452554744527,4,0.0654638108209124,0.06368776149878874,37.60_51.20,4,58.0
37.60000000000001,51.59999999999997,17.20110372262776,5.349468145314301,30.29824000000002,6.958300000000008,9.224341153742062,7.07388805317831,60.20731000000001,0.00029575805,27.517553819888576,32.02124576942212,341.03167,0.00019981786,1.2974452554744527,4,0.06520968774235401,0.061838344771064806,37.60_51.60,4,58.0
37.60000000000001,51.99999999999997,17.154800483576665,5.463853818355644,30.70962000000003,6.842100000000016,9.284056034794087,7.07472443065072,61.356885999999996,0.00029575805,28.647355313176043,33.925073235604614,356.8246,0.00019981786,1.3093065693430657,5,0.06456567751505474,0.05982843367422227,37.60_52.00,5,80.0
37.60000000000001,52.39999999999997,17.110127071167906,5.611214358984588,30.907860000000028,6.870420000000024,9.380709012481779,7.118061469608367,61.192440000000005,0.00029575805,29.764162218186485,36.07832231646296,364.5637,0.00019981786,1.3184306569343065,5,0.06406150476119526,0.05787603541835479,37.60_52.40,5,80.0
37.60000000000001,52.79999999999997,16.978018448905132,5.769259169878809,31.10513000000003,6.524699999999996,9.58246001338614,7.192183320701086,58.118430000000004,0.00029575805,31.472997032561413,37.829064668495946,350.51792,0.00019981786,1.3302919708029197,4,0.06386984142475365,0.05662395243559744,37.60_52.80,4,58.0
37.60000000000001,53.19999999999997,16.761200000000024,5.951590687009156,30.992819999999995,4.9691400000000385,9.63236324143688,7.123150397716227,52.81781,0.00030645522,32.16383891624923,38.13201373851731,321.41728,0.00021155771,1.3284671532846715,4,0.06313996036345802,0.05551478171887765,37.60_53.20,4,58.0
37.60000000000001,53.599999999999966,16.525952417883236,6.353362633013299,31.523830000000032,3.4652300000000196,9.801331954445219,7.066734807800311,64.03189,0.00030645522,32.136331160232714,38.06898701823402,373.95802000000003,0.00021155771,1.3257299270072993,5,0.06286654227503649,0.054993248599225976,37.60_53.60,5,80.0
37.60000000000001,53.999999999999964,16.764962034671555,7.75344228161917,35.91226,-0.34116000000000213,9.667347744204854,6.581059698390045,69.7175,0.00030645522,29.373526027280025,32.35294013751204,384.42346,0.00021155771,1.3156934306569343,5,0.06224478846965329,0.05392562315759644,37.60_54.00,5,80.0
37.60000000000001,54.39999999999996,17.167005054744546,8.932929325627045,39.495750000000044,-2.210299999999961,10.148473638792883,6.812471010211079,69.742,0.000619094,34.503080431743435,37.98195835196235,356.12243,0.0005526182,1.3385036496350364,5,0.06235166624031022,0.053829071015913894,37.60_54.40,5,80.0
37.60000000000001,54.79999999999996,17.381872965328487,9.171701435591821,40.81558000000001,-2.241549999999961,10.959559554984489,6.591278955910458,65.1629,0.038684347,34.0154112423677,35.074685472103546,311.90301999999997,0.038704626,1.3868613138686132,4,0.062469016959032855,0.0536821983360844,37.60_54.80,4,58.0
37.60000000000001,55.19999999999996,17.082879051094913,9.352527920234198,41.32730000000004,-4.542329999999993,10.39275829128832,6.341520669753578,50.624152,0.041761237,25.930736998327554,24.236775516506913,229.56932,0.041824887,1.333941605839416,3,0.059962909890383206,0.05198459704944266,37.60_55.20,3,38.0
37.60000000000001,55.59999999999996,14.063908193430679,9.092595936892966,39.676900000000046,-6.484719999999982,9.021540936036496,5.459300406614707,37.66244,0.007285702999999999,22.448407415161494,20.266322270360625,211.69866000000002,0.0072640890000000005,1.2518248175182483,3,0.05169577467367701,0.04618271023670926,37.60_55.60,3,38.0
37.60000000000001,55.99999999999996,12.548294917883233,8.919348658083386,39.19253000000003,-7.389999999999986,8.62344710588896,5.21789064697957,29.882616999999996,0.0012750033,20.6448378339521,17.34668348910917,170.60745999999997,0.0013336005,1.2326642335766422,3,0.04619115881739964,0.04260332457374052,37.60_56.00,3,38.0
37.60000000000001,56.39999999999996,12.068660903284695,9.044466064146484,38.79946000000001,-9.470069999999964,8.816253177488742,5.27059898226522,32.070957,0.00028281766,21.00057718751284,16.462883055545362,164.92017,0.00021680807,1.2463503649635037,3,0.044836572688312044,0.04141708780472524,37.60_56.40,3,38.0
37.60000000000001,56.79999999999996,11.513853512773746,9.221218136143827,37.96694000000002,-10.907569999999964,9.031248570399908,5.52899978823766,35.141729999999995,0.0002686068,20.842176138966124,16.369923515706976,168.96136,0.00021680807,1.2773722627737227,3,0.04302663835546533,0.04041151650659775,37.60_56.80,3,38.0
37.60000000000001,57.19999999999995,10.703291003649657,9.448178319977771,37.26528000000002,-12.162449999999978,9.505556880006388,5.789597681795273,36.24183,0.022728097,20.863848801862225,16.02463097708646,151.9745,0.023975866,1.302919708029197,3,0.04145317928614964,0.03899808356542608,37.60_57.20,3,38.0
37.60000000000001,57.59999999999995,9.267833312043818,9.277457228580007,35.638329999999996,-12.775729999999953,9.357370129184307,5.765200379571924,33.466943,0.039960167000000005,20.352365725937045,15.896561928031762,112.98356000000001,0.04000571,1.3065693430656935,2,0.039472964176578466,0.037299166398628875,37.60_57.60,2,20.5
37.60000000000001,57.99999999999995,8.598983978102213,9.136186786629228,34.44010000000003,-13.679049999999961,9.367525514861132,5.908151252855099,32.32699,0.0017781098,20.544596668189236,16.53761269626182,106.44224,0.0020894814,1.302007299270073,2,0.03850862865508212,0.03678303971860833,37.60_58.00,2,20.5
37.60000000000001,58.39999999999995,9.66788194343068,8.907056407406978,33.978170000000034,-12.755219999999952,10.023334162290146,5.782253447811419,44.94147,0.19665801,21.22331054468978,16.40036960517926,146.43574,0.20110416,1.3275547445255473,3,0.04129553087887774,0.038647101400112086,37.60_58.40,3,38.0
37.60000000000001,58.79999999999995,11.863864908759146,8.780786338886996,35.294579999999996,-10.191749999999956,10.151925004955292,6.062810596332145,56.1914,0.013737431,21.462821730239966,16.862919966199698,156.13442,0.013857925,1.322080291970803,4,0.04690322798092154,0.042709198796816616,37.60_58.80,4,58.0
37.60000000000001,59.199999999999946,14.545867463503672,9.127323783239353,38.24136000000004,-8.103859999999997,10.16098425814781,5.959006494868026,49.39734,0.26949639999999997,21.72840446265511,17.57494515575244,182.04706,0.27027675,1.292883211678832,3,0.05272802917882755,0.047303762863741335,37.60_59.20,3,38.0
37.60000000000001,59.599999999999945,16.472004872262794,9.691331048900782,40.42446000000001,-6.585299999999961,9.837421293731753,5.802656960945494,42.995058,0.07824871000000001,23.063587784945256,18.15451080078843,197.46436,0.08801386,1.2819343065693432,3,0.05505364986458394,0.0495612823876936,37.60_59.60,3,38.0
37.60000000000001,59.99999999999994,16.833611049270097,9.994225106054015,41.28480000000002,-5.691749999999956,9.380297960237225,5.83358230737885,41.81448,0.03784711,20.574780685427008,17.505810727437606,191.31572,0.037950733,1.2645985401459854,3,0.054331039536875,0.0492403665809076,37.60_60.00,3,38.0
37.60000000000001,60.39999999999994,16.70290534671535,9.991222874668406,41.47036000000003,-4.487649999999974,9.394788661726277,5.9803585189629835,41.0451,0.007215282,19.64506592834279,17.344912707942992,186.89434,0.007156833699999999,1.27007299270073,3,0.053626540018302915,0.04863796052497823,37.60_60.40,3,38.0
37.60000000000001,60.79999999999994,16.712685337591264,9.945155864567582,41.33022,-3.8616700000000037,8.956984841768294,5.958646681254325,43.555364,0.00029575805,18.842022696868483,17.581987330641866,187.11557,0.00019981786,1.2436131386861313,3,0.05307753702563869,0.048255639056206195,37.60_60.80,3,38.0
37.60000000000001,61.19999999999994,16.641732363138708,9.931063635112675,41.177880000000016,-4.124369999999999,8.833633597499134,5.930892657879639,45.352667,0.00029575805,18.47821533379823,17.24506568010903,193.38563,0.00019981786,1.2463503649635037,3,0.05233524640774635,0.04716576092418726,37.60_61.20,3,38.0
37.60000000000001,61.59999999999994,16.260398248175207,9.719815970317345,40.17056000000002,-4.697599999999966,8.814915725545028,5.876256964394979,44.071957000000005,0.00029575805,18.084943385401786,16.649255715333233,183.13222000000002,0.00019981786,1.2372262773722629,3,0.051645713362627736,0.04609139663688305,37.60_61.60,3,38.0
37.60000000000001,61.999999999999936,16.061915529197105,9.490922761859292,39.08755000000002,-4.9505399999999895,8.75223354369416,5.890773497334183,38.583554,0.003223194,18.064551130274268,16.593203477721765,156.78802000000002,0.0031556756,1.2372262773722629,3,0.05131165381349453,0.04544937606674577,37.60_62.00,3,38.0
37.60000000000001,62.399999999999935,16.329044324817538,9.669860991655288,40.16323,-5.3216299999999706,8.37822256684781,5.767947995143897,34.674212,0.0026576532,17.652441955375636,16.594697642658645,155.73156,0.0029470734,1.2226277372262773,3,0.05117963274020073,0.04532803237228132,37.60_62.40,3,38.0
37.60000000000001,62.79999999999993,16.542350209854035,9.811643669350834,40.80386000000004,-5.440769999999986,8.182185922512636,5.742201871129014,39.851468000000004,0.00044075995,18.008683895030366,17.553878162518156,217.44572,0.00044596298,1.2153284671532847,3,0.051735787210656935,0.04643585684988279,37.60_62.80,3,38.0
37.60000000000001,63.19999999999993,16.687099397810243,9.883336447368013,40.97378000000003,-5.593099999999993,8.22855092029905,5.766768678482906,38.737422,0.00031286226,18.76602620769782,18.187252872087555,214.88019999999997,0.00021858931,1.208941605839416,3,0.05263610579774635,0.050198760306788194,37.60_63.20,3,38.0
37.60000000000001,63.59999999999993,16.780376359489075,9.921274658445256,41.18130000000002,-5.413430000000005,8.493344542449965,5.845405760964637,36.985966,0.00030679756,20.21404338499009,18.92317720405553,158.38233,0.00021193334,1.2344890510948905,3,0.053772245083895984,0.051263849188691736,37.60_63.60,3,38.0
37.60000000000001,64.0,16.81210395985404,9.984012517642176,41.3578,-6.002299999999991,9.097253543860912,6.2622858636804475,44.40031,0.00030679756,24.03282702389082,24.835721946238273,218.85954999999998,0.00021193334,1.2764598540145986,3,0.05514522832047445,0.05065725543784554,37.60_64.00,3,38.0
38.00000000000001,44.0,1.1125088047445486,10.750619839735817,30.717430000000036,-29.23187999999999,6.034926075808394,5.073547596387265,38.141227,0.009904042,18.471786360217152,26.795651932903166,255.7174,0.009909728,1.1213503649635037,4,0.031491986009972626,0.04177371059121632,38.00_44.00,4,60.98
38.00000000000001,44.4,3.477576240875935,10.726954251625243,33.12100000000004,-27.983829999999983,6.735639911322993,5.193773531808363,40.979887999999995,0.08969799,19.00480730479562,25.749156942573936,264.72026,0.089717886,1.1505474452554745,4,0.03406820706579745,0.046021065611437054,38.00_44.40,4,58.0
38.00000000000001,44.8,7.337079169708052,10.182569140358597,35.73672000000005,-20.267029999999977,9.090633225675182,5.766261309573818,45.47678,0.51057714,22.440785163740877,25.75777376293349,255.81895000000003,0.699007,1.25,4,0.0395131766492062,0.05200444415931137,38.00_44.80,4,58.0
38.00000000000001,45.2,10.733438576642358,9.016036474872958,36.01968000000005,-10.443799999999953,11.253796398448905,7.192112010857929,43.066162,0.36386016,26.84413036086679,28.513161414344275,231.65315,0.39660858000000004,1.3777372262773722,3,0.045961798483695256,0.05873541910696279,38.00_45.20,3,38.0
38.00000000000001,45.6,10.805590638686153,9.061193175750617,36.88198,-11.10785999999996,12.51080568968978,8.544220501282176,51.39917,0.19876491,29.701848336733576,31.89922197485191,281.0055,0.20508932000000002,1.4635036496350364,4,0.04843844088179745,0.06298165006787909,38.00_45.60,4,58.0
38.00000000000001,45.99999999999999,8.1457017062044,10.133377861356209,37.23380000000003,-18.78363999999999,12.023012861122263,7.894685458144572,54.014208,0.14544087,29.185679870228103,31.711191069460824,309.28578,0.28777306,1.437956204379562,4,0.04513534724958942,0.06021230580191292,38.00_46.00,4,58.0
38.00000000000001,46.39999999999999,6.923907144160606,10.265442719831789,36.204980000000035,-22.156679999999966,11.744874784215328,7.534599089625626,51.195514,0.12972366000000002,28.196282593604014,31.881419478968375,352.02953,0.17363146,1.4242700729927007,4,0.042811020885656935,0.05733541059535086,38.00_46.40,4,58.0
38.00000000000001,46.79999999999999,7.190315009124111,10.379871340779145,37.11930000000001,-24.04339999999999,11.649232477541059,7.729807146580963,48.15772,0.060261525,27.708726555496348,31.76810841854101,375.91042000000004,0.061869954,1.406021897810219,5,0.04321656882766971,0.05687513294465001,38.00_46.80,5,80.0
38.00000000000001,47.19999999999999,7.002247308394183,10.132082158238644,35.407370000000014,-23.376409999999964,10.216402994699818,6.9670385467623035,41.095706,0.043584872000000004,26.229393486887776,31.71320652749725,358.21438,0.055516212999999995,1.3257299270072993,5,0.04278531283444344,0.0562524024505818,38.00_47.20,5,80.0
38.00000000000001,47.59999999999999,5.822663248175206,9.644580953928957,33.74526000000003,-22.694769999999977,7.978598314212043,6.1068090677182925,36.938303,0.0058050084,23.32633424818029,29.880193460264035,317.73420000000004,0.0062844356,1.2135036496350364,4,0.03978610551495438,0.05191540205166995,38.00_47.60,4,58.0
38.00000000000001,47.99999999999999,5.772434206204402,9.040384840702496,31.43520000000001,-23.717229999999972,8.15228754433303,6.0326724155382605,36.5057,0.07434206,22.32192669861314,27.305493602323704,300.10790000000003,0.07472656999999999,1.2162408759124088,4,0.03954700252565694,0.050223627895005826,38.00_48.00,4,58.0
38.00000000000001,48.399999999999984,7.632297673357688,8.367698656139886,28.799950000000024,-23.142029999999977,8.84324613119708,6.058747055357932,36.049865000000004,0.033485645,21.089385065455293,23.815222221259518,238.91340000000002,0.033408068,1.2490875912408759,3,0.04340364063347628,0.05314913743866557,38.00_48.40,3,38.0
38.00000000000001,48.79999999999998,10.197516733576665,6.782533215432873,27.23403000000002,-12.076599999999985,9.674980967006388,6.379936660512722,32.983834,0.067503114,20.518943494699815,18.89694539008135,153.28077,0.084242696,1.3293795620437956,2,0.05030272722385037,0.05783435631004675,38.00_48.80,2,20.5
38.00000000000001,49.19999999999998,15.447414352189803,5.492951242988321,28.32266000000004,3.530420000000049,9.722216737114051,7.383489800258152,43.724000000000004,0.027122617,22.48694653807938,21.344972656715733,140.18974,0.032375172,1.2965328467153285,3,0.05891883575571168,0.061115203746399886,38.00_49.20,3,38.0
38.00000000000001,49.59999999999998,16.82403666970805,5.485219784909069,30.042140000000018,3.423000000000002,9.222744122775932,6.991347231638983,43.535734999999995,0.00030829825,22.284969701846077,20.567588062792645,136.06042,0.0002135804,1.2956204379562044,3,0.061812930761961676,0.062134850141057685,38.00_49.60,3,38.0
38.00000000000001,49.99999999999998,16.126669397810243,5.361501399194208,29.268700000000024,5.791160000000048,8.873230561374179,6.9650535710691255,42.289898,0.00030426833,22.375476128205765,22.373540239794277,146.71765,0.00023937785,1.272810218978102,3,0.06286202293854014,0.06382233087352313,38.00_50.00,3,38.0
38.00000000000001,50.39999999999998,16.80181165145988,5.327049776436745,30.107079999999996,7.0248000000000275,8.901298819703129,6.931723237547095,45.341906,0.00030426833,23.80722140383751,25.73236251088572,247.36372,0.00021550502,1.281021897810219,3,0.06517847633281022,0.06538357516617124,38.00_50.40,3,38.0
38.00000000000001,50.799999999999976,16.646210118613162,5.303800596289563,29.690330000000017,6.818660000000023,8.888822112188686,7.0436224460516055,56.519255,0.00029575805,25.067283713494938,29.61345488735891,319.63467,0.00019981786,1.2819343065693432,4,0.06534921861335767,0.06596336144567731,38.00_50.80,4,58.0
38.00000000000001,51.19999999999997,16.84045921532849,5.357989780381596,29.928600000000017,6.801080000000013,8.965835129473513,7.223462237184315,58.810215,0.00029575805,26.572757767804525,32.89417459805768,345.29650000000004,0.00019981786,1.291058394160584,4,0.06550781821626825,0.06518276652275092,38.00_51.20,4,58.0
38.00000000000001,51.59999999999997,16.848452007299294,5.422011784898166,30.051170000000013,6.456350000000043,9.142102871310192,7.5467240867678935,65.47215,0.00029575805,28.351173620980166,36.907108905836964,393.5518,0.00019981786,1.3047445255474452,5,0.06511866141567518,0.06430432824754058,38.00_51.60,5,80.0
38.00000000000001,51.99999999999997,16.79609379562046,5.538213422186717,30.373680000000036,6.161429999999996,9.303330344815082,7.758792085089009,70.59917,0.00029575805,29.937366755966934,40.078861061032065,433.93039999999996,0.00019981786,1.3083941605839415,6,0.06467287515900548,0.06279801069968247,38.00_52.00,6,97.5
38.00000000000001,52.39999999999997,16.759491532846738,5.686889805626875,30.552880000000016,6.171199999999999,9.680809488836843,8.216852335769632,76.56671,0.00029575805,32.75653419658495,44.592493971377664,484.366,0.00019981786,1.3266423357664234,6,0.06469812183583941,0.06147079703041746,38.00_52.40,6,97.5
38.00000000000001,52.79999999999997,16.468199762773743,5.904846105814111,30.786770000000047,5.553030000000035,10.04211638743875,8.573169050797372,74.36138,0.00029575805,35.476125499855655,48.208784842185025,471.6508,0.00019981786,1.3494525547445255,6,0.06459235334619526,0.06036762106388349,38.00_52.80,6,97.5
38.00000000000001,53.19999999999997,16.046459708029218,6.210603128029867,30.98135000000002,4.403620000000046,10.423724055785,8.811955633470609,65.4871,0.00029575805,38.21540614308004,51.186170766235364,417.92307999999997,0.00019981786,1.3695255474452555,5,0.06440897242781021,0.05948888576258381,38.00_53.20,5,80.0
38.00000000000001,53.599999999999966,15.880378020073016,6.651268225532569,31.8793,2.9202999999999975,10.542168098458193,8.513354989625768,79.692356,0.00043039828000000004,38.20774542831738,50.00080589458892,512.79864,0.00022826435,1.3832116788321167,6,0.06405228224749088,0.05839149596619359,38.00_53.60,6,97.5
38.00000000000001,53.999999999999964,16.381244160583964,8.096211960212257,36.552400000000034,-0.8206500000000005,10.323357484659672,7.474022660111135,75.15989,0.002665457,36.06309301588449,42.22288612880084,452.19723999999997,0.0025989814,1.3613138686131387,6,0.06371429450110402,0.05725396533338839,38.00_54.00,6,97.5
38.00000000000001,54.39999999999996,16.854446514598564,9.29769110421602,40.53774000000004,-3.2069999999999936,10.37395286937281,7.090718244221682,73.69563,0.0019122817,37.712898845312495,41.92152615261144,409.28404,0.0018031735,1.3759124087591241,5,0.06346235198280109,0.05666827702263846,38.00_54.40,5,80.0
38.00000000000001,54.79999999999996,17.078069844890532,9.386387913687877,40.60122000000001,-3.345679999999959,10.172263342054983,6.893545341110402,69.42411,0.00041571910000000003,36.69441310007507,40.73607248416863,346.68339999999995,0.00021155771,1.3585766423357664,4,0.06203646945891423,0.05533466163211815,38.00_54.80,4,58.0
38.00000000000001,55.19999999999996,16.81251689781024,9.492162989816299,40.93130000000002,-3.8274999999999864,9.861727343532756,6.301091198659524,58.51462,0.0037043294,32.01561056476095,34.01116985182765,285.18926,0.0037459230000000004,1.3375912408759123,4,0.059792210012436134,0.05325606093154642,38.00_55.20,4,58.0
38.00000000000001,55.59999999999996,16.28874481751827,9.517059254309604,41.65542000000005,-5.294299999999964,9.509515979108029,6.044929088395134,42.151515999999994,0.009175508399999999,28.461137359505475,29.061927257400725,241.2271,0.009316578,1.2846715328467153,3,0.05660829237899635,0.05126214621537171,38.00_55.60,3,38.0
38.00000000000001,55.99999999999996,15.085562007299293,9.323621841037475,41.27358000000004,-6.177099999999996,8.960795759246624,5.538166326292803,35.863361999999995,0.0025108562999999998,24.096647617256295,22.114708935568334,210.74428,0.0024892419,1.2518248175182483,3,0.051440425539461675,0.04764425958482833,38.00_56.00,3,38.0
38.00000000000001,56.39999999999996,13.370483239051119,9.042290765301258,39.886870000000044,-7.564799999999991,8.530796694943978,5.157403573275372,32.459027,0.0010902622000000001,21.321826382130748,17.830624624201697,149.81582,0.0011062269,1.2217153284671534,2,0.046110151623768254,0.04423931203238824,38.00_56.40,2,20.5
38.00000000000001,56.79999999999996,12.005708111313892,9.094143238833874,38.672500000000014,-9.588229999999953,8.472943485274909,5.179569851724504,31.79963,0.0003680828,20.555410904763548,17.042724685425163,146.79084,0.00044418174999999997,1.2372262773722629,2,0.042822179471487226,0.042178117144269334,38.00_56.80,2,20.5
38.00000000000001,57.19999999999995,10.822521523722651,9.011671197778007,36.57778000000002,-11.547219999999982,8.580342202792153,5.264135879291363,34.033047,0.0027845695,19.842421364216513,15.693842251995482,126.86358,0.0027164278,1.2445255474452555,2,0.04118080606510036,0.04082516661069113,38.00_57.20,2,20.5
38.00000000000001,57.59999999999995,10.242861678832138,8.780505784997144,35.393700000000024,-10.87143999999995,8.518433210676095,5.318382498761738,36.941449999999996,0.004475661,19.151652878809582,15.732798051308462,105.5973,0.0044217303,1.2354014598540146,3,0.040668134215054746,0.04031887647992474,38.00_57.60,3,38.0
38.00000000000001,57.99999999999995,11.851247189781045,8.89492516072433,37.03677000000005,-8.403660000000002,10.015701735419709,5.55131368791538,31.940825,0.32472275,20.345565653138685,15.434151298062224,105.91849500000001,0.46565307,1.311131386861314,2,0.04482007294125,0.04295696875627935,38.00_58.00,2,20.5
38.00000000000001,58.39999999999995,13.812665711678857,9.123886207303086,38.561180000000036,-6.593099999999993,11.416064298649635,6.443009538516391,46.547303,0.60736793,21.758383552600364,17.22514028486351,155.45048,0.63598415,1.397810218978102,3,0.049700176734160585,0.04670419176408257,38.00_58.40,3,38.0
38.00000000000001,58.79999999999995,15.335953293795644,9.645306874206641,40.23403000000002,-6.694680000000005,9.90226235189781,6.233288233103967,55.420518,0.08688868,21.09381021493613,18.548340196293903,201.59551,0.0868459,1.2782846715328466,3,0.05292800701145073,0.04888578013913295,38.00_58.80,3,38.0
38.00000000000001,59.199999999999946,16.513889762773747,9.96002102874472,41.090480000000014,-6.987649999999974,9.431700745805657,6.212850661078315,48.734375,0.032133143,20.510221702494526,18.95663885010236,210.42216,0.108053594,1.2627737226277371,3,0.05485220727625913,0.05063101482275392,38.00_59.20,3,38.0
38.00000000000001,59.599999999999945,16.834961925182505,10.096471315545877,40.96500000000003,-6.141939999999977,8.886672507812044,6.142977802528502,49.680246,0.007072302,19.667960394749088,19.12968125547188,216.39413,0.007042841,1.2317518248175183,3,0.054318609673713505,0.05018182083336376,38.00_59.60,3,38.0
38.00000000000001,59.99999999999994,16.946541222627758,10.149643568849097,40.76284000000004,-5.05893999999995,8.63109783358937,6.054535717439882,50.790682,0.00029575805,18.41462439419513,18.021059857717752,201.44067,0.00019981786,1.2217153284671534,3,0.05356124863204379,0.049349514384991564,38.00_60.00,3,38.0
38.00000000000001,60.39999999999994,16.913659297445278,10.221286713340383,41.69448,-4.699559999999963,8.58561346077103,6.12106823278151,52.218641999999996,0.00029575805,18.52566501629066,18.786412239683088,217.78452,0.00019981786,1.219890510948905,3,0.05304466242731752,0.049089492323184214,38.00_60.40,3,38.0
38.00000000000001,60.79999999999994,16.724848421532872,10.204317594395206,41.63906000000003,-4.788430000000005,8.350201892411542,6.1184322435894565,56.709215,0.00029575805,18.171825489694214,19.129865781288135,241.8799,0.00019981786,1.2125912408759123,4,0.05196964737042883,0.04851779085018663,38.00_60.80,4,58.0
38.00000000000001,61.19999999999994,16.600485492700752,10.165719179186494,41.37540000000001,-5.18295999999998,8.274989103514644,6.095846524992365,57.774148,0.00029575805,17.638203989810638,18.18247351572411,239.31352,0.00019981786,1.2144160583941606,4,0.05101054637764598,0.047679121980206275,38.00_61.20,4,58.0
38.00000000000001,61.59999999999994,16.416291131386885,10.053977336721097,40.96206000000001,-4.948579999999993,8.222328088621524,5.987294994549395,55.648034,0.00029575805,17.169688473241532,17.17077489376461,232.36407,0.00019981786,1.2016423357664234,4,0.050341337642308394,0.04707595398303644,38.00_61.60,4,58.0
38.00000000000001,61.999999999999936,16.310642709854037,9.926294785868592,40.41128000000003,-4.998400000000004,8.173165496396441,5.928567427797287,50.028977,0.0015463132,17.07030279591022,16.669105231369937,209.30565,0.001450373,1.2062043795620438,3,0.05007488644623175,0.046434663585212727,38.00_62.00,3,38.0
38.00000000000001,62.399999999999935,16.406833750000025,10.01769254652848,40.715480000000014,-5.675149999999974,8.08139055470949,5.859292400642329,43.052555000000005,0.0017878977,17.10353300401405,16.824132073305353,179.51743,0.0016777467,1.2107664233576643,3,0.05020931348875912,0.046184684483453295,38.00_62.40,3,38.0
38.00000000000001,62.79999999999993,16.591022153284694,10.162285337093362,41.309230000000014,-6.211279999999988,7.9944796912137415,5.823689024619225,36.672933,0.00047081376000000005,17.56707858537546,17.684535121085798,201.68428999999998,0.00047723119999999996,1.2016423357664234,3,0.050860316504498175,0.046571120987349154,38.00_62.80,3,38.0
38.00000000000001,63.19999999999993,16.581944105839437,10.153396174214727,41.44595000000004,-6.385099999999966,8.084716911128677,5.894920003952275,36.143813,0.00029872089999999997,18.049648439437764,17.757548736639208,174.85327999999998,0.00024985752999999997,1.2016423357664234,3,0.05169217469041971,0.04946540063470159,38.00_63.20,3,38.0
38.00000000000001,63.59999999999993,16.631016660583963,10.139468320511003,41.58510000000001,-6.072599999999966,8.368418898197353,5.976009228435431,38.493177,0.0006264163,19.407530507062955,18.1113631697214,120.08891,0.000674341,1.2208029197080292,3,0.052722462060054744,0.05039874670472839,38.00_63.60,3,38.0
38.00000000000001,64.0,16.57358549270075,10.04036133018191,41.492819999999995,-6.413430000000005,8.910742393938175,6.173592837619568,40.357445,0.00048430774000000003,21.86316001571396,20.926979221859447,210.88988,0.000674341,1.2518248175182483,3,0.05331585165428832,0.04952937849147919,38.00_64.00,3,38.0
38.400000000000006,44.0,2.2429650912408983,10.639584177192324,32.036519999999996,-26.60589999999999,6.444704849402372,4.5807119825003655,35.997264,0.012672365,16.929352479220803,22.26075648581643,252.09043999999997,0.012653006,1.1067518248175183,3,0.030627347443627734,0.04207338137783597,38.40_44.00,3,38.95
38.400000000000006,44.4,3.437997645985424,10.39069738349731,32.7919,-25.78363999999999,6.379890196660584,4.555499414519146,37.169134,0.10339446,16.155304896472625,20.50391559988655,248.67052,0.103602474,1.1158759124087592,3,0.030872552676441605,0.042218682137247894,38.40_44.40,3,38.0
38.400000000000006,44.8,7.210817208029219,10.041287861146142,35.42860000000002,-19.78363999999999,8.971306310127737,5.3758032821283805,36.116404,0.45130366,19.658476729625914,20.939323331294865,202.60551999999998,0.5677203,1.2308394160583942,3,0.03597377068235949,0.04721422024694072,38.40_44.80,3,38.0
38.400000000000006,45.2,9.48443747262776,9.967357501526786,37.303120000000035,-16.764099999999985,11.076011980848541,6.993305414664858,44.048030000000004,0.28304759999999995,24.23615434068431,24.66244943673059,243.68146000000002,0.31386424,1.3768248175182483,3,0.04110324194572993,0.05319792095417023,38.40_45.20,3,38.0
38.400000000000006,45.6,9.083871888686152,9.990158331512934,37.55360000000002,-18.222109999999986,11.012677364571168,7.890987370456887,48.38644,0.27929595,25.65100861180657,27.41250634717963,233.58937999999998,0.41486758,1.3795620437956204,3,0.04282232121028285,0.056279653304316155,38.40_45.60,3,38.0
38.400000000000006,45.99999999999999,7.757547527372285,9.926365100329942,36.72158000000002,-19.94379999999998,10.563431858995438,7.466428670045419,47.688204,0.029821354,24.896148380956202,27.26485286409268,240.03828,0.057216138,1.3567518248175183,3,0.042103630300063866,0.05637274536927768,38.40_46.00,3,38.0
38.400000000000006,46.39999999999999,6.965136596715351,9.829813777521167,35.50283000000002,-20.632269999999977,10.207026870231752,7.215061907843695,45.692477,0.016406307,24.00322487015876,27.092865106714726,295.51217,0.01651625,1.3412408759124088,4,0.040612124520241794,0.05450225029927442,38.40_46.40,4,58.0
38.400000000000006,46.79999999999999,6.509823403284694,9.737956966244449,33.19204000000002,-22.497499999999974,10.090284182552006,7.155110663367554,42.662396,0.013336761,23.381708769945256,27.242227852477967,338.37063,0.01333302,1.3302919708029197,4,0.04019845203965785,0.053618277965016385,38.40_46.80,4,58.0
38.400000000000006,47.19999999999999,7.066217609489073,9.485357995187583,32.21255000000002,-20.88519999999997,9.876946821573904,6.98113380679543,41.05137,0.019928694,22.78872701243248,27.38666402238403,364.86614,0.043349,1.3211678832116789,5,0.04117386799541514,0.05453005567124071,38.40_47.20,5,80.0
38.400000000000006,47.59999999999999,8.54162315693433,9.311235380668776,32.92446000000001,-19.576599999999985,9.33818418527646,6.34887177397438,41.712468,0.02568409,21.761000153835766,25.955626232569045,304.09540000000004,0.026352820000000002,1.2819343065693432,4,0.04149670237644161,0.05483826668271378,38.40_47.60,4,58.0
38.400000000000006,47.99999999999999,7.901153704379586,8.807023465318322,30.83755000000002,-21.07464999999999,8.07462427439416,5.838181117219385,37.33405,0.026479693,18.606173850282847,21.487915243855454,210.78229000000002,0.026473171,1.2235401459854014,3,0.03997360607562956,0.05108780518684199,38.40_48.00,3,38.0
38.400000000000006,48.399999999999984,8.346638813868635,7.827191977186563,28.714,-18.25629999999998,8.811264020925183,5.633225113609049,29.39666,0.07725848,18.403525176933396,17.29498741839926,139.82306,0.07731073,1.2591240875912408,2,0.04300605414121351,0.05142866706886555,38.40_48.40,2,20.5
38.400000000000006,48.79999999999998,12.303812180656957,6.458467319238409,29.396630000000016,-5.18402999999995,10.363030460879562,7.066730591224537,41.32987,0.019048712000000002,19.84209877134489,17.389257011265705,119.35047,0.01924042,1.3631386861313868,3,0.05065559167226277,0.055553792174084765,38.40_48.80,3,38.0
38.400000000000006,49.19999999999998,15.723691341240897,5.680183282333484,28.999900000000025,3.3765999999999963,9.391469376787546,7.334866584591854,52.378766,0.00034157508,21.542548431079418,20.573491327840177,124.69894,0.00021890866000000002,1.2864963503649636,3,0.05775453780265511,0.05929400097589468,38.40_49.20,3,38.0
38.400000000000006,49.59999999999998,16.22437958029199,5.581681758693852,29.669100000000014,3.2833500000000413,8.779897703245593,6.954473921385837,50.205486,0.00031123937,20.968919177848285,20.594531430697263,143.85957,0.00021550502,1.260948905109489,3,0.05936953670877737,0.06009537707376749,38.40_49.60,3,38.0
38.400000000000006,49.99999999999998,16.246808877737248,5.35802979438184,29.2106,6.098929999999996,8.58793736836791,6.877199297399911,49.145257,0.00030426833,21.79600885863523,22.944888226707345,192.83544,0.00020915761999999998,1.2481751824817517,3,0.06112775328979015,0.061956021614884296,38.40_50.00,3,38.0
38.400000000000006,50.39999999999998,16.38808980839418,5.332632412668191,29.531900000000007,6.418360000000007,8.608862216184825,6.846374868508538,43.251965999999996,0.00030426833,23.17119433302615,27.036634002328594,300.2129,0.00020915761999999998,1.2645985401459854,4,0.0627032040332573,0.06343178195554353,38.40_50.40,4,58.0
38.400000000000006,50.799999999999976,16.31977089416061,5.336649255769265,29.282129999999995,6.29140000000001,8.702485968693011,7.058278562737451,43.67793,0.00030426833,24.791852033488606,31.145409502598906,288.50906000000003,0.00020915761999999998,1.2819343065693432,4,0.06361529263593978,0.06489885646434511,38.40_50.80,4,58.0
38.400000000000006,51.19999999999997,16.524104206204402,5.4239781402863025,29.865139999999997,6.477840000000015,8.84314333242604,7.254181386204925,49.596067999999995,0.00030426833,26.68792698177685,35.268805289955445,343.24705,0.00020915761999999998,1.282846715328467,4,0.0641359953263595,0.06484118403882062,38.40_51.20,4,58.0
38.400000000000006,51.59999999999997,16.60648217153287,5.496102113454201,30.571200000000033,5.770800000000008,9.093805088505393,7.688311811265741,60.269045,0.00030426833,28.918757955798057,40.586323566901235,399.1678,0.00020915761999999998,1.302919708029197,5,0.06433753239630474,0.06500035855274049,38.40_51.60,5,80.0
38.400000000000006,51.99999999999997,16.58962491788323,5.626125747309837,30.309960000000046,5.703420000000051,9.458545742666825,8.353385099310735,72.33397500000001,0.00029575805,31.66986808401961,46.03417334239426,465.7716,0.00019981786,1.3275547445255473,6,0.06444370102604927,0.0645113048905454,38.40_52.00,6,97.5
38.400000000000006,52.39999999999997,16.35918705291973,5.756386808872943,30.205219999999997,5.626280000000008,10.02266921261874,9.260569437522909,84.17858,0.00029575805,35.78141136459335,53.36638654553248,551.4981,0.00019981786,1.364963503649635,6,0.06474052870036497,0.06403040321675171,38.40_52.40,6,97.5
38.400000000000006,52.79999999999997,15.898180939781044,6.036352627051557,30.89688000000001,4.634100000000046,10.790565738003542,10.531730226599892,93.19028,0.00029575805,41.62512404222418,64.51684279988532,613.3367,0.00019981786,1.4142335766423357,6,0.06542998483694343,0.06432008410515827,38.40_52.80,6,97.5
38.400000000000006,53.19999999999997,15.50213208941608,6.393737159088421,30.91348000000005,3.432920000000024,11.364785573902143,11.046653891132923,89.221786,0.00029575805,46.20068470141593,71.04032084133718,582.27994,0.00019981786,1.4452554744525548,6,0.06600920515870438,0.06378233457195734,38.40_53.20,6,97.5
38.400000000000006,53.599999999999966,15.460640620437978,6.871129681743618,32.39858000000004,2.232720000000029,11.770779007879671,10.968413377766373,84.29415,0.00029575805,50.05150552562095,73.17568035946131,578.27214,0.00019981786,1.4753649635036497,6,0.06627958573685219,0.06257338786222152,38.40_53.60,6,97.5
38.400000000000006,53.999999999999964,15.936832819343088,8.270434572217784,37.3981,-1.9086399999999912,11.919996193000365,9.527618387232867,73.9331,0.0016564864000000001,50.946490170746166,62.49728124593561,518.6368500000001,0.0015757998000000002,1.4972627737226278,6,0.06597619110149634,0.06102608450085516,38.40_54.00,6,97.5
38.400000000000006,54.39999999999996,16.446063777372284,9.485210715631958,40.58364,-5.635719999999992,11.198152511020346,8.031347633693157,62.90312,0.0013722693,46.89099932413604,54.40842137134483,524.8446,0.0013484260999999998,1.4580291970802919,6,0.0644874606653376,0.06008426126269067,38.40_54.40,6,97.5
38.400000000000006,54.79999999999996,16.62044804744528,9.559069779274179,40.607079999999996,-6.081029999999998,11.450567815985247,8.709218497304857,74.70094,0.00029575805,54.66838174795536,74.12298072604537,753.168,0.00019981786,1.520985401459854,6,0.06357664478565693,0.05949428573707146,38.40_54.80,6,97.5
38.400000000000006,55.19999999999996,16.206714616788343,9.54695964877968,40.75503000000003,-5.836899999999957,11.66981300451022,8.94403081451608,68.6451,0.0004059312,60.354874399208406,83.73270367758128,735.4940399999999,0.00021155771,1.5656934306569343,6,0.06270582420736313,0.05895034461763391,38.40_55.20,6,97.5
38.400000000000006,55.59999999999996,15.69329505474455,9.577241623021989,41.41520000000003,-5.294899999999984,10.581283092123083,7.381125838628151,56.780629999999995,0.0030506303,48.03437469111688,62.56815061950892,515.3862,0.0030069584,1.4507299270072993,6,0.059622378249087594,0.05714676606991044,38.40_55.60,6,97.5
38.400000000000006,55.99999999999996,15.172231459854038,9.393641977237994,41.419579999999996,-5.675149999999974,9.165855245251551,5.927958290922091,50.367045999999995,0.006047640700000001,31.34677848851515,34.41111606192444,391.24407,0.00623696,1.2864963503649636,5,0.05404382147625912,0.054610518565664935,38.40_56.00,5,80.0
38.400000000000006,56.39999999999996,13.623867226277394,9.027709139770048,40.22476,-6.966769999999997,8.185242386715876,5.346366196213465,38.155303,0.0009476622999999999,22.086292385737547,23.22891693863093,251.93802,0.00089762605,1.218978102189781,3,0.04753123295389598,0.0504070994019713,38.40_56.40,3,38.0
38.400000000000006,56.79999999999996,12.140710374087615,8.641007081567528,38.22622000000001,-8.181619999999953,7.96996950500657,4.966311365547732,27.834329,0.0008623972000000001,20.393032759663,18.840906011977907,150.14908,0.00089762605,1.187043795620438,2,0.04412635730806569,0.04642024118230002,38.40_56.80,2,20.5
38.400000000000006,57.19999999999995,12.199247782846738,8.655802300165536,37.04116000000005,-8.360699999999952,8.319478642713047,5.081423299809454,30.078805000000003,0.007194422999999999,19.520127375816603,17.190908770871072,111.37241,0.007347747999999999,1.2025547445255473,2,0.044545120463020074,0.046264102604764025,38.40_57.20,2,20.5
38.400000000000006,57.59999999999995,14.540970337591263,9.201743961237367,39.26138000000003,-7.253269999999986,9.278879253168432,5.594058246008131,38.028420000000004,0.0022439155999999997,20.16758674835237,17.205111418290652,134.93090999999998,0.0029452922,1.2563868613138687,3,0.05012216136145073,0.049772153553336716,38.40_57.60,3,38.0
38.400000000000006,57.99999999999995,16.516505866788343,9.793713289816528,42.05093000000005,-6.050149999999974,9.618611931541972,6.301100810997299,40.69202,0.09065455,20.909833168242702,19.893469286680524,193.12492999999998,0.090256504,1.2718978102189782,3,0.05430291898366788,0.0528310907937208,38.40_58.00,3,38.0
38.400000000000006,58.39999999999995,16.689645720802943,9.962597521454349,41.94155000000001,-5.782569999999964,9.301592024635037,6.262220088602428,46.222404,0.08197172,20.380722033531022,19.998419347349987,214.49669999999998,0.08184368,1.260948905109489,3,0.05382875327148722,0.05107689120327785,38.40_58.40,3,38.0
38.400000000000006,58.79999999999995,16.624456405109513,10.18063239220477,41.62760000000003,-6.252299999999991,8.653332103582272,6.293419860429575,49.194746,0.00060036877,19.375557437073933,19.67705813957229,202.05026,0.00044389893,1.2317518248175183,3,0.05355784316911496,0.04985087208720567,38.40_58.80,3,38.0
38.400000000000006,59.199999999999946,16.513815976277396,10.238178737089097,41.19302000000005,-6.627299999999991,8.662694223767463,6.334737500534922,47.513999999999996,0.00035878424000000003,19.56828050685389,20.201193454342704,183.31307999999999,0.00021652526,1.22992700729927,3,0.053471910876742704,0.048907370959396845,38.40_59.20,3,38.0
38.400000000000006,59.599999999999945,16.75705979014601,10.2803391635219,41.15786000000003,-6.1223999999999705,8.515406599197911,6.303291229860725,46.478394,0.00038720595,19.290127965192575,20.317225664015528,177.12568,0.00039216113,1.2253649635036497,3,0.05343545916573905,0.048775305201845705,38.40_59.60,3,38.0
38.400000000000006,59.99999999999994,16.71826311131389,10.326031488361403,40.95670000000001,-6.160499999999956,8.418105704118503,6.3316458901171,50.42242,0.00029575805,18.902899985482318,20.099610335026938,185.80181000000002,0.00019981786,1.2217153284671534,3,0.05279551655160584,0.048212940166037235,38.40_60.00,3,38.0
38.400000000000006,60.39999999999994,16.457408585766448,10.394411088280648,41.35586000000001,-6.069680000000005,8.269675885850813,6.410001871626392,56.195436,0.00029575805,18.506540873361942,20.262176199773855,210.02870000000001,0.00019981786,1.2180656934306568,4,0.051851601866970805,0.04752492886767198,38.40_60.40,4,58.0
38.400000000000006,60.79999999999994,16.269840556569367,10.367428680233,41.58047000000005,-6.401700000000005,8.118358901573258,6.41691071542169,61.82206,0.00029575805,17.932439607425238,20.000799997623343,237.86288000000002,0.00019981786,1.208941605839416,4,0.05081837092890511,0.047215675160242616,38.40_60.80,4,58.0
38.400000000000006,61.19999999999994,16.344835246350385,10.274163477529669,41.33633000000003,-6.465199999999982,8.009990909817564,6.375865339202216,65.25156,0.00029575805,17.136160992584955,19.007204953173574,258.29763,0.00019981786,1.2034671532846715,4,0.04991537521513686,0.04730183654614891,38.40_61.20,4,58.0
38.400000000000006,61.59999999999994,16.18722342153287,10.231573273097498,40.862450000000024,-5.7874499999999784,7.989042583881661,6.304046245373477,63.700476,0.00028451005,16.646322850167785,18.089460656201055,255.87882999999997,0.00019981786,1.2052919708029197,4,0.049191888453832114,0.047427305767426445,38.40_61.60,4,58.0
38.400000000000006,61.999999999999936,16.144386177007323,10.307063849862672,40.919100000000014,-6.419299999999964,7.841444899730182,6.149521095016892,59.997724,0.00028451005,16.853382574412848,18.59440895113158,260.94222,0.00019981786,1.197080291970803,4,0.04908503237568431,0.047852857567738626,38.40_62.00,4,58.0
38.400000000000006,62.399999999999935,16.221654470802942,10.305783082279207,41.05776000000003,-7.361670000000004,7.853710514489498,6.090665109850883,53.566599999999994,0.00028451005,17.033917587744398,18.421880900469223,238.67050000000003,0.00019981786,1.1925182481751824,3,0.04911930212690693,0.047397023425684255,38.40_62.40,3,38.0
38.400000000000006,62.79999999999993,16.233959607664254,10.300272495551399,41.196920000000034,-8.097019999999986,7.950581113499863,6.062258033437957,45.8102,0.00028451005,17.234417377262584,18.093269338977393,203.99966,0.00019981786,1.2043795620437956,3,0.04939009955418796,0.04701210646078809,38.40_62.80,3,38.0
38.400000000000006,63.19999999999993,16.24452183394163,10.295566745639558,41.30483000000004,-8.327499999999986,8.094820305169215,6.100929987351801,38.62221,0.00028451005,17.76447765266556,17.954064550535193,153.72575,0.00019981786,1.1961678832116789,3,0.04988557617421533,0.04822856765846012,38.40_63.20,3,38.0
38.400000000000006,63.59999999999993,16.275079635036516,10.237719393129291,41.29946000000001,-7.928079999999966,8.403533361447629,6.189767373147271,40.92308,0.00028451005,19.0669314284944,18.56227821958454,123.54724999999999,0.00019981786,1.217153284671533,3,0.05041857104032847,0.04898920840369567,38.40_63.60,3,38.0
38.400000000000006,64.0,16.297301633211703,10.123389576433658,41.322400000000016,-7.806979999999953,8.87194501614051,6.286953743334401,42.692857000000004,0.0009746020999999999,20.746501995783486,19.78901667311678,192.67338,0.0010076254,1.239963503649635,3,0.051115244484589414,0.04789252451102519,38.40_64.00,3,38.0
38.8,44.0,3.118454799270096,10.3286110081504,32.51113000000004,-23.653749999999974,7.477275713667884,5.166183992025399,43.047000000000004,0.008368878,17.630514512687043,22.584994097570842,318.52243999999996,0.011113181,1.1715328467153285,4,0.030054689078395074,0.04356032235876832,38.80_44.00,4,58.0
38.8,44.4,3.7449994160584166,10.153462904132633,32.3202,-23.65863999999999,6.411775181617701,4.572623710600255,35.254278,0.009318603,15.601513229232207,19.510069458530996,251.13366,0.009697148499999999,1.10492700729927,3,0.029949150365263688,0.04292706051430481,38.80_44.40,3,38.0
38.8,44.8,6.987306879562066,9.981904269722502,34.790670000000034,-19.72113999999999,7.898030727043795,5.07677087338722,44.912482999999995,0.16859385999999998,17.494877274470806,18.995800171448955,174.19336,0.16863134,1.1751824817518248,3,0.034320392959282846,0.045763233340740325,38.80_44.80,3,38.0
38.8,45.2,9.634463832116811,10.06981194763168,38.0265,-16.71527999999995,10.899958804726277,6.986948135017595,45.4451,0.16344905999999998,22.292568953430656,22.11482595476111,246.97405000000003,0.23830954,1.3503649635036497,3,0.039480796907810214,0.051182407980623054,38.80_45.20,3,38.0
38.8,45.6,9.381762636861337,9.885688772249527,37.623440000000016,-15.93402999999995,11.905399694388686,9.02659826391317,54.894715999999995,0.10042096,24.466218502399634,24.443080980350537,219.96590999999998,0.10769047000000001,1.4105839416058394,3,0.040493967586149635,0.053621355877604825,38.80_45.60,3,38.0
38.8,45.99999999999999,7.925473056569366,9.457736466655488,34.849019999999996,-16.82461999999998,11.06993705932938,8.439090204355587,54.326836,0.06251059,23.24280802564781,24.040948483252357,212.56581,0.06611387,1.3786496350364963,3,0.039331399167782846,0.052893183282554865,38.80_46.00,3,38.0
38.8,46.39999999999999,7.578362098540167,8.961699704817343,32.116600000000005,-16.404729999999972,10.012378246406936,7.294968856854643,46.705413,0.025668063,21.372010788854926,23.079527491130907,214.14023,0.025721855000000002,1.3330291970802919,3,0.0391843332470073,0.05287680720705264,38.80_46.40,3,38.0
38.8,46.79999999999999,7.281308403284695,8.557564057776299,31.124900000000025,-16.566839999999956,8.58792398446168,6.216086011153409,34.785419999999995,0.001772511,18.43805954213175,20.49036456186244,197.96236,0.0017339324,1.2490875912408759,3,0.039072763050118614,0.05241242194383207,38.80_46.80,3,38.0
38.8,47.19999999999999,7.603368275547468,8.420519775307378,31.082420000000013,-17.09027999999995,8.88969708751104,6.377221267796103,44.132868,0.0024901590999999996,17.99895775524352,19.484826335676928,204.09293000000002,0.0024728969,1.2691605839416058,3,0.040425521286158755,0.05278101069630147,38.80_47.20,3,38.0
38.8,47.59999999999999,9.282912600364986,8.630965394814355,32.383200000000045,-16.909599999999955,9.145863706737684,6.50864378520148,39.022133000000004,0.012039853500000001,18.306620422679746,18.786704303762367,166.65051,0.012022591000000001,1.2855839416058394,3,0.0421499840992792,0.05366526548925687,38.80_47.60,3,38.0
38.8,47.99999999999999,8.680858731751849,8.290353599489313,30.34292000000005,-17.77777999999998,8.13681857200365,5.566125894260536,29.654839000000003,0.027167307999999998,16.73864289209489,16.522620707089864,115.216466,0.02714294,1.2253649635036497,2,0.041496665788001826,0.05158611110576621,38.80_48.00,2,20.5
38.8,48.399999999999984,9.061447344890533,7.4024806200813735,28.969629999999995,-14.661569999999983,8.986172603468978,6.031413006415902,38.372164,0.05236872,17.030792954319345,15.927437337820404,143.12900000000002,0.055905710000000004,1.2746350364963503,3,0.04434339666976277,0.05213280334659082,38.80_48.40,3,38.0
38.8,48.79999999999998,13.467220410583966,6.320970639931073,31.19448,-2.334419999999966,11.189041633576643,7.678324314006344,53.458997,0.0593507,20.334818810592154,17.35313493948033,117.46572400000001,0.060453184,1.3905109489051095,3,0.05154511914110401,0.05544619358269192,38.80_48.80,3,38.0
38.8,49.19999999999998,15.82722841240878,5.876298593426177,30.53140000000002,3.729150000000004,9.208383000710967,7.215010386433719,50.420269999999995,0.00032736422,20.41415876460261,19.945683676159426,139.40849999999998,0.00021550502,1.2855839416058394,3,0.05633322584703467,0.057994865055016324,38.80_49.20,3,38.0
38.8,49.59999999999998,15.58716614963506,5.689190394154101,29.09390000000002,4.268700000000024,8.61208096906647,6.8456708857382,48.009028,0.0003508064,19.894213802283367,20.27461079016802,178.82188,0.00021550502,1.25,3,0.057037693991614964,0.05853604932527816,38.80_49.60,3,38.0
38.8,49.99999999999998,15.989491359489076,5.4946225011927785,29.330700000000036,5.516020000000026,8.410630039827208,6.738138816201456,45.704468,0.00030426833,20.906148617075043,22.98662584582478,226.35811,0.00020915761999999998,1.2481751824817517,3,0.05899826671741788,0.06010257540967096,38.80_50.00,3,38.0
38.8,50.39999999999998,15.984649306569365,5.449715410575042,29.20180000000005,5.5941400000000385,8.424417518448932,6.788573155272755,42.56505,0.00030426833,22.362464492596068,27.63258961751825,313.76777,0.00020915761999999998,1.2618613138686132,4,0.06035596929077555,0.0614248902277036,38.80_50.40,4,58.0
38.8,50.799999999999976,16.105370410583962,5.417336303266543,29.43520000000001,5.698630000000037,8.592531779999389,7.06378660710213,45.113974999999996,0.00030426833,24.278143929414043,31.61986338292287,328.2906,0.00020915761999999998,1.2791970802919708,4,0.0616873759283303,0.06348463100895557,38.80_50.80,4,58.0
38.8,51.19999999999997,16.24408796532849,5.464929147589102,30.560940000000016,5.987700000000018,8.802433129505037,7.294568843249409,50.4554,0.00030426833,26.441145154867208,36.593287603055984,466.03975,0.00020915761999999998,1.302007299270073,6,0.0625711597982573,0.06473243802747344,38.80_51.20,6,97.5
38.8,51.59999999999997,16.24381534671535,5.501244192927913,30.28262000000001,5.771780000000035,9.104076803696541,7.677231563031637,51.197574,0.00030426833,28.963735480608797,41.55670278188523,447.37484,0.00020915761999999998,1.312043795620438,6,0.0634632431101095,0.06588732942522688,38.80_51.60,6,97.5
38.8,51.99999999999997,16.23742099452557,5.61378923759531,30.00454000000002,5.720030000000008,9.539369207596131,8.318845578511176,65.14065000000001,0.00029575805,32.1594856452447,46.829751068210314,426.54196,0.00019981786,1.3394160583941606,6,0.06409618861790146,0.06620944512242774,38.80_52.00,6,97.5
38.8,52.39999999999997,15.908243083941631,5.768205485117263,30.395399999999995,5.193660000000023,10.316289897545875,9.744037155895452,81.11449,0.00029575805,37.86829092720838,58.082200573934436,519.6991,0.00019981786,1.3868613138686132,6,0.06519006378291971,0.06785277289940862,38.80_52.40,6,97.5
38.8,52.79999999999997,15.431989598540168,6.097010524774482,30.453030000000012,3.9026400000000194,11.145791363175237,11.275589718455528,100.21104,0.00029575805,44.6976942386238,72.15056408286848,674.5959,0.00019981786,1.4498175182481752,6,0.06649120879821167,0.06916849011235872,38.80_52.80,6,97.5
38.8,53.19999999999997,15.065220437956226,6.596165792426736,31.57778000000002,2.553030000000035,12.1597848001199,12.795498409819364,114.64097,0.00029575805,53.3057626938504,87.84038611298361,784.78064,0.00019981786,1.5063868613138687,6,0.06813102556754562,0.07016810770296193,38.80_53.20,6,97.5
38.8,53.599999999999966,15.115237271897831,7.234943317240103,34.461820000000046,1.247600000000034,13.61898554447197,14.788928150648568,118.97548,0.00029575805,67.55533161437182,110.9480389007436,877.2556000000001,0.00019981786,1.6414233576642336,6,0.07000437181310219,0.07049745629453776,38.80_53.60,6,97.5
38.8,53.999999999999964,15.726112819343086,8.66290725730676,38.36758000000003,-3.579529999999977,18.39952891793166,20.30284793775221,136.38030999999998,0.0016081331,118.89024755670977,181.98441137022698,1155.9018,0.0014558345,2.0364963503649633,6,0.07456907558347628,0.07139241741837757,38.80_54.00,6,97.5
38.8,54.39999999999996,16.09895049270075,9.773932054601211,41.836820000000046,-6.778750000000002,16.359802786269526,15.526616841515889,113.40187,0.003883948,100.57929783639726,139.24867646994093,967.4111,0.0039630244,1.9461678832116789,6,0.07206877375029197,0.06810128005351197,38.80_54.40,6,97.5
38.8,54.79999999999996,15.814870018248197,9.793316817888975,41.444240000000036,-7.282199999999989,11.91221641595,8.330655371811453,64.46277500000001,0.0020543903,58.675742562441236,67.36064529448086,618.0898699999999,0.0018031735,1.5757299270072993,6,0.06617093661120438,0.06454592046237989,38.80_54.80,6,97.5
38.8,55.19999999999996,14.909247271897831,9.679161063828152,40.75503000000003,-7.7450999999999794,11.363989401283959,7.612372788656343,58.15683,0.00030645522,55.80431862206397,65.88590858619588,491.02164,0.00021155771,1.5492700729927007,6,0.0628761932125,0.06266924045842533,38.80_55.20,6,97.5
38.8,55.59999999999996,14.14675500912411,9.642362376125813,41.088040000000035,-7.498999999999967,12.648695772279837,9.678472659083965,63.36416,0.0005622506,72.67013268954717,104.7846624393817,688.6558,0.00021155771,1.719890510948905,6,0.06186004045487226,0.06171186322433937,38.80_55.60,6,97.5
38.8,55.99999999999996,14.330421660583966,9.644060947365592,41.910799999999995,-7.456399999999974,12.351440732220073,9.315162403933389,75.060775,0.0052660437,66.95429286154472,99.10896561725525,764.98947,0.0051000920000000005,1.6751824817518248,6,0.05936464074309306,0.0617093491256653,38.80_56.00,6,97.5
38.8,56.39999999999996,14.992649863138709,9.645114056805893,42.54897,-6.897799999999961,9.444639675462135,6.43533942071286,51.744625,0.011050194999999999,25.982576980219893,32.87334572535207,377.4244,0.011027769,1.3047445255474452,5,0.05426436673121351,0.06092276196506186,38.80_56.40,5,80.0
38.8,56.79999999999996,15.572523622262796,9.586068403316997,42.2355,-5.701499999999953,9.180345825822993,6.091201993703294,43.067782,0.004996371,23.531640645942517,26.761147744837768,293.65142000000003,0.005002367,1.27007299270073,4,0.05403779092139599,0.05907666232215745,38.80_56.80,4,58.0
38.8,57.19999999999995,16.37653178832119,9.819164230031236,42.324850000000026,-5.965199999999982,8.938821087878832,6.2340943333485574,40.87953,0.0029215862,21.693544149350366,24.242644927637357,237.56709999999998,0.002842317,1.239051094890511,3,0.05449841887622263,0.057449952434265386,38.80_57.20,3,38.0
38.8,57.59999999999995,16.844099197080318,10.163426894219542,42.947400000000016,-5.543299999999988,8.818080653548394,6.4717035115708015,51.159084,0.00067142304,21.05899955509635,23.87787469489132,235.06833,0.0006712726,1.2381386861313868,3,0.05466241091061131,0.05536397220048964,38.80_57.60,3,38.0
38.8,57.99999999999995,16.535659041970824,10.288717926272387,42.36830000000003,-5.973969999999952,8.62950672321877,6.41620329755888,52.519346999999996,0.00038229363999999996,20.482661744196534,22.81296226688546,215.86162000000002,0.0003304949,1.2354014598540146,3,0.053153324656459854,0.05169250237052057,38.80_58.00,3,38.0
38.8,58.39999999999995,16.22917558394163,10.288046434949916,41.50210000000004,-6.296239999999955,8.543585590607208,6.373498428572281,44.775483,0.0006096673,20.170706143474323,22.384845571864687,217.80065000000002,0.0005578686,1.227189781021898,3,0.05252187891277372,0.04904512019384975,38.80_58.40,3,38.0
38.8,58.79999999999995,16.261784114963525,10.385531028231195,41.42642000000001,-6.483739999999955,8.446226656893138,6.328472286229381,39.96251,0.00030194082000000003,19.871569617712865,21.806310442529448,191.82605,0.00021652526,1.2326642335766422,3,0.05282841317938869,0.04791291956253208,38.80_58.80,3,38.0
38.8,59.199999999999946,16.31213507299272,10.494464958839805,41.33510000000001,-6.972019999999986,8.4584785139001,6.449562735439968,43.600880000000004,0.00029575805,19.892915449046523,22.22161557114581,195.06112,0.00019981786,1.2354014598540146,3,0.052535154174124084,0.04712761594788918,38.80_59.20,3,38.0
38.8,59.599999999999945,16.21602801094893,10.461147083886063,40.97866000000005,-7.361670000000004,8.360652139207547,6.41987910571364,45.630053,0.00029575805,19.353838924322226,21.522022359050943,200.12416,0.00019981786,1.2262773722627738,3,0.051689312841067515,0.046522615490632156,38.80_59.60,3,38.0
38.8,59.99999999999994,15.968235894160607,10.485581485136676,40.71353000000005,-8.171239999999955,8.256048053513203,6.459271371409273,45.32192,0.00029575805,18.941890629516532,21.18814194666025,186.85884,0.00019981786,1.2253649635036497,3,0.05096744227570255,0.0460383291997438,38.80_60.00,3,38.0
38.8,60.39999999999994,15.945931049270094,10.507251196751573,41.23574000000002,-8.647799999999961,8.078046365282098,6.4566365169362605,41.49962,0.00029575805,18.217954550341116,19.939267882630578,159.37535,0.00019981786,1.2162408759124088,3,0.05046924782739051,0.045882263376171815,38.80_60.40,3,38.0
38.8,60.79999999999994,15.865302682481774,10.52350415106139,41.710350000000005,-9.564799999999991,7.913930103235966,6.420761921921817,52.67913,0.00029575805,17.645137239194533,19.50595768328828,174.53453000000002,0.00019981786,1.2062043795620438,3,0.04964484626310219,0.045978413538313355,38.80_60.80,3,38.0
38.8,61.19999999999994,15.838138239051117,10.440621708451873,41.30605000000003,-9.060900000000004,7.806001317053056,6.453354881476719,62.31523,0.00029575805,17.117639794675327,19.391545515182067,231.41547,0.00019981786,1.1961678832116789,4,0.0488191567867062,0.046352431662880764,38.80_61.20,4,58.0
38.8,61.59999999999994,15.71367303832119,10.33188935870674,40.61100000000005,-8.085299999999961,7.702979175381405,6.423838174536831,66.89118,0.00028451005,16.736837467506447,19.643835858817194,272.11195,0.00019981786,1.187043795620438,4,0.0482295755322719,0.047067885122103914,38.80_61.60,4,58.0
38.8,61.999999999999936,15.722813366788346,10.294127019198246,40.521630000000016,-8.37143999999995,7.641491451056222,6.367787413528606,66.237796,0.00028451005,16.57854973911982,19.84740888934336,287.44352999999995,0.00019981786,1.176094890510949,4,0.04803804095734489,0.047953681880737065,38.80_62.00,4,58.0
38.8,62.399999999999935,15.753609206204402,10.248035270514215,40.60073,-8.912449999999978,7.765612197917719,6.41423052665922,61.78983,0.00028451005,16.854205284618722,19.744964613993602,276.82836000000003,0.00019981786,1.186131386861314,4,0.047978644712910586,0.04819637144596497,38.80_62.40,4,58.0
38.8,62.79999999999993,15.852186031021919,10.272356134359576,40.88590000000005,-9.337259999999958,7.91472338149281,6.413292927364538,53.615597,0.00028451005,17.11393320899668,19.15750307522018,239.83625,0.00019981786,1.187043795620438,3,0.048059154530465324,0.047677295100350986,38.80_62.80,3,38.0
38.8,63.19999999999993,15.936545310219001,10.312689212173307,41.080700000000036,-10.267920000000004,8.172427045467519,6.48170806141883,45.29524,0.00028451005,17.623746636573806,18.691546280146518,187.72448,0.00019981786,1.2034671532846715,3,0.04824757220224452,0.047740809940717,38.80_63.20,3,38.0
38.8,63.59999999999993,16.0318914872263,10.157808107406202,40.91420000000005,-9.348969999999952,8.441278405850046,6.570506816239173,48.085614,0.00028451005,17.823286702197926,17.764387132867498,176.38912,0.00024985752999999997,1.2034671532846715,3,0.04852292931999087,0.047574698540354815,38.80_63.60,3,38.0
38.8,64.0,16.1576805291971,9.97684568480588,40.94253000000003,-8.154639999999972,8.817806439586269,6.611818077491852,49.982805,0.00028451005,20.080913701716177,19.942188708268198,179.84657,0.00024985752999999997,1.2372262773722629,3,0.049288986444835765,0.04689188843874891,38.80_64.00,3,38.0
39.2,44.0,2.8734494343065924,10.422913890671685,32.24550000000005,-25.221659999999986,8.785030433339417,6.2648943196987235,42.351687,0.32563618,18.415273853202553,22.30774334940487,315.12684,0.32777714,1.260036496350365,4,0.029846445181268246,0.04408290978539444,39.20_44.00,4,58.0
39.2,44.4,5.057628357664257,10.127045120265574,33.15810000000005,-23.948219999999964,7.9589489944890515,5.212615437135034,37.279847000000004,0.19196107,16.601907092052922,17.853745343760874,179.40408000000002,0.22442094,1.1934306569343065,3,0.03166969829194343,0.046176674425574854,39.20_44.40,3,38.0
39.2,44.8,8.498205629562067,10.142746723192811,36.55630000000002,-18.17575999999997,9.641228757709854,5.209111017744798,38.37721,0.5432616,19.22315092020073,17.533077336100668,155.4102,0.59984595,1.280109489051095,3,0.03663470745734489,0.049498290431039066,39.20_44.80,3,38.0
39.2,45.2,10.718279936131408,10.082415748567595,38.98892000000001,-12.10296999999997,11.381364606304745,6.335258142411475,41.798668,0.33825678,22.595482489917885,20.246133223361834,149.69841,0.36518405000000004,1.3987226277372262,3,0.04023633723116788,0.052782217027458354,39.20_45.20,3,38.0
39.2,45.6,8.374433083941629,9.44541092825767,35.49355000000003,-12.97244999999998,9.502123064069343,6.2697071059097755,36.13724,0.09356557,20.629044314576642,20.987966413069643,162.57656999999998,0.106382736,1.2874087591240877,3,0.036927842633905104,0.04966355875049708,39.20_45.60,3,38.0
39.2,45.99999999999999,5.731874306569366,8.823171198087632,30.579740000000015,-15.483829999999955,7.721680671282846,5.270790206392705,32.497866,0.05585199,18.10857550863139,19.43564390764797,156.84692,0.14281672,1.1815693430656935,3,0.03390211920142336,0.04571249528873748,39.20_46.00,3,38.0
39.2,46.39999999999999,7.465476450729949,8.526176517508782,30.876120000000014,-14.23479999999995,8.655760433540145,5.431548558533285,33.925903999999996,0.07275516,18.445763799762773,17.31968908082323,142.76166,0.07323782000000001,1.22992700729927,2,0.03654953717145073,0.046664540823380334,39.20_46.40,2,20.5
39.2,46.79999999999999,10.32211572992703,8.58067200306072,33.73013000000003,-13.413520000000005,10.842281200158759,7.176878859695069,45.590927,0.02583092,19.790244561797444,16.95706014837142,133.14588999999998,0.02753571,1.3677007299270072,3,0.0405732236120073,0.04890263343785779,39.20_46.80,3,38.0
39.2,47.19999999999999,11.335702636861337,8.466012089166833,34.92130000000003,-13.212349999999958,11.828785109726278,7.997944738187612,49.228138,0.17221693999999999,19.647996570994525,16.269233559558767,151.44244,0.17748865,1.4087591240875912,3,0.04320020496495438,0.050684436653163516,39.20_47.20,3,38.0
39.2,47.59999999999999,11.398998412408783,8.353717134137245,34.73428000000001,-13.179139999999961,10.784937115538321,7.236859001698426,51.64033,0.13585903,18.131916305410584,15.330643878096184,118.58491000000001,0.13588440000000002,1.3631386861313868,3,0.04430811962571168,0.05233388547508376,39.20_47.60,3,38.0
39.2,47.99999999999999,11.348959060219,8.128001974115643,33.532129999999995,-13.843199999999968,9.881602045392336,6.6870268301788816,45.156074000000004,0.19189066,17.33778686370438,14.965741523993081,113.5479,0.19875751,1.3257299270072993,3,0.045600931915072994,0.05353386441246737,39.20_48.00,3,38.0
39.2,48.399999999999984,12.265053713503672,7.627889294500796,33.473540000000014,-11.576599999999985,11.103085655364962,7.782291109265461,60.26081,0.15923435,18.76900631307482,15.472677531393652,123.23039999999999,0.42914577,1.3667883211678833,4,0.048352435293941606,0.054339074693643706,39.20_48.40,4,58.0
39.2,48.79999999999998,14.15449944343068,7.1849272439337835,35.248680000000036,-4.058569999999975,11.686281480629562,8.599228437571147,77.21428,0.08208739000000001,20.438038372390512,16.972683220483386,108.92674000000001,0.11626196999999999,1.406021897810219,4,0.05234360429582117,0.0570953733992923,39.20_48.80,4,58.0
39.2,49.19999999999998,14.830375437956226,6.32346834584391,33.27358000000004,2.2389200000000073,9.562122281088048,7.380691806706139,51.56864,0.010052573,19.190877923864598,17.694809149760715,132.9554,0.009918286,1.3102189781021898,3,0.05332479222316606,0.05674037088902252,39.20_49.20,3,38.0
39.2,49.59999999999998,14.922588448905133,5.915559537942689,30.52260000000001,4.1702999999999975,8.56250758007801,6.751639539294693,39.97974,0.0003465596,18.95435598975862,19.510221001435017,173.12175,0.00021550502,1.25,3,0.05444022678221715,0.05755098353950795,39.20_49.60,3,38.0
39.2,49.99999999999998,15.551277107664257,5.662275302677135,29.40005000000002,4.911519999999996,8.33100210957865,6.751746557677273,42.463355,0.0003465596,20.16378439442582,24.26943713098548,269.54592,0.00021550502,1.2408759124087592,4,0.056437442125437956,0.05878310029914775,39.20_50.00,4,58.0
39.2,50.39999999999998,15.553423302919732,5.575869608794649,29.73843000000005,4.953520000000026,8.37423083184427,6.861990454681358,43.668563999999996,0.00031123937,21.901743707892855,29.15975476212723,320.90895,0.00021550502,1.2563868613138687,4,0.05764537751627737,0.05999961922970803,39.20_50.40,4,58.0
39.2,50.799999999999976,15.629532892335789,5.523137236080772,29.868300000000033,4.95938000000001,8.5166526265801,7.267974105484845,52.14854,0.00030426833,23.804847024323237,35.52778123119966,487.5643,0.00020915761999999998,1.2655109489051095,6,0.059075015666742704,0.062379076596882986,39.20_50.80,6,97.5
39.2,51.19999999999997,15.807811085766446,5.52180973194344,30.017240000000015,5.342200000000048,8.65316569644855,7.375784524059305,54.640924999999996,0.00030426833,25.393409848814336,38.14162876327372,485.94376,0.00020915761999999998,1.281021897810219,6,0.06025143324127737,0.06459035869837512,39.20_51.20,6,97.5
39.2,51.59999999999997,15.862547563868636,5.554403186517673,29.657129999999995,5.74550000000005,8.85898375548833,7.512816278241382,53.068423,0.00030073443,27.168513299568367,39.99735030134921,444.41035,0.00020527926,1.2892335766423357,6,0.061451899374662416,0.06608103835948088,39.20_51.60,6,97.5
39.2,51.99999999999997,15.88771057481754,5.668769809551317,30.033839999999998,5.308250000000044,9.168388488104645,7.791805547385549,58.851928,0.00030073443,29.316741371190346,41.40965464985209,401.61861999999996,0.00020527926,1.3074817518248176,5,0.062454401836259124,0.06694124391779482,39.20_52.00,5,80.0
39.2,52.39999999999997,15.585604397810243,5.7922502762193036,29.99087000000003,4.795220000000029,9.581490914236944,8.403975708541218,63.604126,0.00031276922999999996,32.163795493249935,46.03906689487122,404.82230000000004,0.00020527926,1.323905109489051,5,0.06341440493523723,0.06986930604336443,39.20_52.40,5,80.0
39.2,52.79999999999997,15.09510322992703,6.137511247787481,30.476950000000045,3.162400000000048,10.077421840138303,9.356475112268175,74.29064000000001,0.00031123937,36.003910634644534,56.450003704884345,508.68556,0.00020527926,1.3731751824817517,6,0.06395693800806569,0.07233023439946708,39.20_52.80,6,97.5
39.2,53.19999999999997,14.840162819343087,6.9568023948619215,33.85000000000002,1.4387800000000084,10.84317190133668,10.652896325990005,101.53466999999999,0.0007505054,41.71049501391094,71.03279127974436,716.5906,0.0006545651999999999,1.426094890510949,6,0.06460575682692518,0.0733642106961814,39.20_53.20,6,97.5
39.2,53.599999999999966,15.16358175182484,8.074676510225103,37.601950000000045,-0.7963299999999549,11.976609872491295,12.738433012742245,125.7881,0.0003717283,50.46647699395679,89.94992376531988,866.99555,0.00037448224,1.4908759124087592,6,0.06686075494412408,0.07455226235896972,39.20_53.60,6,97.5
39.2,53.999999999999964,15.719254543795644,9.23355636772921,40.93203,-5.671329999999955,13.903093812159305,16.556882124659133,158.48535,0.0011839364000000002,68.52111215117199,129.33516421629523,1163.1769,0.0011093125,1.6332116788321167,6,0.06949536664438868,0.07456846630765508,39.20_54.00,6,97.5
39.2,54.39999999999996,15.750668978102212,9.852406281144757,42.04140000000001,-9.212349999999958,19.469094314982208,28.233391359846863,290.73334,0.0036921525,133.06175658441057,274.29969524651665,2657.1633,0.003610423,2.0346715328467155,6,0.07308351215168796,0.07456701878814058,39.20_54.40,6,97.5
39.2,54.79999999999996,15.245802043795644,9.989670213706516,41.820460000000026,-10.54684999999995,18.401445419023723,22.365277701798195,249.40305999999998,0.017675634,127.97081637660584,234.7457037758726,2534.1662,0.017707590000000002,2.073905109489051,6,0.07051384538447993,0.070658657879278,39.20_54.80,6,97.5
39.2,55.19999999999996,14.671450319343089,10.09383831217648,42.23647,-11.54046999999997,13.181347073175184,9.630313013313542,101.79049,0.014541309,71.62418584769524,96.95087892335908,1107.2123,0.016343349,1.7098540145985401,6,0.06384662196919708,0.06627701804232967,39.20_55.20,6,97.5
39.2,55.59999999999996,14.51550978102192,10.140632020651893,43.10366000000005,-10.853949999999998,13.039595106679744,8.566248113786106,74.21225,0.011001603,69.2116906887792,83.45488294018288,791.059,0.010908194000000001,1.7107664233576643,6,0.06165325425708029,0.06384989291875601,39.20_55.60,6,97.5
39.2,55.99999999999996,14.771306697080314,10.179820354030596,43.535799999999995,-8.62143999999995,12.260183708760948,7.731960165176924,54.747183,0.009893157,59.9305867101802,68.75561938050876,512.9353,0.0099418555,1.6158759124087592,6,0.05973359500672445,0.06375547481075416,39.20_56.00,6,97.5
39.2,56.39999999999996,15.460976012773745,10.249561734894225,43.49233000000004,-7.217139999999972,9.416265032051186,6.730717608303286,61.518170000000005,0.0004378666,25.332871522531477,31.555625646983614,345.6572,0.0005408784,1.3001824817518248,4,0.05648969278471715,0.0628944020233183,39.20_56.40,4,58.0
39.2,56.79999999999996,16.242939443430682,10.260971347654683,43.41372000000001,-5.312839999999994,8.991540987649673,6.7733129467505995,79.120845,0.00030082984,23.752120089208823,29.9656034883641,383.0661,0.00022163087,1.2737226277372262,5,0.05636041135327099,0.060641085433062014,39.20_56.80,5,80.0
39.2,57.19999999999995,16.380985392335788,10.280123148992061,43.07340000000005,-5.469579999999951,8.737156296144908,6.6553769855902125,72.49245,0.00030194082000000003,22.36506513343564,28.401315941758252,327.49347,0.00021652526,1.25,4,0.05521214792883668,0.05692844660463914,39.20_57.20,4,58.0
39.2,57.59999999999995,16.19358562043798,10.321281706430298,42.580700000000036,-5.8035600000000045,8.639666156233412,6.6199648104773035,51.505914,0.00030194082000000003,21.773495396205046,27.484188481203503,254.49089999999998,0.00021652526,1.2536496350364963,3,0.05400299741622262,0.05333662165985678,39.20_57.60,3,38.0
39.2,57.99999999999995,16.136515675182505,10.398673674427274,42.134900000000016,-5.911959999999965,8.500122228472435,6.562022047958136,61.559439999999995,0.00035387193,21.23903059571318,27.06074134170862,269.85398,0.00021680807,1.2518248175182483,4,0.05326310882392336,0.05094228360291193,39.20_58.00,4,58.0
39.2,58.39999999999995,16.14522769160586,10.5247896102627,41.965480000000014,-6.300149999999974,8.376249878425137,6.371931677556793,44.234362,0.00029575805,20.712724766165568,25.62370665786377,246.70746000000003,0.00019981786,1.2408759124087592,3,0.05305650153125912,0.04949369862781569,39.20_58.40,3,38.0
39.2,58.79999999999995,16.002622810219002,10.60634466700939,41.59146000000004,-7.026700000000005,8.298243464545092,6.410523726956583,49.853249999999996,0.00029575805,20.295025730847975,24.71640665729583,251.65272,0.00019981786,1.2354014598540146,3,0.052502849214479924,0.04825468197956569,39.20_58.80,3,38.0
39.2,59.199999999999946,15.653454808394184,10.64177982583523,41.10952000000003,-7.877299999999991,8.238188648836825,6.446923867867009,51.90845,0.00029575805,20.019577936586973,24.370093635181018,249.6516,0.00019981786,1.2253649635036497,3,0.05147358291906022,0.046983363541498104,39.20_59.20,3,38.0
39.2,59.599999999999945,15.500811998175203,10.676354749459598,40.94155000000001,-8.703469999999982,8.131468923344041,6.457282140827429,48.352724,0.00029575805,19.40217203710384,23.267524066450243,220.9459,0.00019981786,1.2244525547445255,3,0.05086086427195255,0.04665092088687778,39.20_59.60,3,38.0
39.2,59.99999999999994,15.45004019160586,10.692041808054459,40.67593000000005,-10.234719999999982,8.002202264919589,6.436245830173159,42.536094,0.00029575805,18.740458791951834,22.070473628808635,184.77571,0.00019981786,1.218978102189781,3,0.05018643985165146,0.04647748374686815,39.20_60.00,3,38.0
39.2,60.39999999999994,15.405105291970825,10.628549479506688,41.4418,-11.389999999999986,7.859972539441935,6.362778183012366,42.56104,0.00029575805,17.96272436555705,20.44072190633949,188.53648,0.00019981786,1.217153284671533,3,0.0492464124862135,0.046007107640465165,39.20_60.40,3,38.0
39.2,60.79999999999994,15.254062007299291,10.55090525100648,41.32460000000003,-11.322599999999966,7.734464707828312,6.308852365363612,41.293575,0.00029575805,17.290295888339763,19.146943560809135,179.4106,0.00019981786,1.2052919708029197,3,0.04830203905047445,0.04571095556451672,39.20_60.80,3,38.0
39.2,61.19999999999994,15.202353083941627,10.475980049805749,40.81753000000003,-10.088229999999953,7.691202563340738,6.411500063281035,46.996010000000005,0.00028451005,16.814223634300312,18.521245359702334,158.26099000000002,0.00019981786,1.2043795620437956,3,0.047692865916085764,0.0458353436908131,39.20_61.20,3,38.0
39.2,61.59999999999994,15.17813270072995,10.421466783068743,40.459130000000016,-8.972019999999986,7.605329239856533,6.531321881163859,60.7339,0.00028451005,16.519436230781853,19.082567343626977,222.18228000000002,0.00019981786,1.1943430656934306,4,0.04723462842948905,0.045989363134387534,39.20_61.60,4,58.0
39.2,61.999999999999936,15.13468640510951,10.394889517437065,40.16030000000001,-9.046239999999955,7.563908112547116,6.553039951119573,65.85473,0.00028451005,16.456132131191758,20.047422604709453,269.50306,0.00019981786,1.1852189781021898,4,0.04702153447437956,0.046860471557516374,39.20_62.00,4,58.0
39.2,62.399999999999935,15.252845255474476,10.325536981652505,40.34730000000002,-9.253269999999986,7.662407354252336,6.609302163414434,65.18571,0.00028451005,16.615518842233264,20.525203062939312,278.96908,0.00019981786,1.1843065693430657,4,0.04694794746480839,0.047704506696902425,39.20_62.40,4,58.0
39.2,62.79999999999993,15.423776478102212,10.22886025577723,40.56802000000005,-8.728859999999997,7.8993632491858214,6.726183991834453,58.51169,0.00028451005,16.742654015089506,19.913304914008908,254.66534,0.00019981786,1.1961678832116789,3,0.04683409818972628,0.04779495118097495,39.20_62.80,3,38.0
39.2,63.19999999999993,15.507796806569365,10.25027344578198,40.68960000000004,-8.895849999999996,8.274272334202143,6.869933733973775,58.187926,0.00028451005,17.04158067091426,19.086907560332243,210.31123,0.00024985752999999997,1.2116788321167884,4,0.04682424740476278,0.047478907318927586,39.20_63.20,4,58.0
39.2,63.59999999999993,15.64727731751827,10.161223339223264,40.59927000000005,-8.500339999999994,8.609724015779243,6.985024774116318,60.29586,0.00028451005,17.75530172938096,19.05536862761936,220.38024,0.00024985752999999997,1.2326642335766422,4,0.04699130275112226,0.04680500353426892,39.20_63.60,4,58.0
39.2,64.0,15.75035152372265,9.940722971735996,40.27212000000003,-7.084329999999966,8.826647983606433,6.988292977882525,59.09803,0.00028451005,19.57085025539346,21.323963768686394,229.66005,0.00024985752999999997,1.2317518248175183,4,0.04751567861205292,0.046123396603835326,39.20_64.00,4,58.0
39.6,44.0,4.505264881386884,10.14215685189271,32.651760000000024,-24.90304999999998,9.277502370748175,5.873640761851983,49.226003,0.5792435,18.156011776523723,20.18957188110821,267.60756,0.6830647,1.2755474452554745,4,0.031535806044891423,0.046027654305377995,39.60_44.00,4,58.0
39.6,44.4,7.399039105839438,10.159594818975867,35.21720000000005,-20.911839999999984,10.977732534662408,6.112704774215754,40.553360000000005,0.36242030000000003,20.85074377669708,18.132043971537787,152.89824,0.42814777,1.364051094890511,3,0.034774253768275545,0.0491597235642701,39.60_44.40,3,38.0
39.6,44.8,8.5919654562044,10.072717042179475,36.31900000000002,-16.88839999999999,10.180402097007299,5.565653576797728,33.43765,0.28747224,20.63446860368613,18.80248950339662,159.7573,0.5171105,1.3184306569343065,3,0.036261172787381384,0.050516244516964626,39.60_44.80,3,38.0
39.6,45.2,7.840059945255496,9.59638019874752,35.28480000000002,-13.375429999999994,8.815391542445255,5.12586349237608,29.843243,0.18493129,19.044388946368613,19.0354417395824,151.59948,0.18942589,1.2235401459854014,2,0.03505986182260037,0.0485732072422755,39.60_45.20,2,20.5
39.6,45.6,4.6145744708029435,8.982425639973743,30.39736000000005,-15.752399999999966,6.69479489079562,4.7158514996048755,30.889139999999998,0.052504917,16.204833104698906,18.506372343254995,145.81356,0.05402316,1.1240875912408759,2,0.030614294903043796,0.04278913276882494,39.60_45.60,2,20.5
39.6,45.99999999999999,2.4095936587591464,8.375055178558613,24.660799999999995,-19.202579999999983,6.533255680378649,4.863031030760655,34.429874,0.008682375,15.374902076009125,17.08685628883486,131.53097000000002,0.008728758999999999,1.1186131386861313,2,0.028304621747563867,0.038451044077296444,39.60_46.00,2,21.15
39.6,46.39999999999999,4.719599917883234,8.052333631973898,25.71792000000005,-17.03363999999999,7.31055506274635,5.063870991683805,31.934796000000002,0.062088080000000004,15.118616345058395,14.674608315010564,140.18993,0.087314614,1.155109489051095,2,0.030972978109735403,0.03959763113623699,39.60_46.40,2,20.5
39.6,46.79999999999999,8.37908683394163,8.34438481842665,31.419100000000014,-16.086369999999988,8.70222482470438,5.986051837369382,43.985157,0.103129026,15.823083781596715,13.93606550086147,122.06151,0.10323077,1.2308394160583942,3,0.03601525011928832,0.04293067927026934,39.60_46.80,3,38.0
39.6,47.19999999999999,11.068272636861337,8.627689636592997,35.088040000000035,-15.06389999999999,10.7299535129927,7.23409691204916,64.64007000000001,0.09998182,18.24805807625,14.5304934545742,97.61188,0.13524573,1.3403284671532847,4,0.041414653662171536,0.04701491942114361,39.60_47.20,4,58.0
39.6,47.59999999999999,13.005332408759147,8.716891482814619,37.00260000000003,-10.391059999999982,12.368007771555657,8.5661490918868,75.42611000000001,0.063447005,19.610788815574818,14.929414193600557,97.38471,0.06342539,1.4498175182481752,4,0.04443393063565693,0.04962885729496055,39.60_47.60,4,58.0
39.6,47.99999999999999,13.735815520073015,8.606503453873033,37.39858000000004,-8.037539999999979,12.315990359114963,8.978524591184716,72.321235,0.09516399,19.688938850570256,15.374580578767723,109.97097600000001,0.09515499499999999,1.4333941605839415,4,0.04654108714410584,0.052333148743299064,39.60_48.00,4,58.0
39.6,48.399999999999984,14.169666715328491,8.343405627417079,37.197900000000004,-6.741639999999961,12.479147315456204,9.997295480144167,85.273,0.13335977999999998,20.12593041171533,16.492511444655857,106.72963,0.13341742,1.426094890510949,4,0.04788742774254562,0.05334598653064825,39.60_48.40,4,58.0
39.6,48.79999999999998,14.522486797445278,8.137750903553828,37.785799999999995,-4.361760000000004,11.151556644452555,8.730959432754746,77.62648,0.03855917,19.126510231676097,16.267368181997142,100.80015,0.038488906999999996,1.3740875912408759,4,0.049043059836724454,0.05449689445085765,39.60_48.80,4,58.0
39.6,49.19999999999998,14.538599680656956,7.246694459006386,37.01528000000002,-1.3069799999999532,9.895586927614051,7.6423442165116,59.85455999999999,0.03521962,17.8252865073677,16.008942809112572,114.55906,0.035305675,1.3166058394160585,4,0.04994641438482664,0.054549894973459516,39.60_49.20,4,58.0
39.6,49.59999999999998,14.692977326642358,6.179342568139012,32.22866000000005,2.8924800000000346,8.78579640429562,6.915760098461054,41.959309999999995,0.058960434,18.415739131414234,19.893819983175536,220.03258,0.07202652400000001,1.2536496350364963,3,0.051660603213229926,0.055992763369472946,39.60_49.60,3,38.0
39.6,49.99999999999998,14.825027326642358,5.924984621322666,29.40542000000005,3.5096700000000283,8.399143797384271,6.885775858357876,43.746212,0.0005781801,19.81890592936022,26.58006996876033,309.44613999999996,0.0004428787,1.2463503649635037,4,0.053287167274434305,0.05743756254630726,39.60_50.00,4,58.0
39.6,50.39999999999998,15.029659370437978,5.772541829573533,29.829250000000002,4.18398000000002,8.394212865642116,7.1329656189635715,48.061395,0.00030426833,21.90000464760055,33.14763356523229,368.694,0.00020915761999999998,1.2518248175182483,5,0.05504914325962591,0.05963523136571021,39.60_50.40,5,80.0
39.6,50.799999999999976,15.243220729927032,5.686542731945121,30.29507000000001,4.401760000000024,8.499157162884782,7.650207463374581,57.71192,0.00031276922999999996,23.838698067227245,41.08704839044633,513.9419,0.00023937785,1.2664233576642336,6,0.05668909108713504,0.06303368699939406,39.60_50.80,6,97.5
39.6,51.19999999999997,15.344965565693453,5.663617389583022,30.199370000000044,4.7327999999999975,8.53898939877113,7.623495086439431,57.139236000000004,0.00031276922999999996,24.72596512008188,41.036991815440636,483.89603000000005,0.000217046,1.272810218978102,6,0.0580703897707938,0.06603549111500223,39.60_51.20,6,97.5
39.6,51.59999999999997,15.44334754562046,5.685085092436729,30.232079999999996,5.098050000000001,8.633481632419006,7.459123321710769,49.985704,0.00030073443,25.596240691285804,38.001477295363614,396.86606,0.00020527926,1.280109489051095,5,0.0594195757072719,0.0670823388570542,39.60_51.60,5,80.0
39.6,51.99999999999997,15.42303967153287,5.7587402580975064,30.047750000000008,4.571920000000034,8.812599069605676,7.357609906998923,57.32178,0.00030073443,26.780045397358805,35.86736566819795,305.71238,0.00020527926,1.2755474452554745,4,0.060723588130328465,0.06944712965588216,39.60_52.00,4,58.0
39.6,52.39999999999997,15.194177691605862,5.867759050517067,29.62710000000004,3.662680000000023,9.047748939910766,7.451277852552081,60.012724,0.00031123937,28.229078918422264,36.2669903689994,339.76477,0.00021680807,1.2919708029197081,4,0.061417480555565694,0.07294615372660221,39.60_52.40,4,58.0
39.6,52.79999999999997,14.839407655109513,6.2189745774712915,31.130269999999996,2.4634599999999978,9.337207635981478,7.5410738968531685,67.825425,0.002501241,29.88523712571414,39.34603597787357,469.51809999999995,0.0026059107,1.2937956204379562,6,0.06141388130750913,0.07485585437338597,39.60_52.80,6,97.5
39.6,53.19999999999997,14.729943740875935,7.263972623094637,34.56290000000001,0.7493200000000115,9.771169722664325,7.8491608522713925,62.49907999999999,0.0011106927,32.99740638560374,46.03500480359097,430.7464,0.0012839769,1.3156934306569343,6,0.061779079195711684,0.07535660871416469,39.60_53.20,6,97.5
39.6,53.599999999999966,15.279580218978126,8.833973681362622,39.66300000000001,-4.180999999999983,10.670135977262317,9.255368422100261,76.585636,0.0011533253,41.543380657117424,64.96994814604714,577.2406,0.0011702900999999999,1.4142335766423357,6,0.06479060215175182,0.07836933592215864,39.60_53.60,6,97.5
39.6,53.999999999999964,15.325254224452577,9.761688243247432,41.64834000000002,-8.226999999999975,12.396697866662226,12.41474329231527,115.31479,0.0058379915,59.46574446929106,104.79653617959177,888.0341999999999,0.005770473,1.572992700729927,6,0.06623384283147446,0.07789273326380922,39.60_54.00,6,97.5
39.6,54.39999999999996,14.130555291970825,9.867065946929383,40.902980000000014,-10.45745999999997,17.475967933245894,25.026973616905707,281.3716,0.008287175,125.85112479451048,278.7178247594744,3036.8842,0.008503183000000001,1.9616788321167884,6,0.06826751850527828,0.07673990591008051,39.60_54.40,6,97.5
39.6,54.79999999999996,13.73457383211681,9.987185665877293,41.86196000000001,-11.400819999999953,17.070850079173084,20.53760731360074,241.04969999999997,0.0041371247,123.04994978641514,236.44322058660615,2779.3685,0.004070039,2.041970802919708,6,0.06734588864768248,0.07324263018178027,39.60_54.80,6,97.5
39.6,55.19999999999996,14.679095921532868,10.266292345146246,43.40980000000002,-11.678169999999966,14.668888391575548,13.754444734072399,143.31862,0.0011546835999999999,90.02146394274781,144.48604428541628,1619.7123000000001,0.001796302,1.8813868613138687,6,0.06516405607775,0.06891567150028735,39.60_55.20,6,97.5
39.6,55.59999999999996,15.32494550182484,10.390414981406273,44.32827000000003,-11.050239999999974,13.184176971907482,10.333128568195335,113.907426,0.0009681042999999999,69.3928299179261,91.54884747441315,848.2823500000001,0.001114181,1.6925182481751824,6,0.06202423310071624,0.06480081955192452,39.60_55.60,6,97.5
39.6,55.99999999999996,15.429614534671554,10.405800865936255,44.32827000000003,-9.35296999999997,11.390707234411925,8.28700931334021,107.543464,0.00047072437,49.24156966767308,55.949814933268065,584.2969,0.0006594337,1.5191605839416058,6,0.05876707220489508,0.062304507004608226,39.60_56.00,6,97.5
39.6,56.39999999999996,15.522460155109513,10.42689763559808,43.77896000000004,-7.912539999999979,9.27507618770001,7.687452952476791,95.7453,0.00029575805,26.8856121558472,39.605437521939024,506.3537,0.00019981786,1.302007299270073,6,0.05648415875837226,0.060622321743343484,39.60_56.40,6,97.5
39.6,56.79999999999996,15.582308476277396,10.458935333609272,43.33170000000001,-7.24554999999998,9.031568111875556,7.264057513743251,72.66422999999999,0.00029575805,25.06944324808758,35.08713285985056,344.61596,0.00019981786,1.2737226277372262,4,0.05599496458678832,0.058609198243525,39.60_56.80,4,58.0
39.6,57.19999999999995,15.522801541970827,10.474709429026888,42.86733000000004,-7.3793399999999565,8.892361807226616,6.995218290621005,49.315368,0.00030082984,24.102005395384673,33.727242731500745,345.35398,0.00021652526,1.2655109489051095,4,0.05477696890927008,0.05588375483746958,39.60_57.20,4,58.0
39.6,57.59999999999995,15.475567335766446,10.554538295806129,42.45034000000004,-7.4799299999999675,8.72068290611646,6.837133451404086,50.522523,0.00030082984,23.13063449121375,32.23821295695993,344.04584,0.00021663546999999998,1.2618613138686132,4,0.053670851486464416,0.05354805280276615,39.60_57.60,4,58.0
39.6,57.99999999999995,15.46468489963506,10.63785969311687,42.02944000000002,-7.614699999999971,8.56403667187374,6.697642839557844,53.862614,0.00036792542,22.4464799974337,30.507614846226357,319.7368,0.0003303223,1.2572992700729928,4,0.052792158315054745,0.051730103283147116,39.60_58.00,4,58.0
39.6,58.39999999999995,15.250361879562067,10.656061903073141,41.54946000000001,-7.899849999999958,8.421624943927418,6.710748870299909,54.101683,0.00029575805,21.799855372551697,29.284710211230426,295.95353,0.00019981786,1.2463503649635037,4,0.05194089501231752,0.05001978192396012,39.60_58.40,4,58.0
39.6,58.79999999999995,15.04797554744528,10.67960778993804,41.089,-8.455420000000004,8.298682757082325,6.744777072696661,50.3536,0.00029575805,21.258622658872333,28.3203930687166,257.3839,0.00019981786,1.2436131386861313,4,0.05139214047114051,0.04908295280839243,39.60_58.80,4,58.0
39.6,59.199999999999946,14.938483695255497,10.692250481227882,40.72770000000003,-9.347999999999956,8.162730500321542,6.693994274155621,43.15553,0.00029575805,20.533869319662582,26.886915457990355,200.59596,0.00019981786,1.2354014598540146,3,0.050759874664835766,0.04825157207901949,39.60_59.20,3,38.0
39.6,59.599999999999945,14.852224607664255,10.732312034687961,40.53872000000001,-10.910499999999956,7.97734720810427,6.595850325594806,44.06793,0.00029575805,19.622945609685885,24.937578577144667,199.23918,0.00019981786,1.227189781021898,3,0.04995663294410584,0.04752434217330277,39.60_59.60,3,38.0
39.6,59.99999999999994,14.647031040146008,10.719062618511765,40.47988000000004,-12.836279999999988,7.808273785763632,6.4687695704102905,44.855239999999995,0.00029575805,18.742657102526852,23.137538188195766,200.4288,0.00019981786,1.2180656934306568,3,0.04883285306984489,0.046803768809485426,39.60_60.00,3,38.0
39.6,60.39999999999994,14.54461354014601,10.634333998805493,40.935940000000016,-13.217139999999972,7.686590716653951,6.336983360013251,42.811465,0.00029575805,17.890396285766524,21.167233130721087,194.0704,0.00019981786,1.207116788321168,3,0.04792639894145985,0.04631124188419149,39.60_60.40,3,38.0
39.6,60.79999999999994,14.542736350364986,10.572855311594964,40.704499999999996,-13.302099999999996,7.616741204966907,6.285638704185361,40.447944,0.00028451005,17.395635188070795,20.125755266038787,191.44263999999998,0.00020014692000000001,1.198905109489051,3,0.04730134446496351,0.046150437889337335,39.60_60.80,3,38.0
39.6,61.19999999999994,14.475195976277396,10.503197238006607,40.25405000000001,-12.340199999999982,7.57142729656865,6.299552149006045,40.20801,0.00028451005,16.98480683262218,19.546027856633998,177.75815,0.00021858931,1.197992700729927,3,0.04675389434379562,0.04588351179473568,39.60_61.20,3,38.0
39.6,61.59999999999994,14.502053166058419,10.4654601546071,40.029930000000036,-10.75912999999997,7.495122775280092,6.428528330621059,51.439915,0.00028451005,16.674956994928742,19.715486104427132,168.73513999999997,0.00021858931,1.1843065693430657,3,0.04636398102802007,0.045564835356275805,39.60_61.60,3,38.0
39.6,61.999999999999936,14.552069279197102,10.493955659107314,39.88052000000005,-10.013999999999953,7.483064806797519,6.619724549090224,61.973090000000006,0.00028451005,16.481740989312215,20.487337430981167,232.79131,0.00021858931,1.1788321167883211,4,0.04615554516785219,0.04587854150435308,39.60_62.00,4,58.0
39.6,62.399999999999935,14.740219470802943,10.456845300847329,40.06460000000004,-9.655599999999993,7.559006712949472,6.741801640403617,65.29254999999999,0.00028451005,16.562690716134753,21.363135612695476,269.2998,0.00021890866000000002,1.1824817518248176,4,0.04597906588273723,0.04653237927493467,39.60_62.40,4,58.0
39.6,62.79999999999993,14.975291651459877,10.394091363315507,40.3981,-9.49739999999997,7.7323499902503645,6.830145082310162,60.960910000000005,0.00028451005,16.315081139788692,20.68236571657052,251.17583000000002,0.00021890866000000002,1.186131386861314,4,0.04573981649490876,0.046964154165434244,39.60_62.80,4,58.0
39.6,63.19999999999993,15.09236084854017,10.420561770311116,40.73060000000004,-9.853859999999997,8.011882754852738,6.8935661522311475,52.919464,0.00028451005,16.92765734558054,20.323351094885595,203.79252,0.00019365,1.2007299270072993,3,0.045747340832363134,0.04657331531861093,39.60_63.20,3,38.0
39.6,63.59999999999993,15.265310447080315,10.31158790899789,40.41714000000002,-8.97103999999996,8.437840469367755,6.926989539797542,53.754892,0.00031293176,17.292532837466663,19.408149674086207,166.69914,0.00021836683000000002,1.2107664233576643,3,0.04570072281197993,0.04543104662345235,39.60_63.60,3,38.0
39.6,64.0,15.34954212591243,10.177736235971171,40.11294000000004,-7.444680000000005,8.759434187486862,6.9350603125055095,51.029872,0.0003384754,18.28409631365377,19.988105357496757,165.77327000000002,0.00021836683000000002,1.2417883211678833,3,0.04588937485715329,0.04478687303671911,39.60_64.00,3,38.0
40.0,44.0,7.799682062043819,9.863613108418184,34.11758000000003,-23.904029999999977,11.424350987819341,6.449475803005352,49.469293,0.46209436,20.40513513156934,19.599685076181053,182.99318,0.4806946,1.4014598540145986,3,0.034317981256955295,0.04885412415279221,40.00_44.00,3,38.0
40.0,44.4,8.618415437956227,9.678614884954875,35.3168,-19.285859999999985,13.054413774087593,7.089244631173326,41.148503,0.5370941,22.930820790237224,19.02445147207063,166.28438,0.6159895,1.489963503649635,3,0.03490417696222263,0.048834202428129594,40.00_44.40,3,38.0
40.0,44.8,6.616879379562067,9.118083401175678,32.81290000000001,-16.04953999999998,9.213757841751825,5.386645401834142,32.32116,0.5142821,18.828029134698905,18.798163032037237,159.05707999999998,0.5151077,1.2436131386861313,3,0.032032259910852186,0.04622184409329663,40.00_44.80,3,38.0
40.0,45.2,4.913967052919731,8.070291216780952,28.446200000000033,-12.917699999999968,7.465707657125912,4.584823595051252,27.208266,0.08179853,16.65754852265511,17.330015017128186,151.38319,0.08958835,1.147810218978102,2,0.02931507830622719,0.042270953679674386,40.00_45.20,2,20.5
40.0,45.6,2.2274305656934534,7.84869226930153,24.47573,-17.445009999999968,6.09807201519708,4.294421200092746,26.506243,0.029584033,14.502963314997263,16.618854595096067,132.58223,0.031666756,1.0885036496350364,2,0.026030991932723537,0.03681932236961571,40.00_45.60,2,21.48
40.0,45.99999999999999,1.8257765967153516,8.16942115809956,24.138329999999996,-20.537789999999973,5.91723628977281,4.402600920432224,29.179247,0.04220709,13.496287448135037,15.188641475954304,116.42678,0.042294626,1.0894160583941606,2,0.02636847198685219,0.03550694452219651,40.00_46.00,2,22.2
40.0,46.39999999999999,4.160203604014622,7.874724335116916,24.39760000000001,-20.230889999999988,6.8039845207299265,5.015544288110181,30.665685,0.05023622,13.38321970976186,13.242105648630343,106.823315,0.050252705,1.1231751824817517,2,0.028845253673426097,0.03664032020971177,40.00_46.40,2,20.5
40.0,46.79999999999999,8.551914352189804,8.091046846384572,30.078760000000045,-14.710399999999993,8.935118246213504,6.06457137576829,44.60951,0.21006144999999998,15.38086285718978,12.393622590722318,85.13454999999999,0.21981942999999998,1.2180656934306568,3,0.03372593645146898,0.03978402017081505,40.00_46.80,3,38.0
40.0,47.19999999999999,12.316161916058416,8.699220315984403,36.47427000000005,-11.44671999999997,11.052760996265512,7.651605712268434,63.831486,0.0078097869999999995,18.196136625198903,14.231746022191244,78.488775,0.007373828000000001,1.3485401459854014,4,0.040003897589735396,0.044857111561624516,40.00_47.20,4,58.0
40.0,47.59999999999999,13.99525250912411,8.937248038075545,38.40980000000002,-6.849069999999983,12.237107102356752,9.46247458380053,69.30717,0.021068513,19.57671342597354,15.911986114675411,107.33319,0.036136597,1.4297445255474452,4,0.04296951998941606,0.04822518402391715,40.00_47.60,4,58.0
40.0,47.99999999999999,14.1163426642336,8.758082045504606,38.15786000000003,-5.629859999999951,12.224513527137775,9.735239032981797,84.488704,0.031714173,19.72337229692518,16.486996402153192,123.08644,0.031742860000000005,1.4251824817518248,4,0.044295393949434304,0.05012159598366721,40.00_48.00,4,58.0
40.0,48.399999999999984,14.281375410583966,8.582540936946952,38.38930000000005,-4.289499999999975,12.315968407353102,9.624205113859748,85.56787,0.020921029,20.109029052468976,16.589331486728724,119.79137000000001,0.021056296,1.4333941605839415,4,0.045049933577864965,0.05070088667568557,40.00_48.40,4,58.0
40.0,48.79999999999998,13.849874890510973,8.460800897805534,38.199370000000044,-4.493599999999958,11.599641657408759,8.510876176436884,73.17255,0.11704572,19.130916903385035,15.718082744651953,102.74936,0.11704650999999999,1.3987226277372262,4,0.045007317137782846,0.05082604069241278,40.00_48.80,4,58.0
40.0,49.19999999999998,13.795467281021919,7.583756329801634,36.65933000000001,-1.4633199999999533,10.773631812709853,7.719082316486641,55.648492000000005,0.07271654,18.39932223082482,15.761931843236828,115.58711000000001,0.100789294,1.3558394160583942,4,0.04608080584726277,0.051075570583526284,40.00_49.20,4,58.0
40.0,49.59999999999998,14.107678859489074,6.511155905423293,32.19082000000003,1.9159200000000283,9.986203618624089,7.424982605176718,52.033663000000004,0.049950752,18.94075910926095,20.224669265961506,237.84798,0.08730491,1.3184306569343065,3,0.048217482782883216,0.052875908171165886,40.00_49.60,3,38.0
40.0,49.99999999999998,14.194524005474474,6.106194835723066,30.009420000000034,2.6356400000000235,9.252228366126825,7.240918758008749,43.838696,0.029998712,20.237774731274634,28.134765107524554,331.146,0.048738276999999997,1.2764598540145986,4,0.05029554537267336,0.055210748781337526,40.00_50.00,4,58.0
40.0,50.39999999999998,14.319501687956226,6.085028551657071,30.083640000000003,3.1981400000000235,8.445830390709881,7.393203017161786,51.537455,0.00030426833,21.67926371888605,37.07476512836885,430.68516,0.00020915761999999998,1.2582116788321167,6,0.05271992938225365,0.05945995092010946,40.00_50.40,6,97.5
40.0,50.799999999999976,14.572012354014621,5.9795457074365705,30.51284000000004,3.6702999999999975,8.420684829857665,7.756792746840235,64.58422,0.00032698009999999997,23.209785470903824,43.1600860771831,530.5486000000001,0.00023937785,1.2591240875912408,6,0.054287312837390515,0.06332065643725482,40.00_50.80,6,97.5
40.0,51.19999999999997,14.802779105839438,5.862177900710272,30.334130000000016,4.093160000000012,8.396213644219673,7.541536643325031,61.28676,0.00031276922999999996,23.60542749813257,38.686950523321485,451.0895,0.00021155771,1.2627737226277371,6,0.05568453565333941,0.06563292707901631,40.00_51.20,6,97.5
40.0,51.59999999999997,15.024893120437978,5.852230906624168,30.56704000000002,4.164940000000001,8.434418494099809,7.305764963558054,56.337267,0.00030073443,23.90889349429591,33.3822793406169,316.00288,0.00020527926,1.2554744525547445,4,0.05715475647291059,0.06727180961368119,40.00_51.60,4,58.0
40.0,51.99999999999997,15.007348467153307,5.863264584227772,29.567769999999996,3.764060000000029,8.485852895351835,7.1581750010745795,63.646570000000004,0.00030073443,24.293130403688487,30.83803001166448,311.65288,0.00020527926,1.2563868613138687,4,0.05831612771714416,0.07041986238182475,40.00_52.00,4,58.0
40.0,52.39999999999997,14.792424616788344,6.008796591379934,30.97550000000001,3.3138700000000085,8.47601185290241,7.089206061031379,66.30646999999999,0.00031276922999999996,24.282773236588486,30.761213297409224,291.603,0.0004365313,1.2454379562043796,4,0.05863651230946168,0.07262045582166207,40.00_52.40,4,58.0
40.0,52.79999999999997,14.466689635036518,6.689483092382153,33.138570000000016,1.4885800000000131,8.582604904312683,6.962338824570606,56.93087,0.0008691082,23.999834669406297,32.82456699864752,420.1454,0.0011702900999999999,1.2317518248175183,5,0.05794186352883212,0.07296035302948478,40.00_52.80,5,80.0
40.0,53.19999999999997,14.16902164233579,7.903917028754501,35.00332000000003,-1.644399999999962,8.586288187604561,6.873319759948433,81.795726,0.0020486091,24.427376438432027,35.64541235082877,611.07835,0.0021934715,1.2208029197080292,6,0.05659870807179744,0.07022310855071615,40.00_53.20,6,97.5
40.0,53.599999999999966,14.536507408759146,9.61132435525083,40.516999999999996,-7.112279999999998,8.813280281942792,7.0599035998389175,99.84715,0.0025175672999999997,26.04230111177436,38.85380493379931,690.36446,0.002534532,1.2408759124087592,6,0.05669312793989598,0.06896061118697112,40.00_53.60,6,97.5
40.0,53.999999999999964,14.352303923357686,9.874498058772234,40.703520000000026,-8.838840000000005,8.988231964031934,7.103673336817542,107.42886999999999,0.002844417,27.569716375553284,39.70469711036227,702.2677,0.0029892794,1.2618613138686132,6,0.056358509994096716,0.06639651968473861,40.00_54.00,6,97.5
40.0,54.39999999999996,13.487519534671556,10.027237603944645,42.30435,-10.05902999999995,9.244690088084033,6.9309203817179075,100.90444,0.0036118031000000003,30.301083285117247,38.766376558605984,638.1606,0.0048082689999999996,1.282846715328467,6,0.054561743277718976,0.06160852903919711,40.00_54.40,6,97.5
40.0,54.79999999999996,13.434827381386883,10.040618287911027,42.52358000000004,-9.908639999999991,9.753249427305704,7.138038619382915,95.84213,0.00029575805,33.99539699014832,40.828415625817364,574.9268400000001,0.00019981786,1.3385036496350364,6,0.05504582264785584,0.058879147623806805,40.00_54.80,6,97.5
40.0,55.19999999999996,14.434658786496373,10.300887135704246,43.624660000000006,-9.850039999999979,10.163913459127572,7.749236503844683,107.65741,0.00032861582,36.733121430590664,45.079547624550926,591.9471,0.00020468637,1.3877737226277371,6,0.05587495498673358,0.05754684097002739,40.00_55.20,6,97.5
40.0,55.59999999999996,14.43880107664236,10.446743242145828,43.62905000000001,-11.38812999999999,10.905500516729763,8.252430857623088,99.2271,0.00032861582,44.38877447782515,52.96632213991036,520.94106,0.00020468637,1.4507299270072993,6,0.055891532497567516,0.05599809486014775,40.00_55.60,6,97.5
40.0,55.99999999999996,14.150491332116811,10.455076827828126,43.02603000000005,-11.58929999999998,11.163729430926843,8.60474654894854,97.73303,0.00032861582,46.97646788402406,56.6630707585817,542.4995,0.00020468637,1.4844890510948905,6,0.05536548603379015,0.05574571998034479,40.00_56.00,6,97.5
40.0,56.39999999999996,14.315829333941629,10.476927757054002,42.7355,-9.452579999999955,9.60054706646334,7.978931993672789,87.107004,0.00032861582,31.08592753850855,42.68176955893523,479.4549,0.00020468637,1.3248175182481752,6,0.05434806989239507,0.05663102113489207,40.00_56.40,6,97.5
40.0,56.79999999999996,14.75804822992703,10.587274882739049,42.821439999999996,-8.805119999999988,9.18770003521196,8.106167196845632,74.57549,0.00029575805,27.24311031135355,43.817611804242965,506.67285000000004,0.00019981786,1.2937956204379562,6,0.05480017641011861,0.05740991423298348,40.00_56.80,6,97.5
40.0,57.19999999999995,14.859002947080315,10.628185117848393,42.44155000000001,-8.771919999999966,9.062575086545985,7.897245255461277,79.13589400000001,0.00030082984,26.542849283205776,42.871983993605724,531.926,0.00021652526,1.2883211678832116,6,0.054204082323722626,0.055749533010170535,40.00_57.20,6,97.5
40.0,57.59999999999995,14.737882718978124,10.664382589357285,41.98696000000001,-8.815859999999986,8.906300008762555,7.521734587258229,62.43902,0.00030082984,25.689644080280264,40.24499280254015,421.59164000000004,0.00022163087,1.2791970802919708,5,0.05338732779713504,0.05372561603013546,40.00_57.60,5,80.0
40.0,57.99999999999995,14.567461177007322,10.690958587560505,41.35560000000004,-8.834419999999966,8.794520208315967,7.416421212861941,56.853448,0.0005979946,25.209917225159636,38.943930904561576,406.68286,0.00021959366,1.2819343065693432,5,0.052724607082454376,0.052522476658853685,40.00_58.00,5,80.0
40.0,58.39999999999995,14.431614032846738,10.7182412510156,40.961569999999995,-9.530599999999993,8.525810759682674,7.142348892165014,44.933496999999996,0.00029575805,23.485638255104636,34.62103651104281,320.39904,0.00019981786,1.2618613138686132,4,0.051573085760419704,0.05085583405006681,40.00_58.40,4,58.0
40.0,58.79999999999995,14.297845830291994,10.777462651682336,40.74330000000003,-10.399759999999958,8.341119666168074,7.133798801290049,45.819128,0.00029575805,22.652047902916905,33.18298977037288,270.09148,0.00019981786,1.25,4,0.05079349855295621,0.04974356823729677,40.00_58.80,4,58.0
40.0,59.199999999999946,14.163345903284695,10.754480544024288,40.37710000000004,-11.170259999999985,8.106378830270147,6.962510913663398,46.874426,0.00029575805,21.334987491928505,30.615314927324054,245.76969999999997,0.00019981786,1.2344890510948905,3,0.049641933978001825,0.04866233292587255,40.00_59.20,3,38.0
40.0,59.599999999999945,13.978477180656958,10.735776266082256,40.00308000000001,-12.647799999999961,7.897295275292619,6.783687379804938,47.515705000000004,0.00029575805,20.247897878521997,28.370109156835273,244.83703,0.00019981786,1.217153284671533,3,0.04857845219790146,0.047581608531864356,40.00_59.60,3,38.0
40.0,59.99999999999994,13.876602144160605,10.72909441273116,40.42520000000002,-14.135099999999966,7.647858417027938,6.500223082814349,45.313733,0.00029575805,18.864103080163304,25.3643996241855,221.49644,0.00019981786,1.1943430656934306,3,0.04767310258460766,0.04692039307196091,40.00_60.00,3,38.0
40.0,60.39999999999994,13.823750000000024,10.705358065870978,40.606840000000034,-14.083349999999996,7.476303480706314,6.291944670484086,43.376083,0.00029575805,17.857142734954042,23.205527303692666,207.50136,0.00019981786,1.1925182481751824,3,0.0470377695482938,0.04662044499959732,40.00_60.40,3,38.0
40.0,60.79999999999994,13.898579799270097,10.666385278126057,40.356840000000034,-14.567719999999952,7.409220183560337,6.196239631122659,42.0578,0.00029605783,17.36354883510688,22.288032135571964,200.92207,0.00020014692000000001,1.1897810218978102,3,0.04655461275042883,0.04651717014538678,40.00_60.80,3,38.0
40.0,61.19999999999994,13.930197299270095,10.62648017759936,39.84585000000004,-14.798199999999952,7.38197638877166,6.170524933655395,40.792834,0.00028451005,17.000883038695356,21.603108399524736,195.42225,0.00021858931,1.188868613138686,3,0.0460660726885584,0.046177112338446485,40.00_61.20,3,38.0
40.0,61.59999999999994,13.995040419708053,10.597511656334222,40.00063,-13.588229999999953,7.366921045777564,6.283125480557757,45.294772,0.00028451005,16.738691731016825,21.446141504160575,193.3204,0.00021858931,1.1852189781021898,3,0.045639091360009126,0.045609741967228,40.00_61.60,3,38.0
40.0,61.999999999999936,14.156228129562066,10.550425363112584,39.870750000000044,-11.49643999999995,7.3491507214621175,6.390464668048152,56.849903000000005,0.00028451005,16.275226305550547,21.180724878821053,193.76444,0.00021858931,1.176094890510949,4,0.04532716927661496,0.04541826994774683,40.00_62.00,4,58.0
40.0,62.399999999999935,14.307324616788344,10.527799313605435,39.84634,-10.4769,7.410997057364014,6.551866967858586,62.06657,0.00028451005,16.088544153068273,21.663773249537233,232.807,0.00019365,1.176094890510949,4,0.0450625526576551,0.04592904077306736,40.00_62.40,4,58.0
40.0,62.79999999999993,14.40930345802922,10.496360798738461,39.892480000000035,-10.05989999999997,7.509318403238796,6.647910187973674,51.932606,0.0003067923,16.021862808395074,21.629581049936256,222.12243999999998,0.00019365,1.1724452554744527,3,0.04480329914781022,0.04624044836173619,40.00_62.80,3,38.0
40.0,63.19999999999993,14.520812810219,10.475455501262484,40.03408000000002,-10.580420000000004,7.686713591928001,6.6474389784603645,51.810122,0.00030354256,16.080483390895072,20.145878556021227,188.73598,0.00019365,1.177919708029197,3,0.044628452250739054,0.04563133825070123,40.00_63.20,3,38.0
40.0,63.59999999999993,14.722908175182503,10.392165892140472,40.25308000000001,-9.723969999999952,7.907949893121423,6.710101916466982,56.721152,0.00031286226,16.00222998368042,18.963802719364192,177.91246999999998,0.00019365,1.1833941605839415,4,0.044258661727408756,0.0440064649539315,40.00_63.60,4,58.0
40.0,64.0,14.821650492700753,10.242259817110828,39.683250000000044,-7.788430000000005,8.317473646627136,6.805513097169495,53.91391,0.00031286226,16.403010237462453,18.248016401981722,166.43350999999998,0.00021836683000000002,1.2125912408759123,3,0.044151859423786494,0.043543905826556595,40.00_64.00,3,38.0
